rule_id,label,note
1972/04/IMG_0040_2R#4,glyph_stack,лист v_hi
1970/04/IMG_0050_1L#1,glyph_stack,лист v_hi
1972/01/IMG_0032_2R#2,glyph_stack,лист v_hi
1971/03/IMG_0133_1L#2,glyph_stack,лист v_hi
1971/03/IMG_0104_2R#1,glyph_stack,лист v_hi
1973/01/IMG_0035_1L#7,glyph_stack,лист v_hi
1971/11/IMG_0102_2R#0,glyph_stack,лист v_hi
1970/11/IMG_0084_2R#3,glyph_stack,лист v_hi
1972/09/IMG_0128_2R#1,glyph_stack,лист v_hi
1966/02/IMG_0057_2R#1,glyph_stack,лист v_hi
1974/10/IMG_0018_2R#0,glyph_stack,лист v_hi
1974/01/IMG_0018_2R#1,glyph_stack,лист v_hi
1967/05/IMG_0100_2R#0,glyph_stack,лист v_hi
1972/08/IMG_0068_1L#0,glyph_stack,лист v_hi
1971/07/IMG_0052_2R#1,glyph_stack,лист v_hi
1969/10/IMG_0005_1L#1,glyph_stack,лист v_hi
1972/04/IMG_0045_1L#5,glyph_stack,лист v_hi
1973/05/IMG_0102_2R#0,glyph_stack,лист v_hi
1973/09/IMG_0128_1L#2,glyph_stack,лист v_hi
1972/05/IMG_0054_1L#0,glyph_stack,лист v_hi
1969/12/IMG_0104_2R#0,glyph_stack,лист v_hi
1972/07/IMG_0046_1L#6,glyph_stack,лист v_hi
1974/10/IMG_0013_2R#2,glyph_stack,лист v_hi
1972/10/IMG_0043_2R#0,glyph_stack,лист v_hi
1967/06/IMG_0124_1L#3,glyph_stack,лист v_hi
1970/11/IMG_0084_2R#4,glyph_stack,лист v_hi
1971/09/IMG_0143_1L#3,glyph_stack,лист v_hi
1975/09/IMG_0153_2R#0,glyph_stack,лист v_hi
1972/01/IMG_0016_2R#4,glyph_stack,лист v_hi
1973/04/IMG_0019_2R#1,glyph_stack,лист v_hi
1973/01/IMG_0005_2R#0,glyph_stack,лист v_mid
1973/11/IMG_0247_2R#0,glyph_stack,лист v_mid
1973/07/IMG_0043_2R#16,rule,лист v_mid
1973/09/IMG_0108_2R#3,glyph_stack,лист v_mid
1975/05/IMG_0055_1L#4,rule,лист v_mid
1973/08/IMG_0070_2R#5,formula,лист v_mid
1967/09/IMG_0130_1L#1,glyph_stack,лист v_mid
1971/07/IMG_0030_1L#0,glyph_stack,лист v_mid
1975/01/IMG_0029_2R#3,formula,лист v_mid
1974/03/IMG_0142_1L#1,glyph_stack,лист v_mid
1969/04/IMG_0024_1L#0,rule,лист v_mid
1966/05/0110_1L#1,glyph_stack,лист v_mid
1975/04/IMG_0019_2R#4,formula,лист v_mid
1970/12/IMG_0145_1L#1,glyph_stack,лист v_mid
1973/07/IMG_0043_2R#15,rule,лист v_mid
1972/07/IMG_0046_1L#4,glyph_stack,лист v_mid
1971/01/IMG_0016_2R#0,glyph_stack,лист v_mid
1975/07/IMG_0030_1L#1,edge_shadow,лист v_mid
1966/05/0020_2R#2,glyph_stack,лист v_mid
1973/07/IMG_0026_2R#3,formula,лист v_mid
1966/03/IMG_0126_1L#1,glyph_stack,лист v_mid
1973/01/IMG_0027_1L#2,glyph_stack,лист v_mid
1976/08/IMG_0100_1L#2,glyph_stack,лист v_mid
1976/07/IMG_0052_2R#1,glyph_stack,лист v_mid
1971/03/IMG_0104_2R#2,glyph_stack,лист v_mid
1971/03/IMG_0104_2R#0,glyph_stack,лист v_mid
1972/07/IMG_0046_1L#0,glyph_stack,лист v_mid
1972/01/IMG_0044_1L#1,glyph_stack,лист v_mid
1969/08/IMG_0099_2R#0,glyph_stack,лист v_mid
1975/10/IMG_0024_1L#2,edge_shadow,лист v_low
1966/04/IMG_0045_1L#0,rule,лист v_low
1976/04/IMG_0041_1L#1,edge_shadow,лист v_low
1976/01/IMG_0006_1L#1,edge_shadow,лист v_low
1975/12/IMG_0142_2R#2,rule,лист v_low; спорно: тонкая линия у кромки листа
1976/08/IMG_0055_1L#3,edge_shadow,лист v_low
1976/01/IMG_0008_1L#2,edge_shadow,лист v_low
1976/04/IMG_0022_1L#1,edge_shadow,лист v_low
1976/06/IMG_0105_1L#5,edge_shadow,лист v_low
1975/04/IMG_0049_2R#2,edge_shadow,лист v_low
1972/09/IMG_0105_1L#4,edge_shadow,лист v_low
1968/09/IMG_0136_2R#1,rule,лист v_low
1975/04/IMG_0050_2R#0,edge_shadow,лист v_low
1976/09/IMG_0104_2R#4,edge_shadow,лист v_low
1976/02/IMG_0095_2R#1,edge_shadow,лист v_low
1976/04/IMG_0024_1L#1,edge_shadow,лист v_low
1975/06/IMG_0134_2R#2,edge_shadow,лист v_low
1976/11/0130_1L#1,edge_shadow,лист v_low
1976/04/IMG_0022_1L#2,edge_shadow,лист v_low
1976/01/IMG_0016_1L#1,edge_shadow,лист v_low
1975/07/IMG_0032_1L#1,edge_shadow,лист v_low
1974/07/IMG_0050_1L#2,edge_shadow,лист v_low
1975/04/IMG_0052_1L#3,edge_shadow,лист v_low
1976/04/IMG_0041_1L#2,edge_shadow,лист v_low
1975/07/IMG_0046_1L#1,edge_shadow,лист v_low
1975/04/IMG_0022_1L#1,edge_shadow,лист v_low
1976/08/IMG_0097_2R#1,edge_shadow,лист v_low
1976/01/IMG_0008_1L#1,edge_shadow,лист v_low
1975/05/IMG_0055_1L#6,edge_shadow,лист v_low
1970/04/IMG_0017_2R#0,edge_shadow,лист v_low
1967/03/IMG_0149_2R#1,handwriting,лист v_zero
1975/01/IMG_0030_1L#1,edge_shadow,лист v_zero
1975/08/IMG_0097_1L#2,edge_shadow,лист v_zero
1971/09/IMG_0118_2R#0,rule,лист v_zero
1969/10/IMG_0028_2R#0,rule,лист v_zero
1975/03/IMG_0150_2R#1,edge_shadow,лист v_zero
1968/02/IMG_0100_1L#1,rule,лист v_zero
1976/08/IMG_0090_1L#2,edge_shadow,лист v_zero
1971/06/IMG_0137_1L#1,rule,лист v_zero
1967/02/IMG_0095_2R#5,rule,лист v_zero
1968/12/IMG_0137_1L#1,rule,лист v_zero
1971/08/IMG_0080_1L#0,rule,лист v_zero
1966/06/IMG_0120_1L#0,rule,лист v_zero
1972/01/IMG_0011_1L#0,edge_shadow,лист v_zero
1973/04/IMG_0036_2R#3,formula,лист v_zero
1975/08/IMG_0071_2R#1,edge_shadow,лист v_zero
1973/07/IMG_0026_1L#1,formula,лист v_zero
1973/07/IMG_0035_2R#5,formula,лист v_zero
1975/07/IMG_0011_1L#2,edge_shadow,лист v_zero
1970/01/IMG_0039_1L#0,rule,лист v_zero
1966/01/IMG_0051_2R#1,rule,лист v_zero
1967/10/IMG_0047_2R#1,rule,лист v_zero
1971/09/IMG_0137_2R#0,rule,лист v_zero
1976/09/IMG_0121_1L#1,edge_shadow,лист v_zero
1975/09/IMG_0139_2R#1,rule,лист v_zero
1976/07/IMG_0050_2R#1,edge_shadow,лист v_zero
1972/11/IMG_0073_1L#2,rule,лист v_zero
1971/11/IMG_0078_1L#0,rule,лист v_zero
1966/06/IMG_0148_1L#0,rule,лист v_zero
1969/11/IMG_0081_2R#4,formula,лист v_zero
1975/04/IMG_0008_1L#2,edge_shadow,лист v_shadow
1975/11/IMG_0092_1L#0,edge_shadow,лист v_shadow
1967/12/IMG_0143_2R#1,edge_shadow,лист v_shadow
1975/11/IMG_0071_1L#1,rule,лист v_shadow
1976/04/IMG_0005_1L#5,edge_shadow,лист v_shadow
1976/06/IMG_0124_2R#2,edge_shadow,лист v_shadow
1976/02/IMG_0099_1L#2,edge_shadow,лист v_shadow
1974/04/IMG_0004_1L#0,other,лист v_shadow
1976/10/0530_1L#2,edge_shadow,лист v_shadow
1975/02/IMG_0075_1L#1,rule,лист v_shadow
1975/08/IMG_0101_2R#2,edge_shadow,лист v_shadow
1976/02/IMG_0102_2R#0,edge_shadow,лист v_shadow
1976/08/IMG_0084_2R#1,edge_shadow,лист v_shadow
1975/10/IMG_0014_1L#1,edge_shadow,лист v_shadow
1967/11/IMG_0063_1L#1,edge_shadow,лист v_shadow
1975/04/IMG_0005_1L#5,edge_shadow,лист v_shadow
1976/01/IMG_0020_1L#1,edge_shadow,лист v_shadow
1976/06/IMG_0138_2R#1,edge_shadow,лист v_shadow
1975/07/IMG_0011_1L#1,edge_shadow,лист v_shadow
1975/03/IMG_0114_1L#1,edge_shadow,лист v_shadow
1975/04/IMG_0049_2R#3,edge_shadow,лист v_shadow
1976/07/IMG_0050_1L#2,edge_shadow,лист v_shadow
1975/02/IMG_0086_1L#1,edge_shadow,лист v_shadow
1975/08/IMG_0100_2R#0,rule,лист v_shadow
1969/01/IMG_0041_1L#1,glyph_row,лист h_hi
1975/01/IMG_0043_2R#0,glyph_row,лист h_hi
1973/01/IMG_0035_1L#2,glyph_row,лист h_hi
1971/06/IMG_0113_1L#0,glyph_row,лист h_hi
1968/01/IMG_0052_2R#0,glyph_row,лист h_hi
1971/11/IMG_0095_2R#1,glyph_row,лист h_hi
1972/04/IMG_0044_2R#1,glyph_row,лист h_hi
1976/01/IMG_0040_1L#1,glyph_row,лист h_hi
1975/03/IMG_0121_2R#1,glyph_row,лист h_hi
1971/09/IMG_0143_1L#1,glyph_row,лист h_hi
1973/12/IMG_0281_2R#2,glyph_row,лист h_hi
1971/07/IMG_0026_2R#3,glyph_row,лист h_hi
1971/04/IMG_0036_2R#0,glyph_row,лист h_hi
1972/12/IMG_0127_2R#2,glyph_row,лист h_hi
1976/06/IMG_0105_2R#0,glyph_row,лист h_hi
1973/02/IMG_0076_2R#1,glyph_row,лист h_hi
1967/10/IMG_0013_2R#2,glyph_row,лист h_hi
1968/05/IMG_0054_1L#0,glyph_row,лист h_hi
1972/11/IMG_0078_2R#0,glyph_row,лист h_hi
1974/08/IMG_0097_2R#3,glyph_row,лист h_hi
1966/02/IMG_0081_1L#5,glyph_row,лист h_hi
1972/03/IMG_0135_2R#2,glyph_row,лист h_hi
1970/06/IMG_0132_1L#7,glyph_row,лист h_hi
1966/04/IMG_0028_2R#1,glyph_row,лист h_hi
1974/08/IMG_0096_2R#0,glyph_row,лист h_hi
1968/02/IMG_0098_2R#0,glyph_row,лист h_hi
1973/06/IMG_0144_1L#2,glyph_row,лист h_hi
1973/07/IMG_0022_1L#1,glyph_row,лист h_hi
1974/07/IMG_0005_2R#2,glyph_row,лист h_hi
1968/06/IMG_0115_2R#0,glyph_row,лист h_hi
1969/01/IMG_0017_1L#1,formula,лист h_mid
1969/01/IMG_0010_1L#2,formula,лист h_mid
1969/06/IMG_0113_2R#10,formula,лист h_mid
1976/04/IMG_0019_2R#2,formula,лист h_mid
1975/07/IMG_0033_1L#1,formula,лист h_mid
1969/06/IMG_0134_1L#8,formula,лист h_mid
1972/03/IMG_0134_2R#0,formula,лист h_mid
1969/06/IMG_0113_2R#8,formula,лист h_mid
1974/08/IMG_0099_1L#0,glyph_row,лист h_mid
1973/12/IMG_0286_2R#1,glyph_row,лист h_mid
1972/02/IMG_0080_1L#1,glyph_row,лист h_mid
1968/07/IMG_0024_2R#0,glyph_row,лист h_mid
1973/08/IMG_0082_2R#1,glyph_row,лист h_mid
1976/05/IMG_0072_1L#1,formula,лист h_mid
1969/01/IMG_0010_1L#3,formula,лист h_mid
1969/01/IMG_0019_1L#0,formula,лист h_mid
1969/01/IMG_0010_2R#6,formula,лист h_mid
1966/05/0160_2R#0,formula,лист h_mid
1966/01/IMG_0034_2R#2,handwriting,лист h_mid; карандашное подчёркивание под «10 раз»
1969/01/IMG_0010_2R#5,formula,лист h_mid
1970/05/IMG_0058_1L#0,glyph_row,лист h_mid
1969/06/IMG_0135_1L#0,formula,лист h_mid
1967/08/IMG_0072_1L#0,glyph_row,лист h_mid
1976/04/IMG_0033_2R#1,glyph_row,лист h_mid
1976/12/0130_1L#5,formula,лист h_mid
1969/01/IMG_0010_2R#2,formula,лист h_mid
1969/01/IMG_0010_2R#0,formula,лист h_mid
1970/10/IMG_0020_2R#0,formula,лист h_mid
1972/05/IMG_0087_1L#0,glyph_row,лист h_mid
1972/01/IMG_0037_1L#0,glyph_row,лист h_mid
1970/06/IMG_0134_1L#2,rule,лист h_low
1969/12/IMG_0130_2R#0,glyph_row,лист h_low
1975/03/IMG_0130_1L#0,rule,лист h_low
1966/02/IMG_0076_2R#0,rule,лист h_low
1973/11/IMG_0214_1L#0,rule,лист h_low
1975/11/IMG_0102_1L#1,rule,лист h_low
1972/11/IMG_0069_1L#5,formula,лист h_low
1968/03/IMG_0139_1L#0,formula,лист h_low
1972/08/IMG_0055_1L#0,rule,лист h_low
1976/07/IMG_0027_2R#0,rule,лист h_low
1974/04/IMG_0013_2R#0,rule,лист h_low
1976/04/IMG_0052_1L#1,rule,лист h_low
1970/12/IMG_0149_2R#1,handwriting,лист h_low
1973/02/IMG_0075_2R#1,formula,лист h_low
1974/11/IMG_0097_1L#0,rule,лист h_low
1976/04/IMG_0030_2R#1,glyph_row,лист h_low
1969/06/IMG_0145_2R#0,glyph_row,лист h_low
1974/06/IMG_0124_2R#0,rule,лист h_low
1976/10/0140_2R#2,formula,лист h_low
1968/03/IMG_0136_2R#2,handwriting,лист h_low
1971/08/IMG_0087_2R#0,formula,лист h_low
1975/02/IMG_0097_1L#0,rule,лист h_low
1971/01/IMG_0016_1L#0,rule,лист h_low
1969/06/IMG_0134_1L#1,formula,лист h_low
1966/01/IMG_0052_1L#1,rule,лист h_low
1976/10/0500_1L#1,glyph_row,лист h_low
1976/04/IMG_0049_2R#1,rule,лист h_low
1969/12/IMG_0124_2R#0,rule,лист h_low
1972/11/IMG_0056_1L#0,rule,лист h_low
1975/07/IMG_0050_2R#1,rule,лист h_low
1967/04/IMG_0044_2R#0,rule,лист h_zero
1973/09/IMG_0148_2R#0,rule,лист h_zero
1976/05/IMG_0068_2R#1,rule,лист h_zero
1970/04/IMG_0026_1L#0,rule,лист h_zero
1972/06/IMG_0146_1L#5,handwriting,лист h_zero
1972/04/IMG_0004_2R#2,rule,лист h_zero
1974/01/IMG_0027_1L#1,formula,лист h_zero
1974/02/IMG_0092_2R#1,rule,лист h_zero
1972/11/IMG_0086_1L#0,rule,лист h_zero
1973/09/IMG_0146_2R#2,rule,лист h_zero
1976/10/0140_2R#3,formula,лист h_zero
1971/06/IMG_0144_1L#0,rule,лист h_zero
1975/11/IMG_0094_1L#1,rule,лист h_zero
1968/11/IMG_0093_2R#0,rule,лист h_zero
1973/02/IMG_0055_2R#0,rule,лист h_zero
1976/09/IMG_0109_1L#1,rule,лист h_zero
1976/01/IMG_0021_2R#0,rule,лист h_zero
1973/09/IMG_0123_2R#1,rule,лист h_zero
1976/10/0530_1L#1,rule,лист h_zero
1973/03/IMG_0105_1L#1,rule,лист h_zero
1966/06/IMG_0145_2R#0,rule,лист h_zero
1966/05/0220_2R#0,rule,лист h_zero
1976/05/IMG_0076_1L#5,rule,лист h_zero
1974/07/IMG_0048_2R#2,rule,лист h_zero
1971/02/IMG_0057_1L#0,rule,лист h_zero
1966/03/IMG_0118_2R#0,rule,лист h_zero
1973/09/IMG_0140_1L#0,rule,лист h_zero
1971/04/IMG_0019_2R#0,rule,лист h_zero
1971/10/IMG_0023_2R#1,rule,лист h_zero
1973/12/IMG_0280_1L#1,rule,лист h_zero
1967/06/IMG_0123_1L#0,formula,лист formula
1971/05/IMG_0067_2R#5,formula,лист formula
1971/12/IMG_0142_1L#3,formula,лист formula
1972/11/IMG_0069_1L#11,formula,лист formula
1970/05/IMG_0089_1L#0,formula,лист formula
1971/05/IMG_0067_2R#2,formula,лист formula
1972/03/IMG_0135_1L#1,formula,лист formula
1970/05/IMG_0071_1L#2,formula,лист formula
1973/09/IMG_0136_1L#1,formula,лист formula
1968/07/IMG_0017_2R#0,formula,лист formula
1975/01/IMG_0029_2R#2,formula,лист formula
1969/11/IMG_0063_2R#0,formula,лист formula
1972/07/IMG_0019_1L#0,formula,лист formula
1971/05/IMG_0068_1L#0,formula,лист formula
1973/07/IMG_0027_1L#1,formula,лист formula
1975/06/IMG_0128_1L#1,formula,лист formula
1970/05/IMG_0072_1L#1,formula,лист formula
1974/10/IMG_0016_1L#5,formula,лист formula
1971/05/IMG_0067_2R#7,formula,лист formula
1971/08/IMG_0068_1L#0,formula,лист formula
1971/01/IMG_0014_2R#0,formula,лист formula
1974/12/IMG_0138_1L#3,formula,лист formula
1976/10/0140_2R#1,formula,лист formula
1966/03/IMG_0143_2R#3,formula,лист formula
1974/03/IMG_0144_1L#2,formula,лист formula
1973/08/IMG_0070_2R#4,formula,лист formula
