год,pdf,картинок,фактический DPI,медиана DPI,JFIF DPI,JFIF совпадает с фактическим
1931,1931/01.pdf,158,300,300.0,300x300,да
1931,1931/02-03.pdf,159,300,300.0,300x300,да
1931,1931/04.pdf,121,300,300.0,300x300,да
1931,1931/05-06.pdf,129,300,300.0,300x300,да
1932,1932/01.pdf,166,300,300.0,300x300,да
1932,1932/02.pdf,126,300,300.0,300x300,да
1932,1932/03.pdf,126,300,300.0,300x300,да
1932,1932/04.pdf,128,300,300.0,300x300,да
1932,1932/05.pdf,106,300,300.0,300x300,да
1932,1932/06-07.pdf,165,300,300.0,300x300,да
1933,1933/01-02.pdf,118,300,300.0,300x300,да
1933,1933/03.pdf,89,300,300.0,300x300,да
1933,1933/04.pdf,114,300,300.0,300x300,да
1933,1933/05-06.pdf,145,300,300.0,300x300,да
1933,1933/07-08.pdf,108,300,300.0,300x300,да
1934,1934/01.pdf,148,300,300.0,300x300,да
1934,1934/02.pdf,133,300,300.0,300x300,да
1934,1934/03.pdf,140,300,300.0,300x300,да
1934,1934/04.pdf,126,300,300.0,300x300,да
1934,1934/05-06.pdf,118,300,300.0,300x300,да
1934,1934/07.pdf,130,300,300.0,300x300,да
1934,1934/08-09.pdf,121,300,300.0,300x300,да
1934,1934/10.pdf,123,300,300.0,300x300,да
1934,1934/11.pdf,129,300,300.0,300x300,да
1934,1934/12.pdf,119,300,300.0,300x300,да
1935,1935/01.pdf,134,300,300.0,300x300,да
1935,1935/02.pdf,130,300,300.0,300x300,да
1935,1935/03.pdf,115,300,300.0,300x300,да
1935,1935/04.pdf,120,300,300.0,300x300,да
1935,1935/05.pdf,114,300,300.0,300x300,да
1935,1935/06.pdf,95,300,300.0,300x300,да
1935,1935/07.pdf,117,300,300.0,300x300,да
1935,1935/08.pdf,121,300,300.0,300x300,да
1935,1935/09.pdf,114,300,300.0,300x300,да
1935,1935/10.pdf,126,300,300.0,300x300,да
1935,1935/11-12.pdf,124,300,300.0,300x300,да
1936,1936/01.pdf,101,300,300.0,300x300,да
1936,1936/02.pdf,147,300,300.0,300x300,да
1936,1936/03.pdf,110,300,300.0,300x300,да
1936,1936/04.pdf,119,300,300.0,300x300,да
1936,1936/05.pdf,106,300,300.0,300x300,да
1936,1936/06.pdf,122,300,300.0,300x300,да
1936,1936/07.pdf,131,300,300.0,300x300,да
1936,1936/08.pdf,130,300,300.0,300x300,да
1936,1936/09-10.pdf,123,300,300.0,300x300,да
1936,1936/11.pdf,120,300,300.0,300x300,да
1936,1936/12.pdf,95,300,300.0,300x300,да
1937,1937/01.pdf,114,300,300.0,300x300,да
1937,1937/02.pdf,108,300,300.0,300x300,да
1937,1937/03.pdf,126,300,300.0,300x300,да
1937,1937/04.pdf,102,300,300.0,300x300,да
1937,1937/05-06.pdf,82,300,300.0,300x300,да
1937,1937/07.pdf,97,300,300.0,300x300,да
1937,1937/08.pdf,113,300,300.0,300x300,да
1937,1937/09-10.pdf,97,300,300.0,300x300,да
1937,1937/11-12.pdf,98,300,300.0,300x300,да
1938,1938/01.pdf,89,300,300.0,300x300,да
1938,1938/02.pdf,103,300,300.0,300x300,да
1938,1938/03.pdf,94,300,300.0,300x300,да
1938,1938/04.pdf,98,300,300.0,300x300,да
1938,1938/05.pdf,90,150,150.0,150x150,да
1938,1938/06.pdf,89,300,300.0,300x300,да
1938,1938/07.pdf,86,300,300.0,300x300,да
1938,1938/08.pdf,87,300,300.0,300x300,да
1938,1938/09.pdf,84,150,150.0,150x150,да
1938,1938/10.pdf,84,300,300.0,300x300,да
1938,1938/11.pdf,95,300,300.0,300x300,да
1938,1938/12.pdf,100,300,300.0,300x300,да
1939,1939/01.pdf,89,300,300.0,300x300,да
1939,1939/02.pdf,91,300,300.0,300x300,да
1939,1939/03.pdf,96,300,300.0,300x300,да
1939,1939/04.pdf,98,300,300.0,300x300,да
1939,1939/05.pdf,96,300,300.0,300x300,да
1939,1939/06.pdf,98,300,300.0,300x300,да
1939,1939/07.pdf,88,300,300.0,300x300,да
1939,1939/08.pdf,98,300,300.0,300x300,да
1939,1939/09.pdf,92,300,300.0,300x300,да
1939,1939/10.pdf,85,300,300.0,300x300,да
1939,1939/11.pdf,85,300,300.0,300x300,да
1939,1939/12.pdf,77,300,300.0,300x300,да
1940,1940/02.pdf,64,300,300.0,300x300,да
1940,1940/05.pdf,66,300,300.0,300x300,да
1940,1940/06.pdf,65,300,300.0,300x300,да
1940,1940/07.pdf,66,300,300.0,300x300,да
1940,1940/08.pdf,66,300,300.0,300x300,да
1940,1940/09.pdf,66,300,299.9,300x300,да
1940,1940/10.pdf,66,300,300.0,300x300,да
1940,1940/11.pdf,66,300,300.0,300x300,да
1941,1941/01.pdf,59,300,300.0,300x300,да
1941,1941/03.pdf,66,300,300.0,300x300,да
1941,1941/04.pdf,62,300,300.0,300x300,да
1941,1941/05.pdf,66,300,300.0,300x300,да
1941,1941/06-07.pdf,64,300,300.0,300x300,да
1944,1944/01.pdf,50,300,300.0,300x300,да
1944,1944/02.pdf,50,300,300.0,300x300,да
1944,1944/03.pdf,50,300,300.0,300x300,да
1945,1945/01.pdf,50,300,300.0,300x300,да
1945,1945/02.pdf,51,300,300.0,300x300,да
1945,1945/03.pdf,50,300,300.0,300x300,да
1945,1945/04.pdf,51,300,300.0,300x300,да
1945,1945/05.pdf,50,300,300.0,300x300,да
1945,1945/06.pdf,50,300,300.0,300x300,да
1946,1946/02.pdf,82,300,300.0,300x300,да
1947,1947/01.pdf,50,300,300.0,300x300,да
1947,1947/02.pdf,50,300,300.0,300x300,да
1947,1947/03.pdf,50,300,299.9,300x300,да
1947,1947/04.pdf,50,300,300.1,300x300,да
1947,1947/05.pdf,52,300,300.0,300x300,да
1947,1947/06.pdf,50,300,300.0,300x300,да
1948,1948/01.pdf,49,300,300.0,300x300,да
1948,1948/02.pdf,50,300,300.0,300x300,да
1948,1948/03.pdf,50,300,300.0,300x300,да
1948,1948/04.pdf,50,300,300.0,300x300,да
1948,1948/05.pdf,50,300,300.0,300x300,да
1948,1948/06.pdf,50,300,300.0,300x300,да
1949,1949/01.pdf,50,300,300.0,300x300,да
1949,1949/02.pdf,50,300,300.0,300x300,да
1949,1949/03.pdf,50,300,300.0,300x300,да
1949,1949/04.pdf,50,300,300.0,300x300,да
1949,1949/05.pdf,50,300,300.0,300x300,да
1949,1949/06.pdf,51,300,300.0,300x300,да
1950,1950/01.pdf,50,300,300.0,300x300,да
1950,1950/02.pdf,50,300,300.0,300x300,да
1950,1950/03.pdf,50,300,300.0,300x300,да
1950,1950/04.pdf,50,300 (300–600),300.0,"300x300 (49), 600x600 (1)",да
1950,1950/05.pdf,50,300,300.0,300x300,да
1950,1950/06.pdf,50,300,300.0,300x300,да
1951,1951/01.pdf,50,300,300.0,300x300,да
1951,1951/02.pdf,50,300,300.0,300x300,да
1951,1951/03.pdf,50,300,300.0,300x300,да
1951,1951/04.pdf,50,300,300.0,300x300,да
1951,1951/05.pdf,50,300,300.0,300x300,да
1951,1951/06.pdf,50,300,300.0,300x300,да
1952,1952/01.pdf,50,300,300.0,300x300,да
1952,1952/02.pdf,50,300,300.0,300x300,да
1952,1952/03.pdf,50,300,300.0,300x300,да
1952,1952/04.pdf,50,300,300.0,300x300,да
1952,1952/05.pdf,50,300,300.0,300x300,да
1952,1952/06.pdf,50,300,300.0,300x300,да
1953,1953/01.pdf,50,300,300.0,300x300,да
1953,1953/02.pdf,50,300,300.0,300x300,да
1953,1953/03.pdf,50,300,300.0,300x300,да
1953,1953/04.pdf,50,300,300.0,300x300,да
1953,1953/05.pdf,50,300,300.0,300x300,да
1953,1953/06.pdf,50,300,300.0,300x300,да
1954,1954/01.pdf,50,300,300.0,300x300,да
1954,1954/02.pdf,50,300,300.0,300x300,да
1954,1954/03.pdf,50,300,300.0,300x300,да
1954,1954/04.pdf,50,300,300.1,300x300,да
1954,1954/05.pdf,11,300,300.1,300x300,да
1954,1954/06.pdf,50,300,300.0,300x300,да
1955,1955/01.pdf,50,300,300.0,300x300,да
1955,1955/02.pdf,50,300 (300–600),300.0,"300x300 (49), 600x600 (1)",да
1955,1955/03.pdf,50,300,300.0,300x300,да
1955,1955/04.pdf,50,300,300.0,300x300,да
1955,1955/05.pdf,50,300,300.0,300x300,да
1955,1955/06.pdf,50,300,300.0,300x300,да
1956,1956/01.pdf,50,300,300.0,300x300,да
1956,1956/02.pdf,50,300,300.0,300x300,да
1956,1956/03.pdf,50,300,300.0,300x300,да
1956,1956/04.pdf,50,300,300.0,300x300,да
1956,1956/05.pdf,50,300,300.0,300x300,да
1956,1956/06.pdf,50,300,300.0,300x300,да
1957,1957/01.pdf,50,300,300.0,300x300,да
1957,1957/02.pdf,50,300,300.0,300x300,да
1957,1957/03.pdf,50,300,300.0,300x300,да
1957,1957/04.pdf,50,300,300.0,300x300,да
1957,1957/06.pdf,50,300,300.0,300x300,да
1957,1957/07.pdf,50,300,300.0,300x300,да
1957,1957/08.pdf,50,300,300.0,300x300,да
1957,1957/09.pdf,50,300,300.0,300x300,да
1957,1957/10.pdf,50,300,300.0,300x300,да
1957,1957/11.pdf,50,300,300.0,300x300,да
1958,1958/01.pdf,50,300,300.0,300x300,да
1958,1958/02.pdf,50,300,300.0,300x300,да
1958,1958/03.pdf,50,300,300.0,300x300,да
1958,1958/04.pdf,50,300,300.0,300x300,да
1959,1959/01.pdf,50,200,200.0,200x200,да
1959,1959/02.pdf,50,200,200.0,200x200,да
1959,1959/03.pdf,50,200,200.0,200x200,да
1959,1959/04.pdf,50,200,200.0,200x200,да
1959,1959/05.pdf,50,200,200.0,200x200,да
1959,1959/06.pdf,50,200,200.0,200x200,да
1959,1959/07.pdf,50,200,200.0,200x200,да
1959,1959/08.pdf,50,200,200.0,200x200,да
1959,1959/09.pdf,50,200,200.0,200x200,да
1959,1959/10.pdf,50,200,200.0,200x200,да
1959,1959/11.pdf,50,200,200.0,200x200,да
1959,1959/12.pdf,50,200,200.0,200x200,да
1960,1960/01.pdf,50,200,200.0,200x200,да
1960,1960/02.pdf,50,200,200.0,200x200,да
1960,1960/03.pdf,50,200,200.0,200x200,да
1960,1960/04.pdf,51,200,200.0,200x200,да
1960,1960/05.pdf,50,200,200.0,200x200,да
1960,1960/06.pdf,50,200,200.0,200x200,да
1960,1960/07.pdf,50,200,200.0,200x200,да
1960,1960/08.pdf,50,200,200.0,200x200,да
1960,1960/09.pdf,50,200,200.0,200x200,да
1960,1960/10.pdf,50,200,200.0,200x200,да
1960,1960/11.pdf,50,200,200.0,200x200,да
1960,1960/12.pdf,50,200,200.0,200x200,да
1961,1961/01.pdf,50,300,300.0,300x300,да
1961,1961/02.pdf,50,300,300.0,300x300,да
1961,1961/03.pdf,50,300,300.0,300x300,да
1961,1961/04.pdf,50,300,300.0,300x300,да
1961,1961/05.pdf,50,300,300.0,300x300,да
1961,1961/06.pdf,50,300,300.0,300x300,да
1961,1961/07.pdf,52,300,300.0,300x300,да
1961,1961/08.pdf,50,300,300.0,300x300,да
1961,1961/09.pdf,50,300,300.0,300x300,да
1961,1961/10.pdf,50,300,300.0,300x300,да
1961,1961/11.pdf,50,300,300.0,300x300,да
1961,1961/12.pdf,50,300,300.0,300x300,да
1962,1962/01.pdf,50,300,300.0,300x300,да
1962,1962/02.pdf,50,300,300.0,300x300,да
1962,1962/03.pdf,50,300,300.0,300x300,да
1962,1962/04.pdf,50,300,300.0,300x300,да
1962,1962/05.pdf,50,300,300.0,300x300,да
1962,1962/06.pdf,50,300,300.0,300x300,да
1962,1962/07.pdf,50,300,300.0,300x300,да
1962,1962/08.pdf,50,300,300.0,300x300,да
1962,1962/09.pdf,50,300,300.1,300x300,да
1962,1962/10.pdf,50,300,300.0,300x300,да
1962,1962/11.pdf,51,300,300.0,300x300,да
1962,1962/12.pdf,50,300,300.0,300x300,да
1963,1963/01.pdf,50,300,300.0,300x300,да
1963,1963/02.pdf,50,301 (300–314),301.1,нет JFIF,—
1963,1963/03.pdf,50,300,300.0,300x300,да
1963,1963/04.pdf,50,300,300.0,300x300,да
1963,1963/05.pdf,50,300,300.0,300x300,да
1963,1963/06.pdf,50,300,300.0,300x300,да
1963,1963/07.pdf,50,300,300.0,300x300,да
1963,1963/08.pdf,50,300,300.0,300x300,да
1963,1963/09.pdf,50,300,300.0,300x300,да
1963,1963/10.pdf,50,300,300.0,300x300,да
1963,1963/11.pdf,50,300,300.0,300x300,да
1963,1963/12.pdf,50,300,300.0,300x300,да
1964,1964/01.pdf,50,300,300.0,300x300,да
1964,1964/02.pdf,50,300,300.0,300x300,да
1964,1964/03.pdf,50,300,300.0,300x300,да
1964,1964/04.pdf,50,300,300.0,300x300,да
1964,1964/05.pdf,50,301 (300–312),300.8,нет JFIF,—
1964,1964/06.pdf,50,300,300.0,300x300,да
1964,1964/07.pdf,50,300,300.0,300x300,да
1964,1964/08.pdf,50,300,300.0,300x300,да
1964,1964/09.pdf,50,300,300.0,300x300,да
1964,1964/10.pdf,50,300,300.0,300x300,да
1964,1964/11.pdf,50,300,300.0,300x300,да
1964,1964/12.pdf,50,300,300.0,300x300,да
1965,1965/01.pdf,50,300,300.0,300x300,да
1965,1965/02.pdf,50,300,300.0,300x300,да
1965,1965/03.pdf,50,300,300.0,300x300,да
1965,1965/04.pdf,50,300,300.0,300x300,да
1965,1965/05.pdf,50,301 (300–309),300.8,нет JFIF,—
1965,1965/06.pdf,50,300,300.0,300x300,да
1965,1965/07.pdf,50,300,300.0,300x300,да
1965,1965/08.pdf,50,300,300.0,300x300,да
1965,1965/09.pdf,50,300,300.0,300x300,да
1965,1965/10.pdf,50,400,400.0,400x400,да
1965,1965/11.pdf,50,400,400.0,400x400,да
1965,1965/12.pdf,50,400,400.0,400x400,да
1966,1966/01.pdf,50,400,400.0,400x400,да
1966,1966/02.pdf,50,400,400.0,400x400,да
1966,1966/03.pdf,50,400,400.0,400x400,да
1966,1966/04.pdf,50,300 (300–400),300.0,"300x300 (46), 400x400 (4)",да
1966,1966/05.pdf,50,300,300.0,300x300,да
1966,1966/06.pdf,50,300,300.0,300x300,да
1966,1966/07.pdf,50,300,300.0,300x300,да
1966,1966/08.pdf,50,300,300.0,300x300,да
1966,1966/09.pdf,50,300,300.0,300x300,да
1966,1966/10.pdf,50,300,300.0,300x300,да
1966,1966/11.pdf,50,300,300.0,300x300,да
1966,1966/12.pdf,50,300,300.0,300x300,да
1967,1967/01.pdf,50,300,300.0,300x300,да
1967,1967/02.pdf,50,300,300.0,300x300,да
1967,1967/03.pdf,50,301 (300–307),300.6,нет JFIF,—
1967,1967/04.pdf,50,301 (300–308),300.9,нет JFIF,—
1967,1967/05.pdf,50,300,300.0,300x300,да
1967,1967/06.pdf,50,300,300.0,300x300,да
1967,1967/07.pdf,50,300,300.0,300x300,да
1967,1967/08.pdf,50,300,300.0,300x300,да
1967,1967/09.pdf,50,300,300.0,300x300,да
1967,1967/10.pdf,50,300,300.0,300x300,да
1967,1967/11.pdf,50,300,300.0,300x300,да
1967,1967/12.pdf,50,300,300.0,300x300,да
1968,1968/01.pdf,50,301 (300–309),300.8,нет JFIF,—
1968,1968/02.pdf,50,300,300.0,300x300,да
1968,1968/03.pdf,50,300,300.0,300x300,да
1968,1968/04.pdf,50,300,300.0,300x300,да
1968,1968/05.pdf,50,300,300.0,300x300,да
1968,1968/06.pdf,50,300,300.0,300x300,да
1968,1968/07.pdf,50,301 (300–312),300.9,нет JFIF,—
1968,1968/08.pdf,50,301 (300–312),300.8,нет JFIF,—
1968,1968/09.pdf,50,300 (300–310),300.4,нет JFIF,—
1968,1968/10.pdf,50,300,300.0,300x300,да
1968,1968/11.pdf,50,300,300.0,300x300,да
1968,1968/12.pdf,50,300,300.0,300x300,да
1969,1969/01.pdf,50,300,300.0,300x300,да
1969,1969/02.pdf,50,300,300.0,300x300,да
1969,1969/03.pdf,50,300,300.0,300x300,да
1969,1969/04.pdf,51,300,300.0,300x300,да
1969,1969/05.pdf,50,300,300.0,300x300,да
1969,1969/06.pdf,50,300,300.0,300x300,да
1969,1969/07.pdf,50,300,300.0,300x300,да
1969,1969/08.pdf,50,300,300.0,300x300,да
1969,1969/09.pdf,50,300,299.9,300x300,да
1969,1969/10.pdf,50,301 (300–318),300.9,нет JFIF,—
1969,1969/11.pdf,51,300,300.0,300x300,да
1969,1969/12.pdf,50,300,300.0,300x300,да
1970,1970/01.pdf,50,300,300.0,300x300,да
1970,1970/02.pdf,50,300,300.0,300x300,да
1970,1970/03.pdf,50,300,300.0,300x300,да
1970,1970/04.pdf,50,300,300.0,300x300,да
1970,1970/05.pdf,50,301 (300–312),300.8,нет JFIF,—
1970,1970/06.pdf,50,300,300.0,300x300,да
1970,1970/07.pdf,50,300,300.0,300x300,да
1970,1970/08.pdf,50,300,300.0,300x300,да
1970,1970/09.pdf,50,300,300.0,300x300,да
1970,1970/10.pdf,50,301 (300–310),300.6,нет JFIF,—
1970,1970/11.pdf,50,300,300.0,300x300,да
1970,1970/12.pdf,51,300,300.0,300x300,да
1971,1971/01.pdf,50,300,300.0,300x300,да
1971,1971/02.pdf,51,300,300.0,300x300,да
1971,1971/03.pdf,50,300,300.0,300x300,да
1971,1971/04.pdf,50,300,300.0,300x300,да
1971,1971/05.pdf,50,300,300.0,300x300,да
1971,1971/06.pdf,50,300,300.0,300x300,да
1971,1971/07.pdf,50,300,300.0,300x300,да
1971,1971/08.pdf,50,300,300.1,300x300,да
1971,1971/09.pdf,50,300,300.0,300x300,да
1971,1971/10.pdf,50,300,300.0,300x300,да
1971,1971/11.pdf,50,300,300.0,300x300,да
1971,1971/12.pdf,50,300,300.0,300x300,да
1972,1972/01.pdf,50,300,300.0,300x300,да
1972,1972/02.pdf,82,300,300.0,300x300,да
1972,1972/03.pdf,82,300,300.0,300x300,да
1972,1972/04.pdf,82,300,300.0,300x300,да
1972,1972/05.pdf,82,300,300.0,300x300,да
1972,1972/06.pdf,82,300,300.0,300x300,да
1972,1972/07.pdf,82,300,300.0,300x300,да
1972,1972/08.pdf,82,300,300.0,300x300,да
1972,1972/09.pdf,82,300,300.0,300x300,да
1972,1972/10.pdf,82,300,300.0,300x300,да
1972,1972/11.pdf,82,300,300.0,300x300,да
1972,1972/12.pdf,82,300,300.0,300x300,да
1973,1973/01.pdf,82,330 (280–430),330.2,"340x340 (35), 330x330 (20), 290x290 (12), 320x320 (6), и ещё 4",да
1973,1973/02.pdf,82,330 (260–430),329.9,"330x330 (28), 340x340 (19), 290x290 (12), 300x300 (9), и ещё 5",да
