issue,index,n_rows,n_cols,page_number,match_score,match_margin,match_source,scan_rel_path
1966_01,0,14,3,28,1.0,0.715,cells,1966/01/IMG_0017_2R.jpg
1966_01,1,16,4,28,0.983,0.867,cells,1966/01/IMG_0017_2R.jpg
1966_01,2,6,6,49,0.937,0.746,cells,1966/01/IMG_0028_1L.jpg
1966_01,3,7,4,50,0.971,0.686,cells,1966/01/IMG_0028_2R.jpg
1966_01,4,10,5,51,1.0,0.975,cells,1966/01/IMG_0029_1L.jpg
1966_01,5,10,3,52,1.0,0.625,cells,1966/01/IMG_0029_2R.jpg
1966_01,6,8,8,76,1.0,0.774,cells,1966/01/IMG_0042_2R.jpg
1966_01,7,8,6,78,0.968,0.775,context,1966/01/IMG_0043_2R.jpg
1966_01,8,6,5,80,0.833,0.417,cells,1966/01/IMG_0044_2R.jpg
1966_01,9,2,5,86,0.842,0.474,context,1966/01/IMG_0047_2R.jpg
1966_02,0,3,5,14,0.946,0.73,cells,1966/02/IMG_0061_2R.jpg
1966_02,1,9,4,16,1.0,0.863,cells,1966/02/IMG_0062_2R.jpg
1966_02,2,4,4,46,1.0,0.501,cells,1966/02/IMG_0077_2R.jpg
1966_02,3,5,6,47,1.0,0.565,cells,1966/02/IMG_0078_1L.jpg
1966_02,4,6,3,50,0.969,0.719,context,1966/02/IMG_0079_2R.jpg
1966_02,5,10,6,54,1.0,0.735,cells,1966/02/IMG_0081_2R.jpg
1966_02,6,2,5,56,0.625,0.125,cells,1966/02/IMG_0082_2R.jpg
1966_02,7,10,5,56,1.0,0.842,cells,1966/02/IMG_0082_2R.jpg
1966_02,8,7,5,56,1.0,0.889,cells,1966/02/IMG_0082_2R.jpg
1966_02,9,10,5,56,1.0,0.914,cells,1966/02/IMG_0082_2R.jpg
1966_02,10,5,4,57,0.867,0.534,cells,1966/02/IMG_0083_1L.jpg
1966_02,11,4,4,58,1.0,0.824,context,1966/02/IMG_0083_2R.jpg
1966_02,12,8,6,62,0.9,0.75,cells,1966/02/IMG_0085_2R.jpg
1966_02,13,10,10,79,1.0,0.788,cells,1966/02/IMG_0094_1L.jpg
1966_03,0,11,5,16,1.0,0.873,cells,1966/03/IMG_0112_2R.jpg
1966_03,1,14,5,20,1.0,0.854,cells,1966/03/IMG_0114_2R.jpg
1966_03,2,4,5,34,0.848,0.609,cells,1966/03/IMG_0121_2R.jpg
1966_03,3,18,7,36,0.981,0.869,cells,1966/03/IMG_0122_2R.jpg
1966_03,4,5,9,59,0.947,0.737,cells,1966/03/IMG_0134_1L.jpg
1966_03,5,8,4,79,1.0,0.723,cells,1966/03/IMG_0144_1L.jpg
1966_04,0,8,4,29,1.0,0.734,cells,1966/04/IMG_0018_1L.jpg
1966_04,1,15,6,45,0.984,0.92,cells,1966/04/IMG_0026_1L.jpg
1966_04,2,5,4,56,0.862,0.484,cells,1966/04/IMG_0031_2R.jpg
1966_04,3,7,6,56,0.964,0.643,cells,1966/04/IMG_0031_2R.jpg
1966_04,4,3,3,69,1.0,0.727,cells,1966/04/IMG_0038_1L.jpg
1966_05,0,3,3,13,0.892,0.689,context,1966/05/0080_1L.jpg
1966_05,1,6,2,15,1.0,0.687,cells,1966/05/0090_1L.jpg
1966_05,2,7,3,15,1.0,0.583,cells,1966/05/0090_1L.jpg
1966_05,3,5,6,20,0.935,0.652,cells,1966/05/0110_2R.jpg
1966_05,4,8,4,26,0.833,0.056,cells,1966/05/0140_2R.jpg
1966_05,5,8,4,27,0.958,0.417,cells,1966/05/0150_1L.jpg
1966_05,6,10,4,27,1.0,0.458,cells,1966/05/0150_1L.jpg
1966_05,7,2,4,28,1.0,0.833,cells,1966/05/0150_2R.jpg
1966_05,8,10,4,28,1.0,0.667,cells,1966/05/0150_2R.jpg
1966_05,9,15,4,29,0.786,0.071,cells,1966/05/0160_1L.jpg
1966_05,10,17,6,29,1.0,1.0,cells,1966/05/0160_1L.jpg
1966_05,11,2,6,53,0.667,0.223,cells,1966/05/0280_1L.jpg
1966_05,12,16,4,53,0.941,0.53,context,1966/05/0280_1L.jpg
1966_06,0,7,3,46,0.897,0.621,cells,1966/06/IMG_0126_2R.jpg
1966_06,1,15,6,54,0.984,0.594,cells,1966/06/IMG_0130_2R.jpg
1966_06,2,19,6,56,0.968,0.632,cells,1966/06/IMG_0131_2R.jpg
1966_06,3,9,7,63,1.0,0.606,cells,1966/06/IMG_0135_1L.jpg
1966_06,4,8,10,64,0.96,0.64,cells,1966/06/IMG_0135_2R.jpg
1966_06,5,14,12,64,0.938,0.723,cells,1966/06/IMG_0135_2R.jpg
1966_06,6,9,6,65,1.0,0.696,cells,1966/06/IMG_0136_1L.jpg
1966_06,7,8,15,67,0.688,0.562,cells,1966/06/IMG_0137_1L.jpg
1966_06,8,14,9,67,0.947,0.764,cells,1966/06/IMG_0137_1L.jpg
1966_06,9,16,5,68,0.984,0.812,cells,1966/06/IMG_0137_2R.jpg
1966_06,10,4,4,81,1.0,0.751,cells,1966/06/IMG_0144_1L.jpg
1966_06,11,8,10,83,1.0,0.751,cells,1966/06/IMG_0145_1L.jpg
1966_06,12,3,3,85,1.0,0.652,cells,1966/06/IMG_0146_1L.jpg
1966_06,13,2,2,86,0.939,0.667,cells,1966/06/IMG_0146_2R.jpg
1966_06,14,2,4,90,0.887,0.597,cells,1966/06/IMG_0148_2R.jpg
1967_01,0,5,3,18,0.909,0.705,context,1967/01/IMG_0012_2R.jpg
1967_01,1,2,6,28,1.0,0.723,cells,1967/01/IMG_0017_2R.jpg
1967_01,2,9,8,32,1.0,0.668,cells,1967/01/IMG_0019_2R.jpg
1967_01,3,2,3,38,1.0,0.591,cells,1967/01/IMG_0022_2R.jpg
1967_01,4,4,4,38,0.955,0.591,cells,1967/01/IMG_0022_2R.jpg
1967_01,5,5,6,47,0.951,0.855,cells,1967/01/IMG_0027_1L.jpg
1967_01,6,8,3,61,0.947,0.474,cells,1967/01/IMG_0034_1L.jpg
1967_01,7,2,5,81,0.938,0.688,context,1967/01/IMG_0044_1L.jpg
1967_01,8,1,11,82,0.897,0.677,context,1967/01/IMG_0044_2R.jpg
1967_02,0,3,3,55,1.0,0.81,cells,1967/02/IMG_0081_1L.jpg
1967_02,1,10,5,55,0.905,0.762,cells,1967/02/IMG_0081_1L.jpg
1967_02,2,4,5,56,1.0,0.125,cells,1967/02/IMG_0081_2R.jpg
1967_03,0,28,8,7,0.963,0.579,cells,1967/03/IMG_0108_1L.jpg
1967_03,1,12,7,8,1.0,0.318,cells,1967/03/IMG_0108_2R.jpg
1967_03,2,3,7,9,0.967,0.475,cells,1967/03/IMG_0109_1L.jpg
1967_03,3,11,9,11,1.0,0.449,cells,1967/03/IMG_0110_1L.jpg
1967_03,4,3,12,12,0.857,0.714,cells,1967/03/IMG_0110_2R.jpg
1967_03,5,5,13,13,0.96,0.68,cells,1967/03/IMG_0111_1L.jpg
1967_03,6,6,10,70,1.0,0.739,cells,1967/03/IMG_0139_2R.jpg
1967_03,7,6,10,70,1.0,0.737,cells,1967/03/IMG_0139_2R.jpg
1967_03,8,9,6,71,1.0,0.381,cells,1967/03/IMG_0140_1L.jpg
1967_03,9,9,6,72,0.941,0.0,cells,1967/03/IMG_0140_2R.jpg
1967_03,10,8,4,74,0.931,0.725,cells,1967/03/IMG_0141_2R.jpg
1967_03,11,5,3,77,0.93,0.67,context,1967/03/IMG_0143_1L.jpg
1967_04,0,8,9,20,1.0,0.619,cells,1967/04/IMG_0013_2R.jpg
1967_04,1,2,2,24,0.765,0.176,cells,1967/04/IMG_0015_2R.jpg
1967_04,2,7,2,25,0.889,0.222,cells,1967/04/IMG_0016_1L.jpg
1967_04,3,3,4,65,1.0,0.6,cells,1967/04/IMG_0036_1L.jpg
1967_05,0,10,3,18,0.829,0.543,cells,1967/05/IMG_0062_1L.jpg
1967_05,1,4,4,57,1.0,0.714,cells,1967/05/IMG_0081_2R.jpg
1967_05,2,4,2,58,1.0,0.501,cells,1967/05/IMG_0082_1L.jpg
1967_05,3,11,7,70,0.96,0.76,cells,1967/05/IMG_0088_1L.jpg
1967_05,4,7,2,71,1.0,0.668,context,1967/05/IMG_0088_2R.jpg
1967_05,5,2,3,71,1.0,0.563,context,1967/05/IMG_0088_2R.jpg
1967_05,6,5,5,77,0.95,0.5,cells,1967/05/IMG_0091_2R.jpg
1967_05,7,5,2,79,0.941,0.53,cells,1967/05/IMG_0092_2R.jpg
1967_05,8,6,2,80,1.0,0.667,cells,1967/05/IMG_0093_1L.jpg
1967_06,0,16,7,4,0.95,0.675,cells,1967/06/IMG_0105_2R.jpg
1967_06,1,7,6,22,0.923,0.692,cells,1967/06/IMG_0114_2R.jpg
1967_06,2,10,3,32,1.0,0.643,cells,1967/06/IMG_0119_2R.jpg
1967_06,3,6,5,32,1.0,0.812,cells,1967/06/IMG_0119_2R.jpg
1967_06,4,13,8,33,1.0,0.714,cells,1967/06/IMG_0120_1L.jpg
1967_06,5,3,5,34,0.941,0.471,cells,1967/06/IMG_0120_2R.jpg
1967_06,6,4,7,36,0.965,0.6,cells,1967/06/IMG_0121_2R.jpg
1967_06,7,4,4,38,1.0,0.333,cells,1967/06/IMG_0122_2R.jpg
1967_06,8,4,11,49,0.909,0.456,cells,1967/06/IMG_0128_1L.jpg
1967_06,9,6,13,49,1.0,0.858,context,1967/06/IMG_0128_1L.jpg
1967_06,10,4,8,49,0.917,0.584,cells,1967/06/IMG_0128_1L.jpg
1967_06,11,2,8,51,0.643,0.286,cells,1967/06/IMG_0129_1L.jpg
1967_06,12,2,8,69,0.818,0.5,cells,1967/06/IMG_0138_1L.jpg
1967_06,13,4,11,70,0.867,0.467,cells,1967/06/IMG_0138_2R.jpg
1967_06,14,4,9,71,0.955,0.591,cells,1967/06/IMG_0139_1L.jpg
1967_06,15,3,5,71,0.882,0.471,cells,1967/06/IMG_0139_1L.jpg
1967_06,16,5,4,75,0.933,0.534,cells,1967/06/IMG_0141_1L.jpg
1967_06,17,3,5,76,1.0,0.619,cells,1967/06/IMG_0141_2R.jpg
1967_06,18,2,4,77,1.0,0.652,cells,1967/06/IMG_0142_1L.jpg
1967_06,19,8,7,85,1.0,0.858,cells,1967/06/IMG_0146_1L.jpg
1967_06,20,6,7,87,0.935,0.743,cells,1967/06/IMG_0147_1L.jpg
1967_07,0,2,9,67,0.75,0.689,cells,1967/07/IMG_0037_1L.jpg
1967_07,1,15,5,69,1.0,0.857,cells,1967/07/IMG_0038_1L.jpg
1967_07,2,15,15,73,1.0,0.444,cells,1967/07/IMG_0040_1L.jpg
1967_07,3,2,5,80,0.708,0.083,context,1967/07/IMG_0043_2R.jpg
1967_07,4,2,6,81,0.96,0.72,context,1967/07/IMG_0044_1L.jpg
1967_07,5,2,9,81,0.951,0.683,context,1967/07/IMG_0044_1L.jpg
1967_07,6,10,6,89,0.943,0.771,cells,1967/07/IMG_0048(1)_1L.jpg
1967_08,0,10,4,3,1.0,0.698,cells,1967/08/IMG_0055_1L.jpg
1967_08,1,20,9,10,0.962,0.868,cells,1967/08/IMG_0058_2R.jpg
1967_08,2,9,4,10,0.917,0.668,cells,1967/08/IMG_0058_2R.jpg
1967_08,3,15,5,11,0.962,0.528,context,1967/08/IMG_0059_1L.jpg
1967_08,4,8,4,13,1.0,0.727,cells,1967/08/IMG_0060_1L.jpg
1967_09,0,9,4,43,1.0,0.782,cells,1967/09/IMG_0125_1L.jpg
1967_09,1,9,3,51,1.0,0.684,cells,1967/09/IMG_0130_1L.jpg
1967_09,2,9,3,52,1.0,0.77,cells,1967/09/IMG_0130_2R.jpg
1967_09,3,3,3,54,1.0,0.842,cells,1967/09/IMG_0131_2R.jpg
1967_09,4,11,6,56,0.944,0.722,cells,1967/09/IMG_0132_2R.jpg
1967_09,5,11,2,86,1.0,1.0,cells,1967/09/IMG_0147_2R.jpg
1967_09,6,13,5,94,0.919,0.759,cells,1967/09/IMG_0151_2R.jpg
1967_10,0,3,7,35,1.0,0.648,cells,1967/10/IMG_0021_2R.jpg
1967_10,1,6,7,36,0.885,0.692,cells,1967/10/IMG_0022_1L.jpg
1967_10,2,3,5,55,1.0,0.795,cells,1967/10/IMG_0031_2R.jpg
1967_10,3,15,5,56,1.0,0.877,cells,1967/10/IMG_0032_1L.jpg
1967_10,4,3,5,58,1.0,0.4,cells,1967/10/IMG_0033_1L.jpg
1967_10,5,1,3,74,1.0,0.643,context,1967/10/IMG_0041.jpg
1967_10,6,2,3,74,1.0,1.0,context,1967/10/IMG_0041.jpg
1967_10,7,3,2,74,1.0,1.0,context,1967/10/IMG_0041.jpg
1967_10,8,9,4,74,1.0,0.909,cells,1967/10/IMG_0041.jpg
1967_10,9,3,5,74,1.0,0.723,context,1967/10/IMG_0041.jpg
1967_11,0,13,9,34,0.891,0.739,cells,1967/11/IMG_0069_1L.jpg
1967_11,1,3,6,35,0.971,0.765,cells,1967/11/IMG_0069_2R.jpg
1967_11,2,9,3,36,0.867,0.7,cells,1967/11/IMG_0070_1L.jpg
1967_11,3,8,6,37,0.977,0.86,cells,1967/11/IMG_0070_2R.jpg
1967_11,4,4,6,57,1.0,0.621,cells,1967/11/IMG_0080_2R.jpg
1967_11,5,3,6,57,1.0,0.667,cells,1967/11/IMG_0080_2R.jpg
1967_11,6,4,9,58,0.94,0.68,cells,1967/11/IMG_0081_1L.jpg
1967_11,7,2,3,73,0.8,0.333,cells,1967/11/IMG_0088_2R.jpg
1967_11,8,3,3,73,1.0,0.385,cells,1967/11/IMG_0088_2R.jpg
1967_11,9,8,4,90,1.0,0.801,cells,1967/11/IMG_0097_1L.jpg
1967_12,0,6,7,14,0.933,0.668,cells,1967/12/IMG_0109_1L.jpg
1967_12,1,4,12,45,0.955,0.724,context,1967/12/IMG_0124_2R.jpg
1967_12,2,2,2,57,1.0,0.715,cells,1967/12/IMG_0130_2R.jpg
1967_12,3,2,3,59,0.947,0.289,cells,1967/12/IMG_0131_2R.jpg
1967_12,4,5,2,60,1.0,0.787,cells,1967/12/IMG_0132_1L.jpg
1967_12,5,2,2,61,1.0,0.547,cells,1967/12/IMG_0132_2R.jpg
1967_12,6,42,3,89,0.972,0.736,cells,1967/12/IMG_0146_2R.jpg
1967_12,7,22,2,90,1.0,0.572,context,1967/12/IMG_0147_1L.jpg
1967_12,8,31,2,94,1.0,0.2,context,1967/12/IMG_0149_1L.jpg
1967_12,9,6,2,0,0.0,0.0,none,
1968_01,0,8,7,31,1.0,0.883,cells,1968/01/IMG_0020_1L.jpg
1968_01,1,4,11,75,0.923,0.692,cells,1968/01/IMG_0042_1L.jpg
1968_02,0,3,3,7,1.0,0.825,cells,1968/02/IMG_0059_1L.jpg
1968_02,1,5,9,16,0.938,0.751,cells,1968/02/IMG_0063_2R.jpg
1968_02,2,2,5,26,0.77,0.377,context,1968/02/IMG_0068_2R.jpg
1968_02,3,2,5,27,0.923,0.681,context,1968/02/IMG_0069_1L.jpg
1968_02,4,2,5,29,0.758,0.323,context,1968/02/IMG_0070_1L.jpg
1968_02,5,3,8,67,0.981,0.751,context,1968/02/IMG_0089_1L.jpg
1968_02,6,3,8,67,0.947,0.526,context,1968/02/IMG_0089_1L.jpg
1968_02,7,7,4,76,0.933,0.8,cells,1968/02/IMG_0093_2R.jpg
1968_02,8,8,4,86,1.0,0.829,cells,1968/02/IMG_0098_2R.jpg
1968_02,9,8,3,87,1.0,0.562,cells,1968/02/IMG_0099_1L.jpg
1968_02,10,3,4,88,1.0,0.91,cells,1968/02/IMG_0099_2R.jpg
1968_02,11,9,3,88,1.0,0.667,cells,1968/02/IMG_0099_2R.jpg
1968_03,0,10,3,6,0.919,0.569,cells,1968/03/IMG_0107_1L.jpg
1968_03,1,2,5,12,1.0,0.75,cells,1968/03/IMG_0110_1L.jpg
1968_03,2,5,3,15,0.875,0.583,cells,1968/03/IMG_0111_2R.jpg
1968_03,3,14,33,22,1.0,0.8,cells,1968/03/IMG_0115_1L.jpg
1968_03,4,5,15,31,0.909,0.546,cells,1968/03/IMG_0119_2R.jpg
1968_03,5,5,11,38,0.977,0.864,cells,1968/03/IMG_0123_1L.jpg
1968_03,6,3,6,50,0.952,0.841,cells,1968/03/IMG_0129_1L.jpg
1968_03,7,6,4,67,1.0,0.333,cells,1968/03/IMG_0137_2R.jpg
1968_03,8,11,3,70,0.938,0.562,cells,1968/03/IMG_0139_1L.jpg
1968_03,9,2,2,79,0.659,0.136,context,1968/03/IMG_0143_2R.jpg
1968_03,10,3,3,79,1.0,0.751,cells,1968/03/IMG_0143_2R.jpg
1968_03,11,3,4,86,0.917,0.667,cells,1968/03/IMG_0147_1L.jpg
1968_03,12,2,3,88,0.963,0.667,cells,1968/03/IMG_0148_1L.jpg
1968_03,13,19,6,93,1.0,0.903,cells,1968/03/IMG_0150_2R.jpg
1968_04,0,9,6,21,0.794,0.618,cells,1968/04/IMG_0014_1L.jpg
1968_04,1,3,7,25,0.903,0.355,cells,1968/04/IMG_0016_1L.jpg
1968_04,2,15,11,26,0.881,0.429,cells,1968/04/IMG_0016_2R.jpg
1968_04,3,9,5,27,1.0,0.474,cells,1968/04/IMG_0017_1L.jpg
1968_04,4,23,9,28,1.0,0.611,cells,1968/04/IMG_0017_2R.jpg
1968_04,5,1,6,34,1.0,0.35,context,1968/04/IMG_0020_2R.jpg
1968_04,6,1,2,34,1.0,0.429,context,1968/04/IMG_0020_2R.jpg
1968_04,7,1,6,34,1.0,0.733,context,1968/04/IMG_0020_2R.jpg
1968_04,8,2,6,34,0.892,0.658,context,1968/04/IMG_0020_2R.jpg
1968_04,9,5,9,36,1.0,0.333,cells,1968/04/IMG_0021_2R.jpg
1968_04,10,6,10,37,0.658,0.547,cells,1968/04/IMG_0022_1L.jpg
1968_04,11,7,10,38,0.582,0.364,cells,1968/04/IMG_0022_2R.jpg
1968_04,12,1,4,39,1.0,0.833,context,1968/04/IMG_0023_1L.jpg
1968_04,13,3,10,71,1.0,0.947,cells,1968/04/IMG_0039_1L.jpg
1968_05,0,4,6,60,0.957,0.043,cells,1968/05/IMG_0083_1L.jpg
1968_05,1,13,8,61,0.971,0.353,cells,1968/05/IMG_0083_2R.jpg
1968_05,2,4,8,61,0.816,0.421,cells,1968/05/IMG_0083_2R.jpg
1968_05,3,2,8,61,1.0,0.444,cells,1968/05/IMG_0083_2R.jpg
1968_05,4,11,3,63,1.0,0.308,cells,1968/05/IMG_0084_2R.jpg
1968_05,5,3,7,64,0.789,0.263,cells,1968/05/IMG_0085_1L.jpg
1968_05,6,26,3,65,0.972,0.417,cells,1968/05/IMG_0085_2R.jpg
1968_05,7,1,5,66,0.9,0.4,cells,1968/05/IMG_0086_1L.jpg
1968_05,8,7,6,71,0.944,0.556,cells,1968/05/IMG_0088_2R.jpg
1968_05,9,5,5,71,0.952,0.286,cells,1968/05/IMG_0088_2R.jpg
1968_05,10,6,9,72,0.81,0.048,cells,1968/05/IMG_0089_1L.jpg
1968_05,11,6,5,72,0.941,0.529,cells,1968/05/IMG_0089_1L.jpg
1968_05,12,5,5,72,0.929,0.714,cells,1968/05/IMG_0089_1L.jpg
1968_05,13,7,10,73,1.0,0.737,cells,1968/05/IMG_0089_2R.jpg
1968_05,14,5,7,74,0.909,0.455,cells,1968/05/IMG_0090_1L.jpg
1968_05,15,7,4,74,1.0,0.864,cells,1968/05/IMG_0090_1L.jpg
1968_05,16,4,8,77,0.87,0.522,cells,1968/05/IMG_0091_2R.jpg
1968_05,17,8,6,93,1.0,0.701,cells,1968/05/IMG_0099_2R.jpg
1968_06,0,4,4,6,1.0,0.847,cells,1968/06/IMG_0105_2R.jpg
1968_06,1,14,4,28,0.927,0.683,cells,1968/06/IMG_0116_2R.jpg
1968_06,2,6,5,29,1.0,0.375,cells,1968/06/IMG_0117_1L.jpg
1968_06,3,5,7,30,1.0,0.643,cells,1968/06/IMG_0117_2R.jpg
1968_06,4,8,3,38,0.894,0.34,cells,1968/06/IMG_0122_2R.jpg
1968_06,5,2,2,39,0.907,0.675,cells,1968/06/IMG_0123_1L.jpg
1968_06,6,5,21,43,0.944,0.667,cells,1968/06/IMG_0124_1_1L.jpg
1968_06,7,7,5,44,0.867,0.6,cells,1968/06/IMG_0124_1_2R.jpg
1968_06,8,13,5,61,0.97,0.712,cells,1968/06/IMG_0133_1L.jpg
1968_06,9,6,7,65,0.978,0.711,cells,1968/06/IMG_0135_1L.jpg
1968_06,10,15,3,67,0.919,0.784,cells,1968/06/IMG_0136_1L.jpg
1968_06,11,2,8,77,0.968,0.661,context,1968/06/IMG_0141_1L.jpg
1968_06,12,3,5,78,1.0,0.733,cells,1968/06/IMG_0141_2R.jpg
1968_06,13,14,6,79,0.964,0.571,context,1968/06/IMG_0142_1L.jpg
1968_06,14,8,5,81,0.909,0.682,cells,1968/06/IMG_0143_1L.jpg
1968_06,15,10,11,81,0.905,0.429,cells,1968/06/IMG_0143_1L.jpg
1968_06,16,9,7,82,0.955,0.501,cells,1968/06/IMG_0143_2R.jpg
1968_06,17,6,8,83,0.924,0.583,cells,1968/06/IMG_0144_1L.jpg
1968_06,18,4,4,83,0.846,0.077,cells,1968/06/IMG_0144_1L.jpg
1968_06,19,5,14,85,0.857,0.524,cells,1968/06/IMG_0145_1L.jpg
1968_07,0,2,5,23,0.769,0.501,cells,1968/07/IMG_0014_2R.jpg
1968_07,1,3,3,48,0.941,0.471,cells,1968/07/IMG_0027_1L.jpg
1968_07,2,11,4,63,1.0,0.903,cells,1968/07/IMG_0034_2R.jpg
1968_07,3,9,8,76,0.667,0.25,cells,1968/07/IMG_0041_1L.jpg
1968_09,0,10,3,80,1.0,0.865,cells,1968/09/IMG_0143_2R.jpg
1968_09,1,6,6,85,1.0,0.751,cells,1968/09/IMG_0146_1L.jpg
1968_10,0,9,9,6,0.882,0.53,cells,1968/10/IMG_0006_2R.jpg
1968_10,1,11,8,9,0.938,0.814,cells,1968/10/IMG_0008_1L.jpg
1968_10,2,4,14,14,0.938,0.188,cells,1968/10/IMG_0010_2R.jpg
1968_10,3,21,6,18,1.0,0.818,cells,1968/10/IMG_0012_2R.jpg
1968_10,4,17,5,62,1.0,0.83,cells,1968/10/IMG_0034_2R.jpg
1968_11,0,5,4,29,1.0,0.751,cells,1968/11/IMG_0068_1L.jpg
1968_12,0,4,12,20,1.0,0.5,cells,1968/12/IMG_0113_2R.jpg
1968_12,1,6,14,20,0.733,0.133,cells,1968/12/IMG_0113_2R.jpg
1968_12,2,3,4,36,0.962,0.847,cells,1968/12/IMG_0121_2R.jpg
1968_12,3,7,5,75,0.921,0.474,cells,1968/12/IMG_0141_1L.jpg
1968_12,4,4,6,76,0.886,0.429,cells,1968/12/IMG_0141_2R.jpg
1968_12,5,35,2,92,1.0,0.572,context,1968/12/IMG_0149_2R.jpg
1968_12,6,4,2,93,0.978,0.79,cells,1968/12/IMG_0150_1L.jpg
1968_12,7,64,2,94,1.0,0.792,cells,1968/12/IMG_0150_2R.jpg
1969_01,0,13,12,15,1.0,0.781,cells,1969/01/IMG_0011_1L.jpg
1969_01,1,5,13,16,1.0,0.746,cells,1969/01/IMG_0011_2R.jpg
1969_01,2,3,13,17,1.0,0.062,context,1969/01/IMG_0012_1L.jpg
1969_01,3,2,9,22,0.909,0.364,cells,1969/01/IMG_0014_2R.jpg
1969_01,4,19,3,23,1.0,0.763,cells,1969/01/IMG_0015_1L.jpg
1969_01,5,6,8,31,0.914,0.743,cells,1969/01/IMG_0019_1L.jpg
1969_01,6,3,5,31,0.949,0.603,context,1969/01/IMG_0019_1L.jpg
1969_01,7,12,6,41,0.978,0.848,cells,1969/01/IMG_0024_1L.jpg
1969_01,8,3,3,44,1.0,0.762,cells,1969/01/IMG_0025_2R.jpg
1969_01,9,6,8,44,0.929,0.69,cells,1969/01/IMG_0025_2R.jpg
1969_01,10,5,7,45,0.968,0.484,cells,1969/01/IMG_0026_1L.jpg
1969_01,11,3,3,46,0.978,0.4,cells,1969/01/IMG_0026_2R.jpg
1969_01,12,2,2,77,0.955,0.774,cells,1969/01/IMG_0042_1L.jpg
1969_01,13,1,2,78,0.889,0.711,context,1969/01/IMG_0042_2R.jpg
1969_01,14,15,10,82,0.964,0.625,cells,1969/01/IMG_0044_2R.jpg
1969_01,15,3,5,83,1.0,0.211,cells,1969/01/IMG_0045_1L.jpg
1969_01,16,16,8,85,0.826,0.413,cells,1969/01/IMG_0046_1L.jpg
1969_02,0,2,4,14,0.917,0.472,cells,1969/02/IMG_0060_2R.jpg
1969_02,1,5,8,18,0.939,0.212,cells,1969/02/IMG_0062_2R.jpg
1969_02,2,11,5,19,0.968,0.065,cells,1969/02/IMG_0063_1L.jpg
1969_02,3,4,11,26,0.931,0.345,cells,1969/02/IMG_0066_2R.jpg
1969_02,4,4,11,27,1.0,0.231,cells,1969/02/IMG_0067_1L.jpg
1969_02,5,8,7,35,1.0,0.838,cells,1969/02/IMG_0071_1L.jpg
1969_02,6,15,4,40,0.969,0.875,cells,1969/02/IMG_0073_2R.jpg
1969_02,7,10,7,43,1.0,0.042,cells,1969/02/IMG_0075_1L.jpg
1969_02,8,10,6,43,1.0,0.042,cells,1969/02/IMG_0075_1L.jpg
1969_02,9,9,4,44,0.944,0.695,cells,1969/02/IMG_0075_2R.jpg
1969_02,10,6,3,55,0.907,0.674,cells,1969/02/IMG_0081_1L.jpg
1969_02,11,2,9,70,0.941,0.765,context,1969/02/IMG_0088_2R.jpg
1969_03,0,9,3,10,1.0,0.429,cells,1969/03/IMG_0108_2R.jpg
1969_03,1,3,3,12,1.0,0.444,cells,1969/03/IMG_0109_2R.jpg
1969_03,2,16,4,85,0.968,0.807,cells,1969/03/IMG_0146_1L.jpg
1969_04,0,4,7,40,0.882,0.353,cells,1969/04/IMG_0024_2R.jpg
1969_04,1,12,9,80,1.0,0.814,cells,1969/04/IMG_0044_2R.jpg
1969_05,0,2,3,10,1.0,0.917,cells,1969/05/IMG_0059_2R.jpg
1969_05,1,8,10,29,0.892,0.595,cells,1969/05/IMG_0069_1L.jpg
1969_05,2,7,6,30,1.0,0.483,cells,1969/05/IMG_0069_2R.jpg
1969_05,3,4,4,30,0.941,0.735,cells,1969/05/IMG_0069_2R.jpg
1969_05,4,8,4,34,1.0,0.805,cells,1969/05/IMG_0071_2R.jpg
1969_05,5,4,4,50,0.933,0.668,cells,1969/05/IMG_0079_2R.jpg
1969_05,6,2,3,52,1.0,0.819,cells,1969/05/IMG_0080_2R.jpg
1969_05,7,7,5,77,1.0,0.333,cells,1969/05/IMG_0093_1L.jpg
1969_05,8,3,4,78,1.0,0.667,cells,1969/05/IMG_0093_2R.jpg
1969_05,9,3,4,84,1.0,0.762,cells,1969/05/IMG_0096_2R.jpg
1969_06,0,5,6,7,0.939,0.668,cells,1969/06/IMG_0108_1L.jpg
1969_06,1,7,4,19,0.939,0.531,cells,1969/06/IMG_0114_1L.jpg
1969_06,2,14,5,30,1.0,0.456,cells,1969/06/IMG_0119_2R.jpg
1969_06,3,3,8,39,0.692,0.462,cells,1969/06/IMG_0124_1L.jpg
1969_06,4,9,7,58,1.0,0.201,cells,1969/06/IMG_0133_2R.jpg
1969_06,5,9,8,62,0.786,0.0,cells,1969/06/IMG_0135_2R.jpg
1969_06,6,9,8,62,0.857,0.071,cells,1969/06/IMG_0135_2R.jpg
1969_06,7,9,8,62,0.938,0.188,cells,1969/06/IMG_0135_2R.jpg
1969_06,8,9,27,65,0.944,0.694,cells,1969/06/IMG_0137_1L.jpg
1969_06,9,31,7,67,0.778,0.481,context,1969/06/IMG_0138_1L.jpg
1969_06,10,4,5,68,0.73,0.541,cells,1969/06/IMG_0138_2R.jpg
1969_07,0,11,4,13,1.0,0.636,cells,1969/07/IMG_0010_1L.jpg
1969_07,1,2,4,14,1.0,0.834,cells,1969/07/IMG_0010_2R.jpg
1969_08,0,36,7,26,0.6,0.133,context,1969/08/IMG_0066_2R.jpg
1969_08,1,8,13,26,0.96,0.8,cells,1969/08/IMG_0066_2R.jpg
1969_08,2,3,4,28,0.984,0.77,cells,1969/08/IMG_0067_2R.jpg
1969_08,3,20,7,40,0.991,0.821,cells,1969/08/IMG_0073_2R.jpg
1969_08,4,9,9,41,1.0,0.792,cells,1969/08/IMG_0074_1L.jpg
1969_08,5,6,11,54,0.706,0.412,cells,1969/08/IMG_0080_2R.jpg
1969_08,6,3,7,54,1.0,0.401,cells,1969/08/IMG_0080_2R.jpg
1969_08,7,2,7,55,1.0,0.75,cells,1969/08/IMG_0081_1L.jpg
1969_08,8,2,11,55,0.7,0.3,cells,1969/08/IMG_0081_1L.jpg
1969_08,9,2,5,55,1.0,0.25,cells,1969/08/IMG_0081_1L.jpg
1969_08,10,11,4,56,0.947,0.579,cells,1969/08/IMG_0081_2R.jpg
1969_08,11,9,4,56,0.933,0.667,cells,1969/08/IMG_0081_2R.jpg
1969_08,12,11,4,56,0.941,0.588,cells,1969/08/IMG_0081_2R.jpg
1969_08,13,4,5,57,1.0,0.5,cells,1969/08/IMG_0082_1L.jpg
1969_08,14,3,5,57,1.0,0.5,cells,1969/08/IMG_0082_1L.jpg
1969_11,0,5,6,11,1.0,0.75,cells,1969/11/IMG_0056_2R.jpg
1969_11,1,17,6,11,0.926,0.37,cells,1969/11/IMG_0056_2R.jpg
1969_11,2,13,7,12,1.0,0.258,cells,1969/11/IMG_0057_1L.jpg
1969_11,3,10,5,14,1.0,0.477,cells,1969/11/IMG_0058_1L.jpg
1969_11,4,10,5,15,0.974,0.667,cells,1969/11/IMG_0058_2R.jpg
1969_11,5,9,5,38,0.778,0.519,cells,1969/11/IMG_0070_1L.jpg
1969_11,6,3,4,52,0.913,0.609,cells,1969/11/IMG_0077_1L.jpg
1969_11,7,13,3,62,0.971,0.559,cells,1969/11/IMG_0082_1L.jpg
1969_11,8,4,7,63,1.0,0.437,cells,1969/11/IMG_0082_2R.jpg
1969_11,9,16,4,69,0.957,0.718,cells,1969/11/IMG_0085_2R.jpg
1969_11,10,3,4,70,1.0,0.572,cells,1969/11/IMG_0086_1L.jpg
1969_11,11,14,7,92,0.947,0.72,cells,1969/11/IMG_0097_1L.jpg
1969_12,0,9,3,51,0.923,0.732,cells,1969/12/IMG_0126_2R.jpg
1969_12,1,2,4,54,0.923,0.462,cells,1969/12/IMG_0128_1L.jpg
1969_12,2,3,6,55,1.0,0.5,cells,1969/12/IMG_0128_2R.jpg
1969_12,3,4,5,55,0.947,0.789,cells,1969/12/IMG_0128_2R.jpg
1969_12,4,68,3,93,1.0,0.68,cells,1969/12/IMG_0147_2R.jpg
1969_12,5,39,3,96,0.986,0.803,cells,1969/12/IMG_0149_1L.jpg
1970_01,0,4,5,16,1.0,0.637,cells,1970/01/IMG_0011_2R.jpg
1970_01,1,6,3,17,1.0,0.625,cells,1970/01/IMG_0012_1L.jpg
1970_01,2,4,5,19,0.917,0.556,cells,1970/01/IMG_0013_1L.jpg
1970_02,0,4,7,11,0.93,0.837,cells,1970/02/IMG_0059_1L.jpg
1970_02,1,2,10,16,1.0,0.55,context,1970/02/IMG_0061_2R.jpg
1970_02,2,4,10,16,1.0,0.865,cells,1970/02/IMG_0061_2R.jpg
1970_02,3,3,2,69,1.0,0.696,cells,1970/02/IMG_0088_1L.jpg
1970_02,4,3,2,71,1.0,0.36,cells,1970/02/IMG_0089_1L.jpg
1970_02,5,3,2,72,1.0,0.429,cells,1970/02/IMG_0089_2R.jpg
1970_02,6,3,4,73,0.944,0.5,cells,1970/02/IMG_0090_1L.jpg
1970_02,7,2,11,77,1.0,0.1,cells,1970/02/IMG_0092_1L.jpg
1970_02,8,10,4,76,0.929,0.143,cells,1970/02/IMG_0091_2R.jpg
1970_02,9,2,4,77,1.0,0.273,cells,1970/02/IMG_0092_1L.jpg
1970_02,10,2,8,77,0.889,0.111,cells,1970/02/IMG_0092_1L.jpg
1970_02,11,9,4,77,0.955,0.523,cells,1970/02/IMG_0092_1L.jpg
1970_02,12,7,3,95,0.97,0.576,cells,1970/02/IMG_0101_1L.jpg
1970_03,0,5,8,20,1.0,0.833,cells,1970/03/IMG_0113_2R.jpg
1970_03,1,6,4,79,1.0,0.762,cells,1970/03/IMG_0143_1L.jpg
1970_03,2,2,3,85,0.985,0.774,cells,1970/03/IMG_0146_1L.jpg
1970_04,0,12,2,4,0.957,0.813,cells,1970/04/IMG_0005_1L.jpg
1970_04,1,2,4,41,1.0,0.947,cells,1970/04/IMG_0023_2R.jpg
1970_05,0,6,9,36,1.0,0.778,cells,1970/05/IMG_0071_1L.jpg
1970_05,1,6,7,53,0.941,0.766,cells,1970/05/IMG_0079_2R.jpg
1970_05,2,6,4,53,1.0,0.733,cells,1970/05/IMG_0079_2R.jpg
1970_05,3,2,5,54,0.929,0.68,cells,1970/05/IMG_0080_1L.jpg
1970_05,4,8,2,70,0.952,0.715,cells,1970/05/IMG_0088_1L.jpg
1970_05,5,3,5,78,0.96,0.56,cells,1970/05/IMG_0092_1L.jpg
1970_06,0,3,2,3,0.958,0.79,cells,1970/06/IMG_0104_2R.jpg
1970_06,1,3,2,4,0.978,0.797,cells,1970/06/IMG_0105_1L.jpg
1970_06,2,14,6,24,1.0,0.308,cells,1970/06/IMG_0115_1L.jpg
1970_06,3,3,4,26,0.964,0.636,cells,1970/06/IMG_0116_1L.jpg
1970_06,4,2,3,36,0.973,0.486,context,1970/06/IMG_0121_1L.jpg
1970_06,5,2,4,37,0.935,0.806,cells,1970/06/IMG_0121_2R.jpg
1970_06,6,3,8,62,0.739,0.217,cells,1970/06/IMG_0134_1L.jpg
1970_06,7,3,2,62,0.889,0.222,cells,1970/06/IMG_0134_1L.jpg
1970_06,8,3,7,62,1.0,0.111,cells,1970/06/IMG_0134_1L.jpg
1970_06,9,3,7,62,0.889,0.111,cells,1970/06/IMG_0134_1L.jpg
1970_06,10,4,9,62,0.619,0.048,context,1970/06/IMG_0134_1L.jpg
1970_06,11,3,6,64,0.938,0.312,cells,1970/06/IMG_0135_1L.jpg
1970_06,12,6,14,79,0.816,0.613,cells,1970/06/IMG_0142_2R.jpg
1970_06,13,3,8,80,1.0,0.417,cells,1970/06/IMG_0143_1L.jpg
1970_06,14,3,14,81,0.958,0.792,cells,1970/06/IMG_0143_2R.jpg
1970_06,15,6,8,81,0.95,0.6,cells,1970/06/IMG_0143_2R.jpg
1970_06,16,7,9,82,0.889,0.667,cells,1970/06/IMG_0144_1L.jpg
1970_06,17,11,6,82,0.926,0.63,cells,1970/06/IMG_0144_1L.jpg
1970_06,18,8,10,83,1.0,0.859,cells,1970/06/IMG_0144_2R.jpg
1970_06,19,3,7,86,0.938,0.713,context,1970/06/IMG_0146_1L.jpg
1970_06,20,3,3,87,0.949,0.718,cells,1970/06/IMG_0146_2R.jpg
1970_10,0,11,2,2,0.962,0.799,cells,1970/10/IMG_0004_2R.jpg
1970_10,1,14,4,3,1.0,0.844,cells,1970/10/IMG_0005_1L.jpg
1970_10,2,14,7,11,1.0,0.865,cells,1970/10/IMG_0009_1L.jpg
1970_10,3,10,7,34,1.0,0.75,cells,1970/10/IMG_0020_2R.jpg
1970_10,4,9,5,35,0.846,0.462,cells,1970/10/IMG_0021_1L.jpg
1970_10,5,14,7,46,0.922,0.597,cells,1970/10/IMG_0026_2R.jpg
1970_10,6,4,5,47,0.947,0.684,cells,1970/10/IMG_0027_1L.jpg
1970_10,7,7,6,48,1.0,0.617,cells,1970/10/IMG_0027_2R.jpg
1970_10,8,8,6,59,1.0,0.851,cells,1970/10/IMG_0033_1L.jpg
1970_10,9,6,3,81,0.933,0.867,cells,1970/10/IMG_0044_1L.jpg
1970_10,10,3,12,82,0.929,0.787,context,1970/10/IMG_0044_2R.jpg
1970_10,11,4,9,85,1.0,0.444,cells,1970/10/IMG_0046_1L.jpg
1970_10,12,5,9,85,1.0,0.538,cells,1970/10/IMG_0046_1L.jpg
1970_11,0,2,2,3,0.967,0.773,cells,1970/11/IMG_0054_2R.jpg
1970_11,1,8,6,26,1.0,0.619,cells,1970/11/IMG_0066_1L.jpg
1970_11,2,9,10,65,0.957,0.871,cells,1970/11/IMG_0085_2R.jpg
1970_11,3,15,5,67,0.842,0.526,cells,1970/11/IMG_0086_2R.jpg
1970_11,4,6,6,68,0.829,0.366,cells,1970/11/IMG_0087_1L.jpg
1970_11,5,3,5,68,0.957,0.348,cells,1970/11/IMG_0087_1L.jpg
1970_11,6,11,5,69,1.0,0.176,cells,1970/11/IMG_0087_2R.jpg
1970_11,7,18,6,72,0.941,0.745,cells,1970/11/IMG_0089_1L.jpg
1970_11,8,8,5,86,0.954,0.598,context,1970/11/IMG_0096_1L.jpg
1970_11,9,5,4,92,1.0,0.615,cells,1970/11/IMG_0099_1L.jpg
1970_12,0,6,2,3,0.96,0.511,cells,1970/12/IMG_0104_2R.jpg
1970_12,1,3,2,4,0.976,0.751,cells,1970/12/IMG_0105_1L.jpg
1970_12,2,9,5,66,0.98,0.841,cells,1970/12/IMG_0136_1L.jpg
1970_12,3,14,2,89,0.933,0.734,context,1970/12/IMG_0147_2R.jpg
1970_12,4,6,2,89,0.955,0.683,context,1970/12/IMG_0147_2R.jpg
1970_12,5,5,3,89,1.0,0.847,cells,1970/12/IMG_0147_2R.jpg
1970_12,6,2,2,90,0.995,0.831,cells,1970/12/IMG_0148_1L.jpg
1970_12,7,26,3,91,0.992,0.85,cells,1970/12/IMG_0148_2R.jpg
1970_12,8,10,1,92,1.0,0.785,cells,1970/12/IMG_0149_1L.jpg
1970_12,9,63,2,92,1.0,0.501,context,1970/12/IMG_0149_1L.jpg
1970_12,10,64,3,93,1.0,0.803,cells,1970/12/IMG_0149_2R.jpg
1970_12,11,31,3,94,1.0,0.756,cells,1970/12/IMG_0150_1L.jpg
1970_12,12,4,3,96,1.0,0.632,cells,1970/12/IMG_0151_1L.jpg
1971_01,0,3,2,3,0.93,0.776,cells,1971/01/IMG_0004_2R.jpg
1971_01,1,5,5,6,0.929,0.358,cells,1971/01/IMG_0005_1_1L.jpg
1971_01,2,11,4,22,0.926,0.481,cells,1971/01/IMG_0013_1L.jpg
1971_01,3,5,2,26,0.974,0.474,cells,1971/01/IMG_0015_1L.jpg
1971_01,4,4,4,27,0.962,0.769,cells,1971/01/IMG_0015_2R.jpg
1971_01,5,6,6,63,1.0,0.584,cells,1971/01/IMG_0033_2R.jpg
1971_01,6,7,6,91,0.914,0.343,cells,1971/01/IMG_0047_2R.jpg
1971_03,0,14,3,4,1.0,0.655,cells,1971/03/IMG_0104_1L.jpg
1971_03,1,8,4,27,0.947,0.789,cells,1971/03/IMG_0115_2R.jpg
1971_03,2,7,6,38,0.923,0.77,cells,1971/03/IMG_0121_1L.jpg
1971_03,3,3,4,96,1.0,0.437,cells,1971/03/IMG_0150_1L.jpg
1971_04,0,3,2,4,0.962,0.83,cells,1971/04/IMG_0005_1L.jpg
1971_04,1,5,6,7,0.978,0.822,cells,1971/04/IMG_0006_2R.jpg
1971_04,2,7,9,15,0.979,0.894,cells,1971/04/IMG_0010_2R.jpg
1971_04,3,6,2,31,1.0,0.801,context,1971/04/IMG_0018_2R.jpg
1971_04,4,5,4,33,1.0,0.5,cells,1971/04/IMG_0019_2R.jpg
1971_04,5,6,5,69,1.0,0.643,cells,1971/04/IMG_0037_2R.jpg
1971_04,6,3,7,76,0.654,0.038,context,1971/04/IMG_0041_1L.jpg
1971_04,7,1,2,76,1.0,0.75,cells,1971/04/IMG_0041_1L.jpg
1971_04,8,2,5,76,0.98,0.694,context,1971/04/IMG_0041_1L.jpg
1971_05,0,3,2,3,0.956,0.79,cells,1971/05/IMG_0054_2R.jpg
1971_05,1,14,12,28,0.941,0.441,cells,1971/05/IMG_0067_1L.jpg
1971_05,2,12,6,31,0.914,0.2,cells,1971/05/IMG_0068_2R.jpg
1971_05,3,15,5,37,1.0,0.9,cells,1971/05/IMG_0071_2R.jpg
1971_05,4,20,10,43,0.911,0.582,cells,1971/05/IMG_0074_2R.jpg
1971_05,5,14,10,44,0.758,0.318,cells,1971/05/IMG_0075_1L.jpg
1971_05,6,17,10,45,0.886,0.625,cells,1971/05/IMG_0075_2R.jpg
1971_05,7,11,10,46,0.895,0.0,cells,1971/05/IMG_0076_1L.jpg
1971_05,8,33,3,47,0.984,0.77,cells,1971/05/IMG_0076_2R.jpg
1971_05,9,4,3,52,1.0,0.625,cells,1971/05/IMG_0079_1L.jpg
1971_05,10,13,5,55,0.959,0.703,context,1971/05/IMG_0080_2R.jpg
1971_05,11,7,5,77,0.938,0.72,cells,1971/05/IMG_0091_2R.jpg
1971_06,0,9,3,4,0.938,0.754,cells,1971/06/IMG_0105_1L.jpg
1971_06,1,7,5,13,0.912,0.765,cells,1971/06/IMG_0109_2R.jpg
1971_06,2,3,11,31,1.0,0.8,cells,1971/06/IMG_0118_2R.jpg
1971_06,3,3,11,45,0.659,0.114,context,1971/06/IMG_0125_2R.jpg
1971_06,4,4,6,46,0.968,0.746,context,1971/06/IMG_0126_1L.jpg
1971_06,5,9,4,75,1.0,0.833,cells,1971/06/IMG_0140_2R.jpg
1971_06,6,6,3,84,0.957,0.565,cells,1971/06/IMG_0145_1L.jpg
1971_06,7,23,5,87,1.0,1.0,cells,1971/06/IMG_0146_2R.jpg
1971_07,0,6,3,4,0.946,0.823,cells,1971/07/IMG_0005_1L.jpg
1971_07,1,11,3,86,1.0,0.951,cells,1971/07/IMG_0046_1L.jpg
1971_07,2,1,2,95,0.917,0.834,context,1971/07/IMG_0050_2R.jpg
1971_08,0,3,2,4,0.981,0.865,cells,1971/08/IMG_0055_1L.jpg
1971_08,1,9,4,20,0.955,0.636,cells,1971/08/IMG_0062_1L.jpg
1971_08,2,5,4,22,0.958,0.542,cells,1971/08/IMG_0063_1L.jpg
1971_08,3,2,4,30,1.0,0.385,context,1971/08/IMG_0067_1L.jpg
1971_08,4,3,3,30,1.0,0.6,context,1971/08/IMG_0067_1L.jpg
1971_08,5,3,2,30,1.0,0.636,context,1971/08/IMG_0067_1L.jpg
1971_08,6,1,3,30,1.0,0.625,cells,1971/08/IMG_0067_1L.jpg
1971_08,7,2,3,30,1.0,0.778,context,1971/08/IMG_0067_1L.jpg
1971_08,8,3,2,30,1.0,0.4,cells,1971/08/IMG_0067_1L.jpg
1971_08,9,12,4,33,0.867,0.333,cells,1971/08/IMG_0068_2R.jpg
1971_08,10,3,5,33,0.923,0.538,cells,1971/08/IMG_0068_2R.jpg
1971_08,11,9,5,33,1.0,0.576,cells,1971/08/IMG_0068_2R.jpg
1971_08,12,8,4,34,0.976,0.619,cells,1971/08/IMG_0069_1L.jpg
1971_08,13,3,4,34,0.977,0.581,cells,1971/08/IMG_0069_1L.jpg
1971_08,14,8,2,63,1.0,0.668,context,1971/08/IMG_0083_2R.jpg
1971_08,15,2,3,68,0.769,0.462,cells,1971/08/IMG_0086_1L.jpg
1971_08,16,10,2,70,0.917,0.625,context,1971/08/IMG_0087_1L.jpg
1971_08,17,4,6,71,0.85,0.651,cells,1971/08/IMG_0087_2R.jpg
1971_09,0,3,2,3,0.979,0.82,cells,1971/09/IMG_0103_2R.jpg
1971_09,1,15,3,4,0.961,0.845,cells,1971/09/IMG_0104_1L.jpg
1971_09,2,6,12,50,1.0,0.849,cells,1971/09/IMG_0127_1L.jpg
1971_09,3,1,4,78,0.909,0.727,cells,1971/09/IMG_0141_1L.jpg
1971_09,4,15,13,79,0.912,0.765,cells,1971/09/IMG_0141_2R.jpg
1971_09,5,8,7,95,0.938,0.422,cells,1971/09/IMG_0149_2R.jpg
1971_09,6,9,7,96,0.911,0.533,cells,1971/09/IMG_0150_1L.jpg
1971_09,7,11,7,97,0.915,0.598,cells,1971/09/IMG_0150_2R.jpg
1971_09,8,3,7,98,0.914,0.557,cells,1971/09/IMG_0151_1L.jpg
1971_10,0,5,2,3,0.978,0.81,cells,1971/10/IMG_0004_2R.jpg
1971_10,1,6,5,57,1.0,0.774,cells,1971/10/IMG_0031_2R.jpg
1971_10,2,7,5,58,0.947,0.738,cells,1971/10/IMG_0032_1L.jpg
1971_10,3,8,6,67,1.0,0.887,cells,1971/10/IMG_0036_2R.jpg
1971_10,4,14,3,94,1.0,0.609,cells,1971/10/IMG_0050_1L.jpg
1971_10,5,12,4,97,0.917,0.667,cells,1971/10/IMG_0051_2R.jpg
1971_11,0,3,2,3,0.953,0.754,cells,1971/11/IMG_0054_2R.jpg
1971_11,1,6,5,9,0.962,0.731,cells,1971/11/IMG_0057_2R.jpg
1971_11,2,9,8,20,1.0,0.725,cells,1971/11/IMG_0063_1L.jpg
1971_11,3,14,8,21,0.981,0.755,cells,1971/11/IMG_0063_2R.jpg
1971_11,4,5,2,46,0.9,0.4,context,1971/11/IMG_0076_1L.jpg
1971_11,5,20,6,51,0.966,0.925,cells,1971/11/IMG_0078_2R.jpg
1971_11,6,25,4,59,0.73,0.284,context,1971/11/IMG_0082_2R.jpg
1971_11,7,20,9,60,0.988,0.863,cells,1971/11/IMG_0083_1L.jpg
1971_11,8,10,4,71,0.938,0.751,cells,1971/11/IMG_0088_2R.jpg
1971_11,9,5,3,73,0.917,0.501,cells,1971/11/IMG_0089_2R.jpg
1971_11,10,8,9,77,0.971,0.853,cells,1971/11/IMG_0091_2R.jpg
1971_12,0,4,5,32,0.966,0.242,cells,1971/12/IMG_0119_1L.jpg
1971_12,1,11,4,64,0.95,0.65,cells,1971/12/IMG_0135_1L.jpg
1971_12,2,13,3,93,1.0,0.769,cells,1971/12/IMG_0149_2R.jpg
1971_12,3,63,3,94,1.0,0.829,cells,1971/12/IMG_0150_1L.jpg
1971_12,4,24,3,97,1.0,0.857,cells,1971/12/IMG_0151_2R.jpg
1971_12,5,20,3,98,1.0,0.806,cells,1971/12/IMG_0152_1L.jpg
1972_01,0,4,7,38,0.95,0.501,cells,1972/01/IMG_0022_1L.jpg
1972_01,1,9,9,59,1.0,0.8,cells,1972/01/IMG_0032_2R.jpg
1972_01,2,4,6,64,0.88,0.44,cells,1972/01/IMG_0035_1L.jpg
1972_01,3,8,5,66,1.0,0.767,cells,1972/01/IMG_0036_1L.jpg
1972_01,4,9,4,67,0.944,0.694,cells,1972/01/IMG_0036_2R.jpg
1972_01,5,2,3,69,0.769,0.385,context,1972/01/IMG_0037_2R.jpg
1972_01,6,5,9,69,0.818,0.364,cells,1972/01/IMG_0037_2R.jpg
1972_01,7,6,4,75,0.824,0.412,cells,1972/01/IMG_0040_2R.jpg
1972_02,0,3,2,3,0.953,0.792,cells,1972/02/IMG_0054_2R.jpg
1972_02,1,11,3,63,0.912,0.765,cells,1972/02/IMG_0084_2R.jpg
1972_02,2,6,2,66,1.0,0.667,cells,1972/02/IMG_0086_1L.jpg
1972_02,3,5,4,77,1.0,0.704,cells,1972/02/IMG_0091_2R.jpg
1972_03,0,3,2,3,0.96,0.774,cells,1972/03/IMG_0104_2R.jpg
1972_03,1,9,2,4,0.972,0.779,cells,1972/03/IMG_0105_1L.jpg
1972_03,2,7,6,20,1.0,0.833,cells,1972/03/IMG_0113_1L.jpg
1972_03,3,6,5,56,1.0,0.187,cells,1972/03/IMG_0131_1L.jpg
1972_03,4,6,8,57,0.95,0.25,cells,1972/03/IMG_0131_2R.jpg
1972_04,0,3,2,3,0.924,0.773,cells,1972/04/IMG_0004_2R.jpg
1972_04,1,9,4,29,1.0,0.816,cells,1972/04/IMG_0017_2R.jpg
1972_04,2,2,2,98,1.0,0.822,cells,1972/04/IMG_0052_1L.jpg
1972_05,0,15,5,7,1.0,0.834,cells,1972/05/IMG_0056_2R.jpg
1972_05,1,10,4,11,0.944,0.751,cells,1972/05/IMG_0058_2R.jpg
1972_05,2,7,5,12,0.971,0.715,cells,1972/05/IMG_0059_1L.jpg
1972_05,3,7,7,33,0.931,0.691,cells,1972/05/IMG_0069_2R.jpg
1972_05,4,5,5,58,1.0,0.85,cells,1972/05/IMG_0082_1L.jpg
1972_05,5,2,5,66,0.6,0.133,cells,1972/05/IMG_0086_1L.jpg
1972_05,6,5,4,74,0.903,0.581,cells,1972/05/IMG_0090_1L.jpg
1972_05,7,5,4,74,0.889,0.333,cells,1972/05/IMG_0090_1L.jpg
1972_06,0,9,7,31,0.92,0.721,cells,1972/06/IMG_0118_2R.jpg
1972_06,1,12,5,35,1.0,0.333,cells,1972/06/IMG_0120_2R.jpg
1972_06,2,13,2,37,1.0,0.91,cells,1972/06/IMG_0121_2R.jpg
1972_06,3,8,4,42,0.952,0.762,cells,1972/06/IMG_0124_1L.jpg
1972_06,4,4,6,73,1.0,0.501,cells,1972/06/IMG_0139_2R.jpg
1972_06,5,14,23,74,0.72,0.2,context,1972/06/IMG_0140_1L.jpg
1972_06,6,3,15,75,0.692,0.309,cells,1972/06/IMG_0140_2R.jpg
1972_06,7,18,5,77,0.941,0.368,cells,1972/06/IMG_0141_2R.jpg
1972_06,8,4,10,83,0.87,0.478,cells,1972/06/IMG_0144_2R.jpg
1972_07,0,5,2,3,1.0,0.795,cells,1972/07/IMG_0004_2R.jpg
1972_07,1,16,6,28,1.0,0.5,cells,1972/07/IMG_0017_1L.jpg
1972_07,2,3,6,51,0.923,0.659,context,1972/07/IMG_0028_2R.jpg
1972_07,3,6,9,60,0.971,0.706,cells,1972/07/IMG_0033_1L.jpg
1972_07,4,3,5,61,1.0,0.625,cells,1972/07/IMG_0033_2R.jpg
1972_07,5,10,8,71,0.961,0.686,cells,1972/07/IMG_0038_2R.jpg
1972_07,6,3,7,74,1.0,0.125,cells,1972/07/IMG_0040_1L.jpg
1972_07,7,4,7,75,1.0,0.222,cells,1972/07/IMG_0040_2R.jpg
1972_07,8,3,7,75,1.0,0.364,cells,1972/07/IMG_0040_2R.jpg
1972_07,9,2,3,75,1.0,0.2,context,1972/07/IMG_0040_2R.jpg
1972_07,10,3,5,75,1.0,0.4,context,1972/07/IMG_0040_2R.jpg
1972_07,11,2,5,75,1.0,0.286,context,1972/07/IMG_0040_2R.jpg
1972_07,12,2,5,75,1.0,0.733,context,1972/07/IMG_0040_2R.jpg
1972_07,13,2,3,96,0.942,0.71,cells,1972/07/IMG_0051_1L.jpg
1972_07,14,2,2,97,0.988,0.802,cells,1972/07/IMG_0051_2R.jpg
1972_07,15,31,2,98,1.0,0.4,cells,1972/07/IMG_0052_1L.jpg
1972_08,0,3,2,3,0.93,0.768,cells,1972/08/IMG_0054_2R.jpg
1972_08,1,3,6,53,0.968,0.862,cells,1972/08/IMG_0079_2R.jpg
1972_08,2,12,5,58,1.0,0.5,cells,1972/08/IMG_0082_1L.jpg
1972_09,0,10,3,4,0.954,0.809,cells,1972/09/IMG_0105_1L.jpg
1972_09,1,16,5,12,1.0,0.28,cells,1972/09/IMG_0109_1L.jpg
1972_09,2,13,7,13,1.0,0.333,cells,1972/09/IMG_0109_2R.jpg
1972_09,3,3,2,30,0.95,0.65,cells,1972/09/IMG_0118_1L.jpg
1972_09,4,24,4,53,1.0,0.778,cells,1972/09/IMG_0129_2R.jpg
1972_09,5,7,5,76,0.833,0.667,cells,1972/09/IMG_0141_1L.jpg
1972_09,6,4,4,76,1.0,0.626,cells,1972/09/IMG_0141_1L.jpg
1972_09,7,26,5,78,0.974,0.897,cells,1972/09/IMG_0142_1L.jpg
1972_10,0,3,2,4,0.959,0.808,cells,1972/10/IMG_0005_1L.jpg
1972_10,1,4,4,5,1.0,0.867,cells,1972/10/IMG_0005_2R.jpg
1972_10,2,11,8,28,1.0,0.534,cells,1972/10/IMG_0017_1L.jpg
1972_10,3,7,9,33,0.967,0.567,cells,1972/10/IMG_0019_2R.jpg
1972_10,4,2,4,33,1.0,0.557,cells,1972/10/IMG_0019_2R.jpg
1972_10,5,2,6,36,0.8,0.667,cells,1972/10/IMG_0021_1L.jpg
1972_10,6,2,4,36,0.917,0.667,cells,1972/10/IMG_0021_1L.jpg
1972_10,7,3,6,36,0.867,0.733,cells,1972/10/IMG_0021_1L.jpg
1972_10,8,5,17,38,0.923,0.769,cells,1972/10/IMG_0022_1L.jpg
1972_10,9,8,4,44,0.957,0.565,cells,1972/10/IMG_0025_1L.jpg
1972_10,10,19,16,48,1.0,0.692,cells,1972/10/IMG_0027_1L.jpg
1972_11,0,3,2,3,0.964,0.751,cells,1972/11/IMG_0055_2R.jpg
1972_11,1,1,2,4,0.932,0.772,cells,1972/11/IMG_0056_1L.jpg
1972_11,2,5,5,5,1.0,0.412,cells,1972/11/IMG_0056_2R.jpg
1972_11,3,9,4,8,1.0,0.556,cells,1972/11/IMG_0058_1L.jpg
1972_11,4,11,20,32,0.972,0.694,cells,1972/11/IMG_0070_1L.jpg
1972_11,5,9,4,34,1.0,0.701,cells,1972/11/IMG_0071_1L.jpg
1972_11,6,11,10,38,1.0,0.807,cells,1972/11/IMG_0073_1L.jpg
1972_11,7,9,4,64,1.0,0.607,cells,1972/11/IMG_0086_1L.jpg
1972_12,0,3,2,3,0.964,0.387,cells,1972/12/IMG_0105_2R.jpg
1972_12,1,17,4,19,0.97,0.713,cells,1972/12/IMG_0113_2R.jpg
1972_12,2,4,4,22,1.0,0.774,cells,1972/12/IMG_0115_1L.jpg
1972_12,3,7,4,33,1.0,0.841,cells,1972/12/IMG_0120_2R.jpg
1972_12,4,10,4,60,1.0,0.728,cells,1972/12/IMG_0134_1L.jpg
1972_12,5,49,3,93,1.0,0.793,cells,1972/12/IMG_0150_2R.jpg
1972_12,6,8,3,93,1.0,0.775,cells,1972/12/IMG_0150_2R.jpg
1972_12,7,62,2,94,0.714,0.214,context,1972/12/IMG_0151_1L.jpg
1972_12,8,52,3,96,1.0,0.876,cells,1972/12/IMG_0152_1L.jpg
1972_12,9,40,3,97,0.992,0.811,cells,1972/12/IMG_0152_2R.jpg
1973_01,0,3,2,4,0.963,0.805,cells,1973/01/IMG_0005_1L.jpg
1973_01,1,5,7,8,1.0,0.6,cells,1973/01/IMG_0007_1L.jpg
1973_01,2,8,3,22,1.0,0.765,cells,1973/01/IMG_0014_1L.jpg
1973_01,3,4,4,58,0.923,0.693,cells,1973/01/IMG_0032_1L.jpg
1973_01,4,5,3,83,1.0,0.579,cells,1973/01/IMG_0044_2R.jpg
1973_02,0,5,5,12,1.0,0.5,cells,1973/02/IMG_0059_1L.jpg
1973_02,1,11,5,46,1.0,0.76,cells,1973/02/IMG_0076_1L.jpg
1973_02,2,7,5,47,0.976,0.667,cells,1973/02/IMG_0076_2R.jpg
1973_02,3,12,10,70,1.0,0.915,cells,1973/02/IMG_0088_1L.jpg
1973_02,4,5,4,73,1.0,0.667,cells,1973/02/IMG_0089_2R.jpg
1973_02,5,7,9,74,1.0,0.742,cells,1973/02/IMG_0090_1L.jpg
1973_03,0,5,8,35,0.963,0.742,cells,1973/03/IMG_0120_2R.jpg
1973_03,1,4,14,75,0.611,0.111,cells,1973/03/IMG_0140_2R.jpg
1973_04,0,3,2,3,0.922,0.689,cells,1973/04/IMG_0004_2R.jpg
1973_04,1,17,6,51,0.951,0.82,cells,1973/04/IMG_0028_2R.jpg
1973_04,2,7,5,59,1.0,0.268,cells,1973/04/IMG_0032_2R.jpg
1973_05,0,3,2,3,0.949,0.76,cells,1973/05/IMG_0054_2R.jpg
1973_05,1,7,6,54,0.96,0.6,cells,1973/05/IMG_0080_1L.jpg
1973_05,2,4,6,55,0.902,0.537,cells,1973/05/IMG_0080_2R.jpg
1973_05,3,6,8,67,0.941,0.794,cells,1973/05/IMG_0086_2R.jpg
1973_05,4,4,4,85,1.0,0.422,cells,1973/05/IMG_0095_2R.jpg
1973_05,5,7,7,89,0.884,0.395,cells,1973/05/IMG_0097_2R.jpg
1973_05,6,6,4,89,1.0,0.63,cells,1973/05/IMG_0097_2R.jpg
1973_05,7,9,5,90,1.0,0.5,cells,1973/05/IMG_0098_1L.jpg
1973_06,0,11,3,4,0.957,0.817,cells,1973/06/IMG_0105_1L.jpg
1973_06,1,6,6,18,1.0,0.75,cells,1973/06/IMG_0112_1L.jpg
1973_06,2,8,4,29,1.0,0.4,cells,1973/06/IMG_0117_2R.jpg
1973_06,3,9,6,81,1.0,0.885,cells,1973/06/IMG_0143_2R.jpg
1973_06,4,2,3,81,1.0,0.846,cells,1973/06/IMG_0143_2R.jpg
1973_07,0,6,4,30,1.0,0.5,cells,1973/07/IMG_0018_1L.jpg
1973_07,1,7,3,30,0.889,0.444,cells,1973/07/IMG_0018_1L.jpg
1973_07,2,5,4,31,0.909,0.591,cells,1973/07/IMG_0018_2R.jpg
1973_07,3,8,7,32,0.971,0.8,cells,1973/07/IMG_0019_1L.jpg
1973_07,4,14,13,63,0.909,0.227,cells,1973/07/IMG_0034_2R.jpg
1973_07,5,28,2,64,0.98,0.6,cells,1973/07/IMG_0035_1L.jpg
1973_08,0,4,2,3,0.918,0.73,cells,1973/08/IMG_0054_2R.jpg
1973_08,1,6,4,6,1.0,0.76,cells,1973/08/IMG_0056_1L.jpg
1973_08,2,9,4,9,0.964,0.75,cells,1973/08/IMG_0057_2R.jpg
1973_08,3,6,8,14,1.0,0.6,cells,1973/08/IMG_0060_1L.jpg
1973_08,4,19,17,18,0.964,0.215,cells,1973/08/IMG_0062_1L.jpg
1973_08,5,17,5,19,1.0,1.0,cells,1973/08/IMG_0062_2R.jpg
1973_08,6,27,7,22,0.943,0.823,cells,1973/08/IMG_0064_1L.jpg
1973_08,7,29,17,23,1.0,0.433,cells,1973/08/IMG_0064_2R.jpg
1973_08,8,17,6,24,1.0,1.0,cells,1973/08/IMG_0065_1L.jpg
1973_08,9,11,14,25,0.897,0.345,cells,1973/08/IMG_0065_2R.jpg
1973_08,10,6,6,27,0.919,0.73,cells,1973/08/IMG_0066_2R.jpg
1973_08,11,20,5,31,1.0,0.692,cells,1973/08/IMG_0068_2R.jpg
1973_08,12,6,7,31,1.0,0.688,cells,1973/08/IMG_0068_2R.jpg
1973_08,13,9,6,32,1.0,0.767,cells,1973/08/IMG_0069_1L.jpg
1973_08,14,9,3,41,0.947,0.474,cells,1973/08/IMG_0073_2R.jpg
1973_08,15,7,5,58,0.903,0.645,cells,1973/08/IMG_0082_1L.jpg
1973_09,0,3,2,3,0.988,0.813,cells,1973/09/IMG_0104_2R.jpg
1973_09,1,7,2,4,1.0,0.937,cells,1973/09/IMG_0105_1L.jpg
1973_09,2,9,6,10,0.933,0.7,cells,1973/09/IMG_0108_1L.jpg
1973_09,3,3,10,37,0.935,0.871,cells,1973/09/IMG_0121_2R.jpg
1973_09,4,7,4,46,1.0,0.433,cells,1973/09/IMG_0126_1L.jpg
1973_09,5,11,5,48,1.0,0.868,cells,1973/09/IMG_0127_1L.jpg
1973_09,6,6,5,51,0.977,0.674,cells,1973/09/IMG_0128_2R.jpg
1973_09,7,6,5,51,0.9,0.45,cells,1973/09/IMG_0128_2R.jpg
1973_09,8,13,6,65,0.963,0.667,cells,1973/09/IMG_0135_2R.jpg
1973_10,0,3,2,3,0.938,0.717,cells,1973/10/IMG_0159_2R.jpg
1973_10,1,13,8,6,0.96,0.44,cells,1973/10/IMG_0161_1L.jpg
1973_10,2,3,2,12,1.0,0.111,cells,1973/10/IMG_0164_1L.jpg
1973_10,3,14,4,45,1.0,0.837,cells,1973/10/IMG_0180_2R.jpg
1973_10,4,8,10,48,0.917,0.667,cells,1973/10/IMG_0182_1L.jpg
1973_10,5,4,17,51,0.867,0.6,cells,1973/10/IMG_0183_2R.jpg
1973_10,6,21,3,62,0.978,0.868,cells,1973/10/IMG_0189_1L.jpg
1973_10,7,12,16,71,1.0,0.794,cells,1973/10/IMG_0193_2R.jpg
1973_11,0,5,5,41,0.833,0.583,cells,1973/11/IMG_0228_2R.jpg
1973_11,1,5,3,47,0.926,0.667,context,1973/11/IMG_0231_2R.jpg
1973_11,2,3,7,52,1.0,0.414,cells,1973/11/IMG_0234_1L.jpg
1973_11,3,2,7,53,1.0,0.448,cells,1973/11/IMG_0234_2R.jpg
1973_11,4,4,5,67,1.0,0.667,cells,1973/11/IMG_0241_2R.jpg
1973_11,5,15,4,73,0.837,0.554,context,1973/11/IMG_0244_2R.jpg
1973_11,6,7,3,83,0.952,0.429,cells,1973/11/IMG_0249_2R.jpg
1973_11,7,2,3,84,1.0,0.059,cells,1973/11/IMG_0250_1L.jpg
1973_12,0,3,2,3,0.944,0.623,cells,1973/12/IMG_0259_2R.jpg
1973_12,1,2,2,82,1.0,0.547,cells,1973/12/IMG_0299_1L.jpg
1973_12,2,1,3,86,0.857,0.0,cells,1973/12/IMG_0301_1L.jpg
1973_12,3,29,2,83,1.0,0.819,cells,1973/12/IMG_0299_2R.jpg
1973_12,4,28,3,84,0.925,0.552,cells,1973/12/IMG_0300_1L.jpg
1973_12,5,49,3,85,0.979,0.688,cells,1973/12/IMG_0300_2R.jpg
1973_12,6,3,2,86,0.987,0.667,cells,1973/12/IMG_0301_1L.jpg
1973_12,7,5,5,87,0.908,0.529,cells,1973/12/IMG_0301_2R.jpg
1973_12,8,4,7,88,0.905,0.524,cells,1973/12/IMG_0302_1L.jpg
1973_12,9,4,5,89,0.877,0.432,cells,1973/12/IMG_0302_2R.jpg
1973_12,10,11,6,90,0.844,0.328,cells,1973/12/IMG_0303_1L.jpg
1973_12,11,3,5,91,0.879,0.362,cells,1973/12/IMG_0303_2R.jpg
1973_12,12,44,3,92,1.0,0.863,cells,1973/12/IMG_0304_1L.jpg
1973_12,13,23,3,94,1.0,0.878,cells,1973/12/IMG_0305_1L.jpg
1973_12,14,20,3,94,1.0,0.777,cells,1973/12/IMG_0305_1L.jpg
1973_12,15,15,2,94,1.0,0.848,cells,1973/12/IMG_0305_1L.jpg
1973_12,16,10,3,96,0.944,0.72,cells,1973/12/IMG_0306_1L.jpg
1973_12,17,65,3,97,1.0,0.883,cells,1973/12/IMG_0306_2R.jpg
1974_01,0,3,2,3,0.957,0.778,cells,1974/01/IMG_0004_2R.jpg
1974_01,1,7,2,37,1.0,0.588,cells,1974/01/IMG_0021_2R.jpg
1974_01,2,3,10,68,0.833,0.524,cells,1974/01/IMG_0037_1L.jpg
1974_01,3,8,5,89,0.96,0.601,cells,1974/01/IMG_0047_2R.jpg
1974_02,0,5,7,28,1.0,0.819,cells,1974/02/IMG_0067_1L.jpg
1974_02,1,15,10,38,1.0,0.833,cells,1974/02/IMG_0072_1L.jpg
1974_02,2,6,3,65,1.0,0.5,cells,1974/02/IMG_0085_2R.jpg
1974_02,3,3,7,92,1.0,0.636,cells,1974/02/IMG_0099_1L.jpg
1974_03,0,3,2,3,0.944,0.734,cells,1974/03/IMG_0104_2R.jpg
1974_03,1,3,6,55,0.943,0.714,cells,1974/03/IMG_0130_2R.jpg
1974_03,2,5,6,55,0.933,0.8,cells,1974/03/IMG_0130_2R.jpg
1974_03,3,9,6,57,1.0,0.913,cells,1974/03/IMG_0131_2R.jpg
1974_03,4,13,4,60,1.0,0.348,cells,1974/03/IMG_0133_1L.jpg
1974_03,5,5,4,61,0.941,0.059,cells,1974/03/IMG_0133_2R.jpg
1974_04,0,5,4,62,1.0,0.7,cells,1974/04/IMG_0034_1L.jpg
1974_04,1,5,11,62,0.545,0.136,cells,1974/04/IMG_0034_1L.jpg
1974_04,2,18,7,69,0.969,0.615,cells,1974/04/IMG_0037_2R.jpg
1974_04,3,12,6,70,0.886,0.314,cells,1974/04/IMG_0038_1L.jpg
1974_04,4,6,11,74,0.706,0.176,cells,1974/04/IMG_0040_1L.jpg
1974_04,5,10,7,75,0.918,0.562,cells,1974/04/IMG_0040_2R.jpg
1974_05,0,9,6,39,1.0,0.727,cells,1974/05/IMG_0072_2R.jpg
1974_05,1,6,5,49,1.0,0.769,cells,1974/05/IMG_0077_2R.jpg
1974_05,2,5,5,49,1.0,0.5,cells,1974/05/IMG_0077_2R.jpg
1974_05,3,13,5,50,1.0,0.812,cells,1974/05/IMG_0078_1L.jpg
1974_05,4,27,5,51,0.857,0.464,cells,1974/05/IMG_0078_2R.jpg
1974_05,5,22,5,51,0.906,0.656,cells,1974/05/IMG_0078_2R.jpg
1974_05,6,5,3,52,0.909,0.545,cells,1974/05/IMG_0079_1L.jpg
1974_05,7,8,5,55,1.0,0.833,cells,1974/05/IMG_0080_2R.jpg
1974_05,8,21,6,69,0.905,0.667,cells,1974/05/IMG_0087_2R.jpg
1974_05,9,29,5,74,1.0,0.839,cells,1974/05/IMG_0090_1L.jpg
1974_06,0,3,2,3,0.907,0.687,cells,1974/06/IMG_0104_2R.jpg
1974_06,1,3,11,25,0.836,0.329,context,1974/06/IMG_0115_2R.jpg
1974_06,2,2,5,29,0.942,0.692,context,1974/06/IMG_0117_2R.jpg
1974_06,3,8,4,73,0.938,0.814,cells,1974/06/IMG_0139_2R.jpg
1974_06,4,2,4,97,0.944,0.445,context,1974/06/IMG_0151_2R.jpg
1974_07,0,3,2,3,0.942,0.675,cells,1974/07/IMG_0004_2R.jpg
1974_07,1,1,9,12,0.688,0.062,cells,1974/07/IMG_0009_1L.jpg
1974_07,2,2,6,13,0.952,0.692,context,1974/07/IMG_0009_2R.jpg
1974_07,3,2,6,14,0.947,0.719,context,1974/07/IMG_0010_1L.jpg
1974_07,4,3,8,16,0.983,0.85,cells,1974/07/IMG_0011_1L.jpg
1974_07,5,8,15,26,0.914,0.828,cells,1974/07/IMG_0016_1L.jpg
1974_07,6,19,5,29,1.0,0.657,cells,1974/07/IMG_0017_2R.jpg
1974_07,7,3,4,96,0.969,0.469,cells,1974/07/IMG_0051_1L.jpg
1974_08,0,17,3,27,1.0,0.763,cells,1974/08/IMG_0066_2R.jpg
1974_08,1,4,7,58,0.778,0.444,cells,1974/08/IMG_0082_1L.jpg
1974_08,2,6,6,96,0.885,0.731,cells,1974/08/IMG_0101_1L.jpg
1974_09,0,19,4,21,0.966,0.621,cells,1974/09/IMG_0113_2R.jpg
1974_09,1,20,6,22,0.99,0.602,cells,1974/09/IMG_0114_1L.jpg
1974_09,2,13,4,45,1.0,0.723,cells,1974/09/IMG_0125_2R.jpg
1974_10,0,12,10,31,0.944,0.796,cells,1974/10/IMG_0017_2R.jpg
1974_10,1,10,4,67,1.0,0.784,cells,1974/10/IMG_0035_2R.jpg
1974_10,2,3,7,92,0.833,0.501,cells,1974/10/IMG_0048_1L.jpg
1974_10,3,2,7,92,0.6,0.151,cells,1974/10/IMG_0048_1L.jpg
1974_10,4,2,7,96,0.846,0.463,cells,1974/10/IMG_0050_1L.jpg
1974_11,0,10,6,17,1.0,0.848,cells,1974/11/IMG_0060_2R.jpg
1974_11,1,6,8,17,0.952,0.714,cells,1974/11/IMG_0060_2R.jpg
1974_11,2,6,4,18,1.0,0.833,cells,1974/11/IMG_0061_1L.jpg
1974_11,3,8,8,50,0.958,0.417,cells,1974/11/IMG_0077_1L.jpg
1974_11,4,4,5,66,1.0,0.783,cells,1974/11/IMG_0085_1L.jpg
1974_12,0,7,7,30,1.0,0.848,cells,1974/12/IMG_0117_1L.jpg
1974_12,1,5,5,31,1.0,0.6,cells,1974/12/IMG_0117_2R.jpg
1974_12,2,13,15,41,0.939,0.728,cells,1974/12/IMG_0122_2R.jpg
1974_12,3,10,8,45,0.9,0.7,cells,1974/12/IMG_0124_2R.jpg
1974_12,4,15,8,46,0.967,0.615,cells,1974/12/IMG_0125_1L.jpg
1974_12,5,6,5,49,0.909,0.697,cells,1974/12/IMG_0126_2R.jpg
1974_12,6,6,5,50,0.833,0.583,cells,1974/12/IMG_0127_1L.jpg
1975_01,0,3,2,3,0.885,0.668,cells,1975/01/IMG_0004_2R.jpg
1975_01,1,5,4,15,1.0,0.571,cells,1975/01/IMG_0010_2R.jpg
1975_01,2,2,14,42,0.921,0.753,context,1975/01/IMG_0024_1L.jpg
1975_01,3,1,8,43,0.667,0.333,cells,1975/01/IMG_0024_2R.jpg
1975_01,4,6,4,45,1.0,0.609,cells,1975/01/IMG_0025_2R.jpg
1975_01,5,10,5,47,0.957,0.717,cells,1975/01/IMG_0026_2R.jpg
1975_01,6,7,8,72,0.88,0.721,cells,1975/01/IMG_0039_1L.jpg
1975_01,7,7,4,75,1.0,0.692,cells,1975/01/IMG_0040_2R.jpg
1975_02,0,13,3,4,0.963,0.833,cells,1975/02/IMG_0054_1L.jpg
1975_02,1,13,5,32,0.971,0.707,cells,1975/02/IMG_0068_1L.jpg
1975_02,2,14,7,33,0.982,0.825,cells,1975/02/IMG_0068_2R.jpg
1975_02,3,16,6,35,0.984,0.672,cells,1975/02/IMG_0069_2R.jpg
1975_02,4,4,5,37,1.0,0.579,cells,1975/02/IMG_0070_2R.jpg
1975_02,5,31,5,46,0.963,0.889,cells,1975/02/IMG_0075_1L.jpg
1975_02,6,4,3,65,0.921,0.697,context,1975/02/IMG_0084_2R.jpg
1975_02,7,1,6,66,0.807,0.506,context,1975/02/IMG_0085_1L.jpg
1975_02,8,1,8,66,0.667,0.333,cells,1975/02/IMG_0085_1L.jpg
1975_02,9,1,10,67,0.5,0.1,cells,1975/02/IMG_0085_2R.jpg
1975_02,10,8,9,67,1.0,0.842,cells,1975/02/IMG_0085_2R.jpg
1975_02,11,7,7,67,0.929,0.786,cells,1975/02/IMG_0085_2R.jpg
1975_02,12,2,4,93,1.0,0.647,cells,1975/02/IMG_0098_2R.jpg
1975_03,0,3,2,3,0.963,0.764,cells,1975/03/IMG_0103_2R.jpg
1975_03,1,5,5,80,1.0,0.727,cells,1975/03/IMG_0142_1L.jpg
1975_03,2,8,3,81,1.0,0.7,cells,1975/03/IMG_0142_2R.jpg
1975_04,0,3,2,3,0.965,0.78,cells,1975/04/IMG_0004_2R.jpg
1975_04,1,9,5,85,0.951,0.83,cells,1975/04/IMG_0045_2R.jpg
1975_05,0,3,2,3,0.956,0.692,cells,1975/05/IMG_0054_2R.jpg
1975_05,1,7,5,21,0.818,0.41,cells,1975/05/IMG_0063_2R.jpg
1975_05,2,2,2,85,1.0,0.333,context,1975/05/IMG_0095_2R.jpg
1975_05,3,3,4,85,0.9,0.2,cells,1975/05/IMG_0095_2R.jpg
1975_05,4,3,9,85,0.742,0.226,cells,1975/05/IMG_0095_2R.jpg
1975_05,5,4,9,86,0.778,0.407,cells,1975/05/IMG_0096_1L.jpg
1975_05,6,4,6,86,0.96,0.32,cells,1975/05/IMG_0096_1L.jpg
1975_05,7,5,9,87,0.851,0.234,cells,1975/05/IMG_0096_2R.jpg
1975_05,8,3,2,88,0.929,0.214,context,1975/05/IMG_0097_1L.jpg
1975_06,0,5,14,18,0.6,0.3,cells,1975/06/IMG_0112_1L.jpg
1975_06,1,5,13,20,0.789,0.632,cells,1975/06/IMG_0113_1L.jpg
1975_06,2,9,3,51,0.964,0.679,cells,1975/06/IMG_0128_2R.jpg
1975_06,3,15,4,67,0.967,0.626,cells,1975/06/IMG_0136_2R.jpg
1975_06,4,2,22,71,1.0,0.6,cells,1975/06/IMG_0138_2R.jpg
1975_06,5,3,8,71,0.778,0.279,cells,1975/06/IMG_0138_2R.jpg
1975_07,0,19,3,4,0.975,0.798,cells,1975/07/IMG_0005_1L.jpg
1975_07,1,6,8,7,0.857,0.643,cells,1975/07/IMG_0006_2R.jpg
1975_07,2,3,6,8,0.938,0.312,cells,1975/07/IMG_0007_1L.jpg
1975_07,3,2,5,9,1.0,0.5,cells,1975/07/IMG_0007_2R.jpg
1975_07,4,9,5,35,0.933,0.667,cells,1975/07/IMG_0020_2R.jpg
1975_07,5,10,8,42,0.881,0.738,cells,1975/07/IMG_0024_1L.jpg
1975_07,6,14,5,44,0.942,0.797,cells,1975/07/IMG_0025_1L.jpg
1975_07,7,4,4,45,1.0,0.5,cells,1975/07/IMG_0025_2R.jpg
1975_07,8,9,4,50,1.0,0.909,cells,1975/07/IMG_0028_1L.jpg
1975_07,9,7,7,55,1.0,0.969,cells,1975/07/IMG_0030_2R.jpg
1975_07,10,4,10,69,0.727,0.365,cells,1975/07/IMG_0038_2R.jpg
1975_07,11,3,3,72,0.929,0.429,cells,1975/07/IMG_0040_1L.jpg
1975_07,12,2,4,96,0.778,0.333,cells,1975/07/IMG_0052_1L.jpg
1975_08,0,4,7,39,0.853,0.541,cells,1975/08/IMG_0073_2R.jpg
1975_08,1,14,6,41,0.889,0.611,cells,1975/08/IMG_0074_2R.jpg
1975_08,2,8,7,41,0.8,0.289,cells,1975/08/IMG_0074_2R.jpg
1975_08,3,11,6,42,1.0,0.6,cells,1975/08/IMG_0075_1L.jpg
1975_08,4,6,10,52,1.0,0.385,cells,1975/08/IMG_0080_1L.jpg
1975_09,0,15,8,11,0.978,0.734,cells,1975/09/IMG_0109_2R.jpg
1975_09,1,8,5,51,1.0,0.876,cells,1975/09/IMG_0129_2R.jpg
1975_09,2,3,6,62,1.0,0.584,cells,1975/09/IMG_0135_1L.jpg
1975_10,0,3,2,3,0.924,0.686,cells,1975/10/IMG_0004_2R.jpg
1975_10,1,6,6,32,0.978,0.867,cells,1975/10/IMG_0019_1L.jpg
1975_10,2,2,5,59,1.0,0.456,cells,1975/10/IMG_0032_2R.jpg
1975_10,3,10,3,60,0.923,0.616,cells,1975/10/IMG_0033_1L.jpg
1975_10,4,10,2,60,1.0,0.701,cells,1975/10/IMG_0033_1L.jpg
1975_10,5,7,7,63,0.92,0.76,cells,1975/10/IMG_0034_2R.jpg
1975_11,0,6,5,27,1.0,0.609,cells,1975/11/IMG_0066_2R.jpg
1975_11,1,10,7,36,1.0,0.778,cells,1975/11/IMG_0071_1L.jpg
1975_11,2,13,5,70,1.0,0.824,cells,1975/11/IMG_0088_1L.jpg
1975_11,3,5,4,73,0.979,0.625,context,1975/11/IMG_0089_2R.jpg
1975_11,4,16,5,75,1.0,0.817,cells,1975/11/IMG_0090_2R.jpg
1975_11,5,2,7,97,1.0,0.786,cells,1975/11/IMG_0101_2R.jpg
1975_11,6,4,6,97,1.0,0.818,cells,1975/11/IMG_0101_2R.jpg
1975_12,0,3,2,4,0.986,0.784,cells,1975/12/IMG_0105_1L.jpg
1975_12,1,9,5,36,0.921,0.738,cells,1975/12/IMG_0121_1L.jpg
1975_12,2,6,3,91,1.0,0.715,cells,1975/12/IMG_0148_2R.jpg
1976_01,0,2,5,24,0.771,0.601,cells,1976/01/IMG_0015_1L.jpg
1976_01,1,7,5,73,1.0,0.407,cells,1976/01/IMG_0039_2R.jpg
1976_02,0,2,2,2,0.7,0.4,context,1976/02/IMG_0054_1L.jpg
1976_02,1,5,5,33,1.0,0.847,cells,1976/02/IMG_0069_2R.jpg
1976_03,0,23,5,33,0.988,0.506,cells,1976/03/IMG_0119_2R.jpg
1976_04,0,3,3,35,0.97,0.849,cells,1976/04/IMG_0020_2R.jpg
1976_04,1,7,7,36,0.941,0.588,cells,1976/04/IMG_0021_1L.jpg
1976_04,2,10,8,38,1.0,0.851,cells,1976/04/IMG_0022_1L.jpg
1976_04,3,2,8,67,0.955,0.455,context,1976/04/IMG_0036_2R.jpg
1976_04,4,2,10,67,1.0,0.708,cells,1976/04/IMG_0036_2R.jpg
1976_04,5,7,9,68,0.853,0.5,cells,1976/04/IMG_0037_1L.jpg
1976_04,6,12,4,69,1.0,0.829,cells,1976/04/IMG_0037_2R.jpg
1976_04,7,12,5,69,0.975,0.8,cells,1976/04/IMG_0037_2R.jpg
1976_04,8,6,5,70,1.0,0.469,cells,1976/04/IMG_0038_1L.jpg
1976_04,9,9,4,71,1.0,0.5,cells,1976/04/IMG_0038_2R.jpg
1976_04,10,12,7,72,1.0,0.622,cells,1976/04/IMG_0039_1L.jpg
1976_05,0,20,5,22,1.0,0.763,cells,1976/05/IMG_0064_1L.jpg
1976_05,1,4,5,32,1.0,0.637,cells,1976/05/IMG_0069_1L.jpg
1976_05,2,5,3,37,1.0,0.615,cells,1976/05/IMG_0071_2R.jpg
1976_05,3,3,8,46,0.714,0.214,cells,1976/05/IMG_0076_1L.jpg
1976_05,4,2,6,46,0.929,0.786,context,1976/05/IMG_0076_1L.jpg
1976_05,5,5,6,74,1.0,0.417,cells,1976/05/IMG_0090_1L.jpg
1976_06,0,12,2,4,0.943,0.751,cells,1976/06/IMG_0105_1L.jpg
1976_06,1,7,5,42,0.906,0.688,cells,1976/06/IMG_0124_1L.jpg
1976_06,2,4,10,85,0.963,0.853,cells,1976/06/IMG_0145_2R.jpg
1976_07,0,7,3,20,1.0,0.738,cells,1976/07/IMG_0013_1L.jpg
1976_07,1,5,4,43,1.0,0.706,cells,1976/07/IMG_0024_2R.jpg
1976_07,2,11,3,72,0.956,0.578,cells,1976/07/IMG_0039_1L.jpg
1976_07,3,10,3,73,0.929,0.393,cells,1976/07/IMG_0039_2R.jpg
1976_07,4,8,3,74,0.95,0.25,cells,1976/07/IMG_0040_1L.jpg
1976_07,5,10,3,74,0.952,0.429,cells,1976/07/IMG_0040_1L.jpg
1976_07,6,20,7,75,0.944,0.639,cells,1976/07/IMG_0040_2R.jpg
1976_08,0,8,5,8,1.0,0.652,cells,1976/08/IMG_0057_1L.jpg
1976_08,1,6,14,28,0.949,0.879,cells,1976/08/IMG_0067_1L.jpg
1976_08,2,6,4,41,1.0,0.474,cells,1976/08/IMG_0073_2R.jpg
1976_08,3,5,3,67,0.921,0.667,cells,1976/08/IMG_0086_2R.jpg
1976_08,4,11,3,67,0.914,0.5,cells,1976/08/IMG_0086_2R.jpg
1976_08,5,2,2,70,0.911,0.62,cells,1976/08/IMG_0088_1L.jpg
1976_08,6,17,7,75,0.875,0.47,cells,1976/08/IMG_0090_2R.jpg
1976_08,7,12,4,78,1.0,0.8,cells,1976/08/IMG_0092_1L.jpg
1976_09,0,3,2,3,0.955,0.743,cells,1976/09/IMG_0104_2R.jpg
1976_09,1,10,8,8,0.961,0.902,cells,1976/09/IMG_0107_1L.jpg
1976_09,2,2,8,15,0.75,0.438,cells,1976/09/IMG_0110_2R.jpg
1976_10,0,9,4,7,1.0,0.681,cells,1976/10/0070_2R.jpg
1976_10,1,53,3,31,1.0,0.789,cells,1976/10/0190_2R.jpg
1976_10,2,6,7,62,1.0,0.684,cells,1976/10/0350_1L.jpg
1976_10,3,8,6,63,1.0,0.478,cells,1976/10/0350_2R.jpg
1976_10,4,14,9,74,0.941,0.266,cells,1976/10/0410_1L.jpg
1976_10,5,12,7,77,0.929,0.25,cells,1976/10/0420_2R.jpg
1976_10,6,12,5,79,0.958,0.208,cells,1976/10/0430_2R.jpg
1976_11,0,12,13,38,0.99,0.902,cells,1976/11/0200_1L.jpg
1976_11,1,6,8,39,1.0,0.5,cells,1976/11/0200_2R.jpg
1976_11,2,12,7,70,1.0,0.583,cells,1976/11/0360_1L.jpg
1976_11,3,29,8,72,0.97,0.788,cells,1976/11/0370_1L.jpg
1976_11,4,3,5,74,0.971,0.618,context,1976/11/0380_1L.jpg
1976_11,5,18,4,77,1.0,0.849,cells,1976/11/0390_2R.jpg
1976_12,0,3,2,4,0.958,0.705,cells,1976/12/0030_1L.jpg
1976_12,1,8,4,23,1.0,0.5,cells,1976/12/0120_2R.jpg
1976_12,2,4,8,24,1.0,0.538,cells,1976/12/0130_1L.jpg
1976_12,3,12,5,25,1.0,0.667,cells,1976/12/0130_2R.jpg
1976_12,4,7,18,26,0.85,0.4,cells,1976/12/0140_1L.jpg
1976_12,5,2,11,27,1.0,0.5,cells,1976/12/0140_2R.jpg
1976_12,6,2,6,56,1.0,0.87,cells,1976/12/0290_1L.jpg
1976_12,7,7,4,58,1.0,0.75,cells,1976/12/0300_1L.jpg
1976_12,8,5,3,58,1.0,0.333,cells,1976/12/0300_1L.jpg
1976_12,9,8,4,67,0.949,0.873,cells,1976/12/0340_2R.jpg
