word;label;src;page;ctx
фирмы-изготовителя;составное;1991_v16;IMG_0624_L; (по возможности) указать название фирмы-изготовителя, страну ее нахождения и номер моде
импорт-экспорт;составное;1991_v16;IMG_0624_L;6 4HY, ENGLAND. (Англия, „Кембридж импорт-экспорт Ко лимитед“ (Отдел МС), 122-126 Ки
книжно-журнальная;составное;1991_v16;IMG_0625_L;1.01.91. Формат 60×88 1/16. Бумага книжно-журнальная. Офсет. Усл. печ. л. 6,86/7,35 усл
Материально-техническое;составное;1991_v16;IMG_0625_L;, 25  © Издательство «Экономика», «Материально-техническое снабжение», 1991 
материально-технического;составное;1991_v16;IMG_0626_L;*ПРОБЛЕМЫ И СУЖДЕНИЯ*  Системе материально-технического обеспечения, как и всему народному
кого-то;составное;1991_v16;IMG_0626_R;собственнику нужно у кого-то получать работу, гарантировать ему
как-то;составное;1991_v16;IMG_0626_R;том попытки большинства работников как-то приобщиться к делёжу дохода коопер
по-новому;составное;1991_v16;IMG_0627_L;ых форм собственности вместе с тем по-новому освещает проблему наемного труда п
купля-продажа;составное;1991_v16;IMG_0627_L;ным продуктом. По марксовой теории купля-продажа рабочей силы при капитализме прояв
По-иному;составное;1991_v16;IMG_0627_R;ние проблемы со стороны работника. По-иному, но тоже справедливо она выглядит 
из-за;составное;1991_v16;IMG_0627_R;у него работать. Однако трудящиеся из-за отсутствия у них средств производс
купли-продажи;составное;1991_v16;IMG_0627_R;нными бумагами на фондовой бирже и купли-продажи недвижимости. Эти формы дохода осо
где-то;составное;1991_v16;IMG_0627_R;редства производства можно было бы где-то за восемь лет, но это нереально, а
какой-нибудь;составное;1991_v16;IMG_0648_L;тия возникла срочная потребность в какой-нибудь технике, оно может обратиться в те
оптово-посреднических;составное;1991_v16;IMG_0648_L;управлений, генеральных директоров оптово-посреднических фирм, специалистов центрального ап
когда-нибудь;составное;1991_v16;IMG_0648_R;требителю лизинговых услуг вряд ли когда-нибудь будет передано право собственности
материально-финансовую;составное;1991_v16;IMG_0668_L;структурными сдвигами, нарушающими материально-финансовую сбалансированность. А без нее не м
товарно-денежного;составное;1991_v16;IMG_0668_L;ое развитие экономики, становление товарно-денежного рынка. Поэтому важно определить ры
материально-финансовая;составное;1991_v16;IMG_0668_L;обладает административная система, материально-финансовая сбалансированность которой понимае
товарно-денежной;составное;1991_v16;IMG_0668_R;ло одним из главных факторов роста товарно-денежной несбалансированности, когда значит
налично-денежного;составное;1991_v16;IMG_0668_R; пропорциональности безналичного и налично-денежного оборота все в большей степени испо
материально-финансовой;составное;1991_v16;IMG_0668_R;этому задача обеспечения подлинной материально-финансовой сбалансированности может быть реше
производственно-хозяйственной;составное;1991_v16;IMG_0669_L;ика немыслима без новых подходов к производственно-хозяйственной деятельности предприятий.  В больш
выставках-продажах;составное;1991_v16;IMG_0669_R;нению. А также благодаря участию в выставках-продажах, которые периодически проводятся в
предприятиями-поставщиками;составное;1991_v16;IMG_0669_R;ые материалы, заключают договоры с предприятиями-поставщиками и Одессаглавснабом от имени объеди
картонно-бумажной;составное;1991_v16;IMG_0670_L;альных ресурсов, организованный на картонно-бумажной фабрике «Олимпия». Он представляет
цельно-металлических;составное;1991_v16;IMG_0670_L;н представляет собой два спаренных цельно-металлических модуля общей площадью около 2 тыся
транспортно-заготовительных;спорно;1991_v16;IMG_0670_L;мерное обеспечение при минимальных транспортно-заготовительных расходах.  Появилась заинтересован
информационно-коммерческих;составное;1991_v16;IMG_0670_R;е продукции к потреблению, а также информационно-коммерческих и других видов посреднических услу
Снабженческо-сбытовым;составное;1991_v16;IMG_0671_R; СССР, управснабах облисполкомов.  Снабженческо-сбытовым организациям и предприятиям понадо
финансово-кредитных;составное;1991_v16;IMG_0671_R;внутренних ресурсов, в том числе и финансово-кредитных. При создании свободного региональ
торгово-экономических;составное;1991_v16;IMG_0672_L; масштабы, структура и формы наших торгово-экономических и научно-технических связей с зару
научно-технических;составное;1991_v16;IMG_0672_L;ормы наших торгово-экономических и научно-технических связей с зарубежными партнерами не
технико-экономические;составное;1991_v16;IMG_0672_R;сать «протокол о намерениях», дать технико-экономические обоснования целесообразности испол
производственно-технического;составное;1991_v16;IMG_0672_R;Т ТЕХНИКИ  Улучшение использования производственно-технического потенциала агропромышленного компл
материально-техническими;составное;1991_v16;IMG_0672_R; комплекса, повышение оснащенности материально-техническими ресурсами — одна из наиболее остры
материально-технических;составное;1991_v16;IMG_0672_R;роблема эффективного использования материально-технических ресурсов остра еще и потому, что т
материально-технические;составное;1991_v16;IMG_0673_L;женцы стали реализовывать излишние материально-технические ценности через комиссионно-розничн
комиссионно-розничные;составное;1991_v16;IMG_0673_L;риально-технические ценности через комиссионно-розничные магазины, организовывать техническ
строительно-дорожная;составное;1991_v16;IMG_0673_L;я различная: сельскохозяйственная, строительно-дорожная, измерительная (точные приборы, ме
планово-убыточным;составное;1991_v16;IMG_0673_R;кционной почты*  Предприятие стало планово-убыточным. Руководители предприятия стали ис
во-первых;составное;1991_v16;IMG_0673_R;ности пунктов проката объясняется: во-первых, незначительными расходами на ремо
во-вторых;составное;1991_v16;IMG_0673_R;измов, находящихся в эксплуатации, во-вторых, небольшими фондами оплаты труда р
командно-административные;составное;1991_v16;IMG_0674_L; всех нас это тяжелое время, когда командно-административные механизмы официально признаны утра
Социально-экономическая;составное;1991_v16;IMG_0674_L;ебои с товарами и продовольствием. Социально-экономическая нестабильность неизбежно повлекла 
торгово-закупочные;составное;1991_v16;IMG_0674_L; поправкам. Вспомним хотя бы те же торгово-закупочные кооперативы. Когда-то их обвиняли 
Когда-то;составное;1991_v16;IMG_0674_L;же торгово-закупочные кооперативы. Когда-то их обвиняли во всех смертных греха
кто-то;составное;1991_v16;IMG_0674_R;ю продукцию. Нужна специализация — кто-то растит цветы, кто-то их транспорти
грузовики-рефрижераторы;составное;1991_v16;IMG_0674_R;очку: заключает договора, арендует грузовики-рефрижераторы, находит складские помещения. Все 
купцы-негоцианты;составное;1991_v16;IMG_0674_R;иском. То, чем издревле занимались купцы-негоцианты, перевозившие по караванным путям 
волей-неволей;составное;1991_v16;IMG_0674_R;истых кассет в продаже нет, значит волей-неволей купишь. Имеют они на этом огромные
командно-административной;составное;1991_v16;IMG_0674_R;нам, что, безусловно, было выгодно командно-административной системе. Наша задача — борьба с пр
по-крупному;составное;1991_v16;IMG_0674_R;мелочи, а заниматься преступностью по-крупному. Нас же вполне намеренно втягивают
чем-то;составное;1991_v16;IMG_0674_R;представления о мелком бизнесе как чем-то предосудительном не так легко. Хот
каким-то;составное;1991_v16;IMG_0675_L;рубля. К тому же дефицит всегда по каким-то каналам уходил к привилегированном
три-четыре;составное;1991_v16;IMG_0675_R;остное положение, либо заплативший три-четыре цены.  **Корр.:** Но где же тогда 
эти-то;составное;1991_v16;IMG_0676_L; ничего не платят государству. Вот эти-то силы и вступают сейчас в яростное 
два-три;составное;1991_v16;IMG_0677_L;нке с уголовной преступностью. Еще два-три года назад никому не пришло бы в г
куда-то;составное;1991_v16;IMG_0677_L; фонд борьбы с преступностью, а не куда-то в безликий бюджет. Вот мы столкнул
материально-техническому;составное;1966_v16;IMG_0105_2R;Совета Министров Украинской ССР по материально-техническому снабжению*  В соответствии с решен
союзно-республиканские;составное;1966_v16;IMG_0105_2R;ссийской Федерации. В УССР созданы союзно-республиканские министерства черной металлургии, у
союзно-республиканскими;составное;1966_v16;IMG_0106_1L;"едприятий, находящихся на Украине; союзно-республиканскими министерствами СССР для соответств"
союзно-республиканского;составное;1966_v16;IMG_0106_1L; данные по предприятиям союзного и союзно-республиканского подчинения, а главснабы республика
заказ-наряды;составное;1966_v16;IMG_0106_1L;дов республики и специфицированные заказ-наряды на поставку с предприятий других р
заводам-поставщикам;составное;1966_v16;IMG_0106_1L;тов) выдают кооперированные заказы заводам-поставщикам с указанием спецификаций и получат
министерств-получателей;составное;1966_v16;IMG_0106_1L;. В этих заказах указываются шифры министерств-получателей, территориальных управлений, поста
заводам-изготовителям;составное;1966_v16;IMG_0106_2R;и.  План поставки дает возможность заводам-изготовителям заранее планировать обеспечение пр
наряд-заказов;составное;1966_v16;IMG_0106_2R;срока поставок достаточно выданных наряд-заказов и заключенных договоров. На самом 
наряд-заказах;составное;1966_v16;IMG_0106_2R;воров. На самом деле это не так. В наряд-заказах и договорах не конкретизированы ср
заводы-поставщики;составное;1966_v16;IMG_0106_2R;рованы сроки поставки. В договорах заводы-поставщики стараются проставить наиболее допу
ремонтно-эксплуатационных;составное;1966_v16;IMG_0107_1L;ь вопрос и с обеспечением металлом ремонтно-эксплуатационных нужд самой металлургической промыш
снабженческо-сбытовой;составное;1966_v16;IMG_0107_1L;обеспечивается. Для улучшения всей снабженческо-сбытовой работы целесообразно, чтобы террит
Снабженческо-сбытовые;составное;1966_v16;IMG_0107_2R;го улучшения складского снабжения. Снабженческо-сбытовые базы являются по существу специфич
предприятий-поставщиков;составное;1966_v16;IMG_0107_2R;ющими крупные партии материалов от предприятий-поставщиков для последующей подсортировки, ком
электронно-вычислительной;составное;1966_v16;IMG_0108_1L;ии, приспособленной для применения электронно-вычислительной техники. В республике имеется опыт
электронно-вычислительных;составное;1966_v16;IMG_0108_1L;хнического снабжения с применением электронно-вычислительных машин. В Киевском территориальном 
счетно-перфорационных;составное;1966_v16;IMG_0108_1L; приспособлена для суммирования на счетно-перфорационных машинах. Разработка сводного специ
научно-исследовательским;составное;1966_v16;IMG_0108_2R;ыми бесшовными трубами. Украинским научно-исследовательским трубным институтом совместно с инс
технико-экономических;составное;1966_v16;IMG_0109_1L;существляться дальнейшее повышение технико-экономических параметров, срока службы и надежно
заводов-поставщиков;составное;1966_v16;IMG_0109_2R;х пор каждый потребитель получал с заводов-поставщиков необходимые ему электроизделия. Зн
предприятий-потребителей;составное;1966_v16;IMG_0109_2R;ая часть из них оседала на складах предприятий-потребителей и не вовлекалась в оборот. Новый п
предприятиям-потребителям;составное;1966_v16;IMG_0110_1L;? Не проще ли дать право отдельным предприятиям-потребителям заказывать заводам-поставщикам, с 
подъемно-транспортного;составное;1966_v16;IMG_0110_2R;нинградским и Харьковским заводами подъемно-транспортного оборудования и заводом «Динамо» — 
заводами-поставщиками;составное;1966_v16;IMG_0110_2R;вязей по электрооборудованию между заводами-поставщиками и заводами-потребителями, в которо
заводами-потребителями;составное;1966_v16;IMG_0110_2R;анию между заводами-поставщиками и заводами-потребителями, в котором предусматривается поста
технико-экономическим;составное;1966_v16;IMG_0111_1L;лектротехнических изделий по своим технико-экономическим характеристикам уступают мировым с
министерства-поставщики;составное;1966_v16;IMG_0111_1L;ом качестве и принимать меры через министерства-поставщики к устранению этих недостатков.  Пр
министерствами-поставщиками;составное;1966_v16;IMG_0111_2R;емов производства и номенклатуры с министерствами-поставщиками, подготовлены и разосланы формы за
заводом-поставщиком;составное;1966_v16;IMG_0111_2R;ыми организациями, потребителями и заводом-поставщиком. 
завод-поставщик;составное;1966_v16;IMG_0112_1L;оставки. Только при таких условиях завод-поставщик справится вовремя с заданием.  К с
контрольно-диспетчерский;составное;1966_v16;IMG_0112_1L; структуре Союзглавэлектро имеется контрольно-диспетчерский отдел, который сосредоточивает всю
планово-производственным;составное;1966_v16;IMG_0112_1L;я всех потребителей осуществляется планово-производственным отделом и оперативными отделами, к
заказ-заявку;составное;1966_v16;IMG_0112_2R; объединения «Сельхозтехника» лишь заказ-заявку с указанием потребного количества 
франко-вагон;составное;1966_v16;IMG_0114_1L; минеральные удобрения оптовых цен франко-вагон станция назначения, в которые наря
Оптово-посреднические;составное;mini_v16;IMG_0067_L;ного обеспечения.  Принцип второй. Оптово-посреднические организации на уровне союза, респу
глав-снабам;спорно;mini_v16;IMG_0068_L;тры, которые стали альтернативными глав-снабам звеньями рыночной инфра-структуры.
инфра-структуры;перенос;mini_v16;IMG_0068_L;ными глав-снабам звеньями рыночной инфра-структуры. Из чисто информационных они превр
снабженческо-сбытовых;составное;mini_v16;IMG_0068_L;разного толка. У нас всего 8 тысяч снабженческо-сбытовых организаций, находящихся на самост
ба-лансе;перенос;mini_v16;IMG_0068_L;ий, находящихся на самостоятельном ба-лансе. А в странах с рыночной экономи-ко
экономи-кой;перенос;mini_v16;IMG_0068_L;м ба-лансе. А в странах с рыночной экономи-кой их в десятки раз больше. Кроме тог
ограничи-вается;перенос;mini_v16;IMG_0068_L;а, как я уже говорил, искусственно ограничи-вается межреспубликанскими и межоб-ластны
межоб-ластными;перенос;mini_v16;IMG_0068_L;аничи-вается межреспубликанскими и межоб-ластными барьерами. А биржевой товар не уде
соби-рается;перенос;mini_v16;IMG_0068_L;. На универсальных товарных биржах соби-рается большое количество продавцов и пок
купле-продаже;составное;mini_v16;IMG_0068_L;упателей, которые договариваются о купле-продаже, сами устанавливают цену на товар.
рес-публик;перенос;mini_v16;IMG_0068_L;я интересов товаропроизводителей и рес-публик создана Межреспубликанская товарна
ры-ночная;перенос;mini_v16;IMG_0068_L;ржи.  — Это совершенно независимая ры-ночная структура, которая в своей деятель
интереса-ми;перенос;mini_v16;IMG_0068_L;своей деятельности руководствуется интереса-ми всех членов биржи. А в биржевом ко
уче-дители;перенос;mini_v16;IMG_0068_L;м комитете — 41 представитель. Как уче-дители в него вошли все госснабы республи
бо-лее;перенос;mini_v16;IMG_0068_L;ую организацию. Среди членов биржи бо-лее половины — крупные промышлен-ные п
промышлен-ные;перенос;mini_v16;IMG_0068_L;ов биржи бо-лее половины — крупные промышлен-ные предприятия.  Мы не собираемся на 
предприятие-учредитель;составное;mini_v16;IMG_0068_L;Как и на любой бирже, у нас каждая предприятие-учредитель может само стоятельно создавать бр
териально-технического;спорно;mini_v16;IMG_0068_L;желающим. Территориальный орган ма териально-технического обеспечения или другая посредничес
кое-нибудь;составное;mini_v16;IMG_0068_L;ация, обслуживающая по договору ка кое-нибудь промышленное предприятие сможет пр
жилищно-коммунального;составное;mini_v16;IMG_0051_L;местной, топливной промышленности, жилищно-коммунального хозяйства и бытового обслуживания 
социально-экономического;составное;mini_v16;IMG_0051_L;оветов по обеспечению комплексного социально-экономического развития регионов создаются главны
планово-экономические;составное;mini_v16;IMG_0051_L;азвития регионов создаются главные планово-экономические управления (ГлавПЭУ). Они имеют бо
социально-экономическими;составное;mini_v16;IMG_0053_L;риториального самофинансирования и социально-экономическими результатами его внедрения. В связ
национально-территориальная;составное;mini_v16;IMG_0053_L;опустимы региональная замкнутость, национально-территориальная изолированность.  Разрабатывая про
чьи-то;составное;mini_v16;0070_L;ый. При этом реальная ситуация или чьи-то интересы диктуют необходимость их 
торгово-посреднических;составное;mini_v16;0070_L;имание уделили выработке концепции торгово-посреднических оптовых фирм. 
организационно-технических;составное;mini_v16;IMG_0046_L;ов, можно рассчитать эффективность организационно-технических мероприятий, обеспечивающих эконом
кому-либо;составное;mini_v16;IMG_0006_L;РСФСР в 1992 году». Вряд ли кому-либо надо объяснять, что подобный докум
какие-то;составное;mini_v16;IMG_0006_L;, хотел бы, разумеется, иметь хоть какие-то гарантии (пусть самые минимальные)
оптово-посреднической;составное;mini_v16;IMG_0006_L;й и взаимодействия с организациями оптово-посреднической сети снабжения.  Проект документа,
опорадминистративно-командной;составное;mini_v16;IMG_0006_R; виде вообще нет. Госснаб СССР как опорадминистративно-командной системы перестал существовать, Мин
матери-альных;перенос;mini_v16;IMG_0006_R;ерестал существовать, Министерство матери-альных ресурсов СССР как первый рыночный 
регулирова-ния;перенос;mini_v16;IMG_0006_R; рыночный вариант государственного регулирова-ния товарообращения не вписалось в нов
респуб-лик;перенос;mini_v16;IMG_0006_R;вать контрактная система на уровне респуб-лик! Об этом беседа нашего корреспонде
Госкомобес-печения;перенос;mini_v16;IMG_0006_R;орреспондента с начальником отдела Госкомобес-печения РСФСР Игорем Ивановичем *Коржаном*
товаропроизводите-лями;перенос;mini_v16;IMG_0006_R;ая система отношений государства с товаропроизводите-лями, если на свободных торгах поставщи
феде-ральная;перенос;mini_v16;IMG_0006_R; чисто ры-ночная. В США, например, феде-ральная контрактная система так же, как и 
Естест-венно;перенос;mini_v16;IMG_0006_R;ки для нужд бюджетных организаций. Естест-венно, контракты заключаются иск- 
материально-техническим;составное;mini_v16;IMG_0008_L;ддержке союзного органа управления материально-техническим обеспечением могут нуждаться и дру
тонно-проценту;спорно;1966_v6;IMG_0115_1L;авок и расчетов с потребителями по тонно-проценту содержащихся в удобрениях питатель
материально-технической;составное;1966_v6;IMG_0115_1L;рениями — важный фактор укрепления материально-технической базы сельскохозяйственного произво
предприятий-изготовителей;составное;1966_v6;IMG_0115_2R; материальные ресурсы не только от предприятий-изготовителей, но и со складов снабженческо-сбыт
каком-либо;составное;1966_v6;IMG_0115_2R;плановая потребность предприятия в каком-либо материале не достигает нормы отпус
заводу-изготовителю;составное;1966_v6;IMG_0116_1L;рмами, потребитель обязан заказать заводу-изготовителю каждый сорторазмер рядового металл
завода-изготовителя;составное;1966_v6;IMG_0116_1L;о потребитель, который получает от завода-изготовителя несколько сорторазмеров, мог бы за
по-своему;составное;1966_v6;IMG_0116_1L;вагон. Поэтому каждый шинный завод по-своему трактует норму погрузки. Например,
погрузочно-разгрузочным;составное;1966_v6;IMG_0117_1L;словиям транспортировки, хранения, погрузочно-разгрузочным работам и т. д.  Во-вторых, метод 
предприятие-потребитель;составное;1966_v6;IMG_0117_1L;когда продукт получает только одно предприятие-потребитель, и совершенно иной — при нескольки
производственно-экономическими;составное;1966_v6;IMG_0117_1L;выше, определяется главным образом производственно-экономическими условиями. В отличие от нее величи
материально-техническом;составное;1966_v6;IMG_0117_2R;бствовать ликвидации недостатков в материально-техническом снабжении и сбыте. Плановые транзи
предприятиями-смежниками;составное;1966_v6;IMG_0118_2R;енно между головным предприятием и предприятиями-смежниками, а также между последними друг с д
производственно-техническую;составное;1966_v6;IMG_0118_2R; предприятие существенно влияет на производственно-техническую и правовую стороны деятельности см
планово-договорных;составное;1966_v6;IMG_0118_2R;а и взаимопомощи между участниками планово-договорных обязательств в период развернутого
заказ-нарядов;составное;1966_v6;IMG_0119_1L;словиях, обеспечивающих выполнение заказ-нарядов заказчиков. Заказ-наряды головных 
кто-либо;составное;1966_v6;IMG_0119_1L;но головное предприятие лучше, чем кто-либо другой, знает все те условия, кото
предприятии-смежнике;составное;1966_v6;IMG_0119_2R;а отсюда и за качеством изделий на предприятии-смежнике.  При обычных поставках продукции 
оперативно-хозяйственную;составное;1966_v6;IMG_0119_2R;сти и не вмешиваясь при этом в его оперативно-хозяйственную деятельность.  Нельзя не заметить,
предприятия-смежника;составное;1966_v6;IMG_0120_1L;ветствующее материальное поощрение предприятия-смежника головным поставщиком.  * * *  Сейч
Архитектурно-строительная;составное;1966_v6;IMG_0120_2R;рования и строительства таких баз. Архитектурно-строительная часть проекта разработана ГПИ-6, т
кран-штабелеры;составное;1966_v6;IMG_0121_1L;ктропогрузчики и штабелеукладчики, кран-штабелеры лифтового или подвесного типа груз
информационно-вычислительные;составное;1966_v6;IMG_0122_1L;ьших вычислительных работ. Поэтому информационно-вычислительные центры должны стать обязательной ч
алфавитно-цифровых;составное;1966_v6;IMG_0122_1L;100 тыс. т составит около 1,3 млн. алфавитно-цифровых знаков в смену. Расчеты показали, 
счетно-конторского;составное;1966_v6;IMG_0122_1L;ло бы иметь 200 человек учетного и счетно-конторского персонала. Применение электронной 
сливо-наливное;составное;1966_v6;IMG_0122_1L;" парка; 4 — резервуарный парк; 5 — сливо-наливное устройство резервуарного парка; 6 "
административно-хозяйственный;составное;1966_v6;IMG_0122_2R;459 418 287   в том числе:         административно-хозяйственный и управленческий персонал 100в том
строительно-монтажные;составное;1966_v6;IMG_0122_2R;8 2410 3424   в том числе:         строительно-монтажные работы, тыс. руб. 1330 2170 3080 3
учетно-счетного;составное;1966_v6;IMG_0123_1L;вов оборотных средств. Численность учетно-счетного персонала в системе материально-те
кузнечно-прессового;составное;1966_v6;IMG_0124_1L;района — Челябинских тракторного и кузнечно-прессового заводов и Уральского автомобильног
кузнечно-прессовому;составное;1966_v6;IMG_0124_1L;стет.  В прошлом году Челябинскому кузнечно-прессовому заводу Новокузнецкий меткомбинат о
предприятию-изготовителю;составное;1966_v6;IMG_0125_1L;мых по- требителем непосредственно предприятию-изготовителю, что будет спо- собствовать дальне
научно-исследовательские;составное;1966_v6;IMG_0125_2R;ких работ. Надо прямо сказать, что научно-исследовательские организации неохотно идут на заклю
строительно-монтажных;составное;1966_v6;IMG_0127_1L; из-за неудовлетворительной работы строительно-монтажных организаций Министерства строитель
технико-экономического;составное;1966_v6;IMG_0127_2R;тическими, они устанавливаются без технико-экономического обоснования. В связи с этим на 196
котельно-печного;составное;1966_v6;IMG_0127_2R;а 1966 г. утверждены нормы расхода котельно-печного топлива на 5—12% выше фактически д
киловатт-час;составное;1966_v6;IMG_0127_2R;ые на 10—40 г на каждый отпущенный киловатт-час. При этом около половины электрост
автомобилей-тягачей;составное;1966_v6;IMG_0128_1L;нспорта, не хватает автоприцепов и автомобилей-тягачей, имеют место дальние междугородние
горюче-смазочных;составное;1966_v6;IMG_0128_2R; было израсходовано около 9 тыс. т горюче-смазочных материалов. В 1966 г. перегон авто
Котлы-утилизаторы;составное;1966_v6;IMG_0128_2R;ся значительные потери конденсата. Котлы-утилизаторы осваиваются длительное время, они 
целлюлозно-бумажной;составное;1966_v6;IMG_0129_1L;.  На заводах Министерства лесной, целлюлозно-бумажной и деревообрабатывающей промышленно
коммунисты-динамовцы;составное;1966_v6;IMG_0132_1L;я организация завода «Динамо», все коммунисты-динамовцы считают своим первейшим долгом нап
трудо-часов;спорно;1966_v6;IMG_0132_1L;то позволило сэкономить 998,7 тыс. трудо-часов, 412,8 т цветных и 1754,4 т 
краново-металлургического;составное;1966_v6;IMG_0132_2R;еред запрессовкой их на вал ротора краново-металлургического электродвигателя. Листы железа под
инженерно-технические;составное;1966_v6;IMG_0133_1L;нию этих задач были привлечены все инженерно-технические работники завода. По-новому стимул
кузнечно-сварочном;составное;1966_v6;IMG_0133_2R;ения на металлорежущих станках и в кузнечно-сварочном производстве. Однако для этого нуж
научно-исследовательского;составное;1966_v6;IMG_0134_1L;и изоляционного отдела Всесоюзного научно-исследовательского и проектно-технологического инстит
проектно-технологического;составное;1966_v6;IMG_0134_1L;юзного научно-исследовательского и проектно-технологического института при заводе «Динамо» (ВНИ
планово-экономическим;составное;1966_v6;IMG_0134_2R;го технолога, главного металлурга, планово-экономическим, отделом труда и заработной платы.
киловатт-часов;составное;1966_v6;IMG_0134_2R;бережены народные средства, тысячи киловатт-часов электроэнергии, тонны металла и ма
предприятиям-поставщикам;составное;1966_v6;IMG_0135_1L;ом за несвоевременный возврат тары предприятиям-поставщикам. Причины оказались простыми — никт
Двигатель-возбудитель;составное;1966_v6;IMG_0135_1L;ваемым возбудителем серии ДК-913.  Двигатель-возбудитель делается так: из Латвии с Рижского
инженерно-технических;составное;1966_v6;IMG_0135_1L;ых делегировано свыше 400 рабочих, инженерно-технических работников, служащих и пенсионеров
сарей-сборщиков;спорно;1966_v6;IMG_0136_1L;игады коммунистического труда сле- сарей-сборщиков крупных электродвигателей переменн
административно-управленческого;составное;1966_v6;IMG_0136_1L;есте с тем сокращаем числен- ность административно-управленческого персонала на 36 человек.  У нас по
административно-управленческие;составное;1966_v6;IMG_0136_2R;анзитному товарообороту (например, административно-управленческие расходы), и поэтому анализировать 
административно-управленческих;составное;1966_v6;IMG_0137_1L;и отделений. Относительный уровень административно-управленческих расходов принято планировать и ана
почтово-телеграфные;составное;1966_v6;IMG_0137_1L;большие затраты времени и средств, почтово-телеграфные и телефонные расходы и др. Поэтому
до-полнительного;перенос;1966_v6;IMG_0137_2R;лан товарооборота выполнен за счет до-полнительного поступления товаров при наличии кр
задол-женности;перенос;1966_v6;IMG_0137_2R;я товаров при наличии кредиторской задол-женности. К сожалению, почти нет, если не с
измене-ния;перенос;1966_v6;IMG_0137_2R;ти нет, если не считать небольшого измене-ния издержек за счет процентов, уплаче
руко-водителей;перенос;1966_v6;IMG_0137_2R;"ствами; во-вторых, будет побуждать руко-водителей и коллективы своевременно реализов"
ресур-сы;перенос;1966_v6;IMG_0137_2R;евременно реализовать материальные ресур-сы и создавать условия для их лучшего
процен-та;перенос;1966_v6;IMG_0137_2R;ных фондов. Взимание определенного процен-та от стоимости основных средств, чис
нера-ционально;перенос;1966_v6;IMG_0137_2R;льшим расходом, а для организаций, нера-ционально использующих основные средства, эт
весь-ма;перенос;1966_v6;IMG_0137_2R;овные средства, этот расход был бы весь-ма чувствителен.  Степень рационально
непосред-ственно;перенос;1966_v6;IMG_0137_2R;ьности использования фондов должна непосред-ственно отражаться на издержках обращения 
деятель-ности;перенос;1966_v6;IMG_0137_2R; издержках обращения и результатах деятель-ности снабженческо-сбытовых организаций.
убе-диться;перенос;1966_v6;IMG_0137_2R;овых организаций. Коллектив должен убе-диться, что в случае плохого использовани
Отчисле-ния;перенос;1966_v6;IMG_0137_2R; для образования фондов поощрения. Отчисле-ния в бюджет за пользование основными 
це-лесообразно;перенос;1966_v6;IMG_0137_2R; основными и оборотными средствами це-лесообразно дифференцировать: отчисления по св
сле-довало;перенос;1966_v6;IMG_0137_2R;в и неиспользованному оборудованию сле-довало бы установить намного выше, чем от
таб-лице;перенос;1966_v6;IMG_0137_2R;аблице издержек обращения, так и в таб-лице прибылей и убытков, но обязательно
пре-делах;перенос;1966_v6;IMG_0137_2R;бязательно раздельно от расходов в пре-делах норм.  Снабженческим организациям 
норма-тивы;перенос;1966_v6;IMG_0137_2R;изациям нужны различные нормативы: норма-тивы по труду (нагрузка на одного работ
опре-деленного;перенос;1966_v6;IMG_0137_2R;"одного работника склада материалов опре-деленного профиля); нормативы по использован"
рабочих-грузчиков;составное;1966_v6;IMG_0137_2R;"ди складов; средние нормы нагрузки рабочих-грузчиков; поста-тейные средние нормы издерж"
поста-тейные;перенос;1966_v6;IMG_0137_2R;" нормы нагрузки рабочих-грузчиков; поста-тейные средние нормы издержек по видам пр"
поль-зуются;перенос;1966_v6;IMG_0137_2R;перевозке и при хранении, которыми поль-зуются снабженческие организации, не пере
на-деляются;перенос;1966_v6;IMG_0137_2R; вопрос. Снабженческие организации на-деляются собственными оборотными средствами
норма-тива;перенос;1966_v6;IMG_0137_2R;боротными средствами в размере 50% норма-тива за вычетом устойчивых пассивов. По
социально-му;перенос;1966_v6;IMG_0137_2R;и соответствующая задолженность по социально-му страхованию, резервы предстоящих п
за-долженность;перенос;1966_v6;IMG_0137_2R;стойчивым пассивам также случайную за-долженность покупателям, разным кредиторам и д
чулочно-носочных;составное;1966_v6;IMG_0138_1L;льных материалов, плащевых тканей, чулочно-носочных и других изделий бытового и технич
вагонов-хопперов;составное;1966_v6;IMG_0138_2R; сумму 211 200 руб. 26 специальных вагонов-хопперов с сажей занимают все подъездные же
какой-то;составное;1966_v6;IMG_0139_1L;бжению и его органы должны создать какой-то отдел или выделить группу лиц, кот
заводам-потребителям;составное;1966_v6;IMG_0139_1L;тоящее время с такими поставщиками заводам-потребителям самим справиться очень трудно.  Не
научно-исследовательскими;составное;1966_v6;IMG_0139_1L;различных технологических рецептур научно-исследовательскими институтами. Прежде чем дать рецеп
какой-либо;составное;1966_v6;IMG_0139_2R;при чем. Но стоит только произойти какой-либо заминке, как по всем средствам свя
снабженцев-смежников;составное;1966_v6;IMG_0139_2R; ни стало!» Но как? Где? У друзей, снабженцев-смежников. И начинаются поиски...  Подобные 
научно-экономическим;составное;1966_v6;IMG_0139_2R;вуются теперь в своей деятельности научно-экономическим критерием, конкретным воплощением 
материально-техническая;составное;1966_v6;IMG_0139_2R;задача не из легких. И не случайно материально-техническая служба завода — один из самых чувс
инженерно-экономический;составное;1966_v6;IMG_0139_2R;естителем начальника цеха, окончил инженерно-экономический институт, руководил одним из произ
студентами-дипломантами;составное;1966_v6;IMG_0139_2R; но и находит время для занятий со студентами-дипломантами факультета снабжения Московского и
по-старому;составное;1966_v6;IMG_0139_2R;-новому, а поставщики его пока еще по-старому. Производство расширяется, выпуск 
есть-то;составное;1966_v6;IMG_0140_1L; лежит ненужное оборудование, ведь есть-то оно не просит». В новых условиях т
учета-отчета;составное;1966_v6;IMG_0140_1L;и новую форму расчета потребности, учета-отчета и контроля — так называемую карту 
многое-многое;составное;1966_v6;IMG_0140_1L;ак идут кооперированные поставки и многое-многое другое.  Если бы вот такую карту у
цехам-смежникам;составное;1966_v6;IMG_0140_1L;тставания, предъявляют претензии к цехам-смежникам и отделам. Диспетчер, выслушав «ст
заказ-нарядам;составное;1966_v6;IMG_0140_2R;пускаемой продукции по договорам и заказ-нарядам.  Разработаны и уже внедряются мер
снабженческо-сбытового;составное;1966_v6;IMG_0140_2R; снабжения здесь не обойтись. Роль снабженческо-сбытового звена в этих условиях возрастает в
оптово-материальных;составное;1966_v6;IMG_0140_2R;прос об оптовой торговле. Создание оптово-материальных баз избавит снабженцев от многих м
по-прежнему;составное;1966_v6;IMG_0141_1L;одержателям.  Мы, грузополучатели, по-прежнему озабочены погрузкой в порту Нагаев
транспортно-складские;составное;1966_v6;IMG_0141_1L;ас еще недостаточно механизированы транспортно-складские операции, но это еще более обязыва
сколько-нибудь;составное;1966_v6;IMG_0142_1L;ельны и применение их не оказывает сколько-нибудь заметного влияния на их работу. По
резино-асбестовые;составное;1966_v6;IMG_0143_1L;ротехнические изделия, авторезина, резино-асбестовые изделия, материалы для тары, реакт
хлопка-сырца;составное;1966_v6;IMG_0143_1L;"расход сырья на единицу продукции: хлопка-сырца или шерсти на 100 кг пряжи[^1]; пр"
хлопка-волокна;составное;1966_v6;IMG_0143_1L;ходованного сырья), например выход хлопка-волокна из хлопка-сырца, хлопчатобумажной 
физико-химического;составное;1966_v6;IMG_0144_2R;. д.)Единица измеренияЦена за 1 кг физико-химического потребителя, руб.Единица, на котор
станко-часов;составное;1966_v6;IMG_0145_1L;его: на 1000 веретен в час, на 100 станко-часов и т. п.  В некоторых случаях приме
прядильно-ткацком;составное;1966_v6;IMG_0145_1L;дильной фабрике будет иной, чем на прядильно-ткацком комбинате.  Характерной особенност
веретено-часов;составное;1966_v6;IMG_0145_1L;час. работы оборудованияКоличество веретено-часов в работеПотребное количество матер
каких-либо;составное;1966_v6;IMG_0145_2R;ется весьма несложной и не требует каких-либо особых технических знаний.  Фирма 
какого-либо;составное;1966_v6;IMG_0145_2R;олжительности вся процедура заказа какого-либо одного вида товара занимает буквал
Перфокарта-заказ;составное;1966_v6;IMG_0146_1L;асчеты и упрощающий учет издержек. Перфокарта-заказ, остающаяся у заказчика, используе
повременно-премиальную;составное;1966_v6;IMG_0146_2R;ятии решили перевести растяжчиц на повременно-премиальную оплату труда. Теперь каждая работн
товарно-денежных;составное;1966_v6;IMG_0147_1L;ытовой деятельности. Использование товарно-денежных отношений в обращении средств прои
узко-техническим;составное;1966_v6;IMG_0147_1L; снабжение предприятий является не узко-техническим, технологическим процессом, а проц
социально-экономическим;составное;1966_v6;IMG_0147_1L;ологическим процессом, а процессом социально-экономическим. В процессе снабжения совершается 
производственно-технологическую;составное;1966_v6;IMG_0147_1L;ошения, которые отражают не только производственно-технологическую связь между предприятиями, но и со
социально-экономические;составное;1966_v6;IMG_0147_1L;ую связь между предприятиями, но и социально-экономические отношения людей.  Но из того, что 
по-разному;составное;1966_v6;IMG_0147_1L;тся в каждой общественной формации по-разному.  В капиталистическом обществе обе
общего-государственное;спорно;1966_v6;IMG_0147_2R;о отдельных лиц или предприятий, а общего-государственное дело. Социалистическое государство
заказы-наряды;составное;1966_v6;IMG_0147_2R;венного назначения, выдают заводам заказы-наряды на изготовление и отгрузку средств
хозяйственно-организаторских;составное;1966_v6;IMG_0147_2R;нного снабжения — одна из основных хозяйственно-организаторских функций социалистического государс
заводам-производителям;составное;1966_v6;IMG_0148_1L;"тов;  5) выдача сбытовыми органами заводам-производителям нарядов на изготовление конкретных"
предприятию-поставщику;составное;1966_v6;IMG_0149_1L; факты, когда общая сумма выданных предприятию-поставщику заказов превышает установленную ем
погрузочно-разгрузочных;составное;1966_v6;IMG_0149_2R;енностей низок уровень механизации погрузочно-разгрузочных работ, что отрицательно сказываетс
товарно-материальных;составное;1966_v6;IMG_0150_1L;экономии, обеспечивать сохранность товарно-материальных ценностей, осуществлять систематич
финансово-экономического;составное;1966_v6;IMG_0150_1L;ает также воздействие на улучшение финансово-экономического состояния предприятия. Способствуя
Научно-исследовательский;составное;1966_v6;IMG_0150_2R;льно-техническому снабжению создан Научно-исследовательский институт экономики и организации м
экономико-математических;составное;1966_v6;IMG_0150_2R;ледования, связанные с применением экономико-математических методов и современной вычислительн
предприятия-потребителя;составное;1966_v6;IMG_0150_2R;азных норм поставок, расстояние от предприятия-потребителя до базы снабженческо-сбытовой орга
производственно-эксплуатационных;составное;1966_v6;IMG_0151_1L;олы, сополимеров и полиэтилена для производственно-эксплуатационных нужд.  Нормы запасов определяются 
предприятиях-поставщиках;составное;1966_v6;IMG_0151_1L;ения и сроков выпуска продукции на предприятиях-поставщиках, размер транзитных норм поставки х
Научно-экономического;составное;1966_v6;IMG_0151_1L;  «О направлении и практике работы Научно-экономического совета Госкомитета по снабжению» (
научно-исследовательских;составное;1966_v6;IMG_0151_1L;дчик т. Евченко И. А.).  «О работе научно-исследовательских организаций в области экономики и 
оптико-механические;составное;1966_v6;IMG_0152_2R;настоящее время магазин имеет:*  **оптико-механические изделия:**  нефелометр КОЛ-45, цен
контрольно-измерительные;составное;1966_v6;IMG_0152_2R;1 вихревых токов, цена 199 руб.  **контрольно-измерительные приборы:**  частотометр Д 577 — пе
сердечно-сосудистой;составное;1966_v6;IMG_0152_2R;"гностики заболеваний дыхательной и сердечно-сосудистой системы у человека, цена 338 руб.;"
научно-экономическом;составное;1976_dbg;0030_1L;/rubric_in_toc>  - **Якоби А.**. В научно-экономическом совете Госснаба СССР — 83 - Всесою
По-хозяйски;составное;1976_dbg;0470_2R;водства — № 8, 41 - **Миллер И.**. По-хозяйски расходовать огнеупорные материалы 
проектно-сметной;составное;1976_dbg;0470_2R;Е., Воронкова Г.**. Повышение роли проектно-сметной документации в планировании снабже
Научно-технический;составное;1976_dbg;0470_2R; - **Якоби А., Селивановский В.**. Научно-технический прогресс и материально-техническая
краны-штабелеры;составное;1976_dbg;0480_2R;ригорченко И., Певзнер Б.**. Новые краны-штабелеры — № 10, 71 - **Гуревич Л.**. Повыш
складов-магазинов;составное;1976_dbg;0480_2R; **Ежова Т., Шмарова Г.**. Проекты складов-магазинов — № 11, 71 - **Мощалков А., Суббот
Социально-психологические;составное;1976_dbg;0490_1L;вания — № 11, 81 - **Новиков Д.**. Социально-психологические проблемы автоматизации управления 
санитарно-технического;составное;1976_dbg;0490_2R;поставки строительных материалов и санитарно-технического оборудования — № 6, 94 - Об измене
топливно-энергетических;составное;1976_dbg;0490_2R; использования сырья, материалов и топливно-энергетических ресурсов — № 11, 90 - О проведении
контрольно-ревизионном;составное;1976_dbg;0490_2R;ов — № 7, 93 - Типовое положение о контрольно-ревизионном отделе и контрольно-ревизионной гр
контрольно-ревизионной;составное;1976_dbg;0490_2R; о контрольно-ревизионном отделе и контрольно-ревизионной группе отдела бухгалтерского учета
ва-лютных;перенос;p47;IMG_0648_R;
кре-диты;перенос;p47;IMG_0648_R;
фи-нансовом;перенос;p47;IMG_0648_R;
миллио-нов;перенос;p47;IMG_0648_R;
ли-зинговая;перенос;p47;IMG_0648_R;
кредито-ра;перенос;p47;IMG_0648_R;
достиг-нуть;перенос;p47;IMG_0648_R;
ли-зинговая;перенос;p47;IMG_0648_R;
заинтере-сована;перенос;p47;IMG_0648_R;
дополне-ния;перенос;p47;IMG_0648_R;
ком-пания;перенос;p47;IMG_0648_R;
орга-низация;перенос;p47;IMG_0648_R;
учрежде-ние;перенос;p47;IMG_0648_R;
участву-ет;перенос;p47;IMG_0648_R;
проконсульти-ровать;перенос;p47;IMG_0648_R;
конт-ракт;перенос;p47;IMG_0648_R;
инди-видуальной;перенос;p47;IMG_0648_R;
кре-дитного;перенос;p47;IMG_0648_R;
опреде-лены;перенос;p47;IMG_0648_R;
эконо-мику;перенос;p47;IMG_0648_R;
Совет-ского;перенос;p47;IMG_0648_R;
Мифи-нанц;спорно;p47;IMG_0648_R;
Насьо-наль;спорно;p47;IMG_0648_R;
международ-ного;перенос;p47;IMG_0648_R;
претенду-ет;перенос;p47;IMG_0648_R;
заинтересован-ных;перенос;p47;IMG_0648_R;
финансирова-ния;перенос;p47;IMG_0648_R;
фи-нансирования;перенос;p47;IMG_0648_R;
разви-тия;перенос;p47;IMG_0648_R;
Одна-ко;перенос;p47;IMG_0648_R;
засомнева-лись;перенос;p47;IMG_0648_R;
примене-ния;перенос;p47;IMG_0648_R;
лизинго-вых;перенос;p47;IMG_0648_R;
когда-нибудь;составное;p47;IMG_0648_R;
собственно-сти;перенос;p47;IMG_0648_R;
пере-ходит;перенос;p47;IMG_0648_R;
распоря-жаются;перенос;p47;IMG_0648_R;
от-ношения;перенос;p47;IMG_0648_R;
потре-бителя;перенос;p47;IMG_0648_R;
