variant,id,label,note
nogeo,full_1967_03_p0092_0,mark,скобка на левом поле и подчёркивание (1967/03 с.93)
nogeo,full_1969_02_p0087_0,mark,тонкая кривая через левую колонку (исход «неясно»)
nogeo,full_1967_09_p0063_1,mark,волнистое подчёркивание строки
nogeo,full_1972_06_p0085_2,mark,два волнистых подчёркивания
nogeo,full_1969_01_p0033_0,mark,дуга через текст (исход «неясно»)
nogeo,full_1971_08_p0030_0,mark,S-образное подчёркивание; DeepSeek на первом проходе — image
nogeo,full_1966_05_p0085_0,disputed,одиночная наклонная линия с сужающимся концом — пометка или печатная линейка
geo,full_1967_03_p0092_0,mark,скобка на левом поле и подчёркивание
geo,full_1969_02_p0087_0,mark,тонкая кривая через левую колонку (исход «неясно»)
geo,full_1967_09_p0063_2,mark,волнистое подчёркивание строки
geo,full_1972_06_p0085_3,mark,два волнистых подчёркивания
geo,full_1969_01_p0033_0,mark,дуга через текст (исход «неясно»)
geo,full_1966_05_p0080_0,mark,подчёркивание строки
geo,full_1967_02_p0057_0,mark,волнистое подчёркивание
geo,full_1967_03_p0010_0,mark,подчёркивание строки
geo,full_1968_06_p0075_0,mark,подчёркивание строки
