page	type	note
1966/01/IMG_0046_2R	подпись+заголовок	исходный пример (ряд блока)
1966/02/IMG_0055_2R	шапка+«Год издания»	исходный пример (одна ось)
1969/11/IMG_0053_1_2R	подпись+заголовок	…ИСОВ + «ЗА БЕСПЕРЕБОЙНОЕ СНАБЖЕНИЕ ТОПЛИВОМ»
1967/04/IMG_0020_2R	подпись+заголовок	Л. ЛИВШИЦ + «ЭТО ПРИНЕСЛА РЕФОРМА»
1968/04/IMG_0009_1L	подпись+заголовок	Н. ДЫБЕНКО + «РЕЖИМ ЭКОНОМИИ И СНАБЖЕНИЕ»
1971/06/IMG_0126_2R	подпись+заголовок	В. ОРЕШКИН + «БЕЗЗАЯВОЧНЫЙ МЕТОД»
1971/10/IMG_0019_2R	подпись+заголовок	Н. ЧУМАКОВ + «ДОПОЛНИТЕЛЬНЫЙ РЕЗЕРВ»
1969/12/IMG_0126_2R	подпись+заголовок	В. ФАЛЬЦМАН, А. ЗЕЛЕНСКИЙ + «…оборудования»
1971/06/IMG_0122_1L	подпись+заголовок	Н. КАРКАШАДЗЕ + «ПЕРЕВОЗКИ НЕФТЕПРОДУКТОВ»
1966/01/IMG_0045_2R	подпись+заголовок	И. ЯКУБОВИЧ + «СОХРАННАЯ … УГЛЯ»
1970/10/IMG_0005_2R	подпись+заголовок	Б. МУХИН + «ТЕХНИЧЕСКИЙ … В СКЛАДСКОМ»
1968/07/IMG_0022_2R	подпись+заголовок	Н. СОКОЛОВ + «ТРАНСПОРТ В СНАБЖЕНИИ»
1971/06/IMG_0111_1L	подпись+заголовок	И. ПОЛЯНСКИЙ + «ПРИ ПОСТАВКАХ … УДОБРЕНИЙ»
1967/03/IMG_0139_1L	подпись+заголовок	И. МИХАЙЛОВ + «в угольной промышленности»
1971/10/IMG_0013_2R	подпись+заголовок	Д. КОДУА, К. ДОКВАДЗЕ + «О совершенствовании системы…»
1967/08/IMG_0071_1L	подпись+заголовок	И. ГОРЕЛОВ + «О ПРОЕКТАХ УНИВЕРСАЛЬНЫХ…»
1969/08/IMG_0065_2R	подпись+заголовок	В. ШЕВЕЛЕВ + «КАК СНИЗИТЬ ПЕРЕХОДЯЩИЙ ЗАПАС»
1967/02/IMG_0074_2R	подпись+заголовок	М. МИХЛИН + «Сов…»
1971/02/IMG_0071_2R	подпись+заголовок	С. ПАУШЕВ + «Охране труда … внимания»
1973/01/IMG_0004_2R	дата+оглавление	«ЯНВАРЬ 1973» + строки оглавления
1972/03/IMG_0104_2R	дата+оглавление	«МАРТ 1972» + «СНАБЖЕНИЕ СЕЛЬСКОГО Х…»
1972/09/IMG_0144_2R	эмблема+заголовок	«INSYMA 1971» + «ПО МАТЕРИАЛЬНО-ТЕХНИЧЕСКОМУ СНАБЖЕНИЮ»
1972/10/IMG_0043_2R	эмблема+заголовок	«INSYMA 1971» + «ПО МАТЕРИАЛЬНО-ТЕХНИЧЕСКОМУ СНАБЖЕНИЮ»
1966/01/IMG_0004_2R	шапка+«Год издания»	
1966/03/IMG_0105_2R	шапка+«Год издания»	
1966/04/IMG_0004_2R	шапка+«Год издания»	
1966/05/0020_2R	шапка+«Год издания»	
1966/06/IMG_0104_2R	шапка+«Год издания»	
1967/01/IMG_0004_2R	шапка+«Год издания»	
1967/02/IMG_0054_2R	шапка+«Год издания»	
1967/03/IMG_0105_2R	шапка+«Год издания»	
1967/07/IMG_0004_2R	шапка+«Год издания»	
1967/08/IMG_0054_2R	шапка+«Год издания»	
1967/09/IMG_0104_2R	шапка+«Год издания»	
1968/01/IMG_0004_2R	шапка+«Год издания»	
1968/04/IMG_0004_2R	шапка+«Год издания»	
1968/06/IMG_0104_1_2R	шапка+«Год издания»	
1968/07/IMG_0004_2R	шапка+«Год издания»	
1968/08/IMG_0054_2R	шапка+«Год издания»	
1969/02/IMG_0054_2R	шапка+«Год издания»	
1969/04/IMG_0004_2R	шапка+«Год издания»	
1969/05/IMG_0055_2R	шапка+«Год издания»	
1969/06/IMG_0105_2R	шапка+«Год издания»	
1969/07/IMG_0004_2R	шапка+«Год издания»	
1969/08/IMG_0054_2R	шапка+«Год издания»	
1969/11/IMG_0053_1_2R	шапка+«Год издания»	та же полоса, что подпись выше — другой ряд
1970/01/IMG_0004_2R	шапка+«Год издания»	
1970/03/IMG_0104_2R	шапка+«Год издания»	
