rank,page_id,rel_path,x0,y0,x1,y1,skew_deg,angle_spread,named
0,11664,1976/08/IMG_0067_1L.tif,660,368,3168,5668,-1.067,4.1841,False
1,5562,1971/06/IMG_0146_2R.tif,2004,460,2884,5536,1.283,4.0245,False
2,5876,1971/10/IMG_0004_2R.tif,196,396,3256,5604,-0.03,3.8931,False
3,9545,1974/11/IMG_0053_2R.tif,240,368,3164,5456,0.018,3.4317,False
4,4487,1970/05/IMG_0054_2R.tif,172,492,3340,5844,1.925,2.5258,False
5,1945,1968/03/IMG_0107_1L.tif,480,508,3068,3140,-2.517,2.5215,False
6,2208,1968/05/IMG_0089_1L.tif,1822,4628,3351,5729,0.424,2.3595,False
7,3623,1969/08/IMG_0066_1L.tif,1756,460,3224,5824,-0.354,2.3558,False
8,5704,1971/08/IMG_0067_1L.tif,380,364,3428,5552,-0.028,2.3386,False
9,6031,1971/11/IMG_0082_2R.tif,436,368,1801,5578,0.418,2.3064,False
10,6860,1972/07/IMG_0051_1L.tif,312,652,3272,5632,-2.085,0.1944,False
11,10644,1975/10/IMG_0004_2R.tif,172,492,3176,5588,0.002,1.8391,False
12,7607,1973/03/IMG_0128_1L.tif,252,364,3728,5660,-0.023,1.8091,False
13,1515,1967/10/IMG_0033_1L.tif,1380,1424,3268,2264,-1.792,0.9725,False
14,5478,1971/06/IMG_0104_2R.tif,260,320,3168,5512,0.104,1.7549,False
15,4783,1970/11/IMG_0054_2R.tif,124,364,3396,5616,0.521,1.6996,False
16,11043,1976/02/IMG_0054_2R.tif,208,380,3220,5548,0.001,1.6582,False
17,9473,1974/10/IMG_0017_2R.tif,296,576,2968,5656,-0.206,1.6499,False
18,8070,1973/08/IMG_0062_2R.tif,360,516,1680,5780,-0.621,1.5467,False
19,3469,1969/06/IMG_0138_1L.tif,476,456,1840,5672,-0.64,1.4595,False
20,3467,1969/06/IMG_0137_1L.tif,756,444,3096,5696,-0.413,1.4469,False
21,4586,1970/06/IMG_0104_2R.tif,228,516,3504,5836,0.279,1.4324,False
22,4684,1970/10/IMG_0004_2R.tif,140,360,3444,5780,0.213,1.3929,False
23,2076,1968/04/IMG_0022_2R.tif,340,480,2504,5764,-0.056,1.371,False
24,1048,1967/05/IMG_0092_1L.tif,168,504,1952,4016,-0.994,1.3098,False
25,734,1967/02/IMG_0081_1L.tif,204,532,2092,1916,-1.25,0.8971,False
26,4882,1970/12/IMG_0104_2R.tif,260,356,3260,5612,0.059,1.2359,False
27,2208,1968/05/IMG_0089_1L.tif,1802,2486,3343,3795,-0.667,1.2074,False
28,4607,1970/06/IMG_0115_1L.tif,316,3936,3440,5692,0.028,1.1922,False
29,9688,1974/12/IMG_0125_1L.tif,956,364,2724,5464,-0.099,1.1589,False
30,1446,1967/09/IMG_0147_2R.tif,320,484,1373,5653,0.412,1.1413,False
31,5670,1971/07/IMG_0050_2R.tif,156,936,1724,2544,0.702,1.1074,False
32,10383,1975/07/IMG_0024_1L.tif,260,756,3148,2764,0.082,1.0653,False
33,8744,1974/02/IMG_0101_1L.tif,272,2288,3276,3012,-1.034,0.3001,False
34,6738,1972/06/IMG_0139_2R.tif,304,364,3176,5596,-0.031,1.026,False
35,5272,1971/03/IMG_0150_1L.tif,224,1556,3276,2288,-1.009,0.0634,False
36,2932,1969/01/IMG_0011_2R.tif,484,408,3236,5924,-0.106,1.0046,False
37,8069,1973/08/IMG_0062_1L.tif,348,508,3296,5736,0.163,0.9399,False
38,1050,1967/05/IMG_0093_1L.tif,168,476,1640,1712,0.908,0.7926,False
39,214,1966/03/IMG_0114_2R.tif,696,852,2776,2368,0.282,0.9012,False
40,2208,1968/05/IMG_0089_1L.tif,248,528,3275,1830,-0.005,0.062,True
