rank,rel_path,rule,axis,length_mm,chord_angle_deg,angle_min_deg,angle_max_deg,max_chord_deviation_mm,bandwidth_mm,residual_rms_px,residual_max_px,coverage,gaps
0,1976/08/IMG_0067_1L.tif,0,горизонталь,102.9,0.07,-5.82,1.39,0.934,1.5,0.348,2.47,0.993,1
0,1976/08/IMG_0067_1L.tif,1,горизонталь,102.7,-0.27,-3.13,0.34,0.334,1.5,0.174,1.38,0.993,1
0,1976/08/IMG_0067_1L.tif,2,горизонталь,103.7,-1.73,-7.43,10.97,2.857,1.5,0.249,1.8,0.982,2
0,1976/08/IMG_0067_1L.tif,3,горизонталь,103.2,-1.26,-5.74,5.57,1.532,1.5,0.286,2.59,0.992,1
0,1976/08/IMG_0067_1L.tif,4,горизонталь,103.0,-0.9,-6.08,4.69,1.168,1.5,0.293,2.18,0.983,2
0,1976/08/IMG_0067_1L.tif,5,горизонталь,98.8,-0.06,-3.53,1.16,0.53,1.5,0.202,1.3,0.99,1
0,1976/08/IMG_0067_1L.tif,6,горизонталь,98.8,-0.71,-5.31,3.42,0.87,1.5,0.296,2.64,0.987,1
0,1976/08/IMG_0067_1L.tif,7,горизонталь,89.4,-2.57,-4.24,2.49,1.162,3.0,0.227,1.14,0.978,2
0,1976/08/IMG_0067_1L.tif,8,горизонталь,98.6,-0.53,-4.51,1.21,0.494,1.5,0.262,1.94,0.988,1
0,1976/08/IMG_0067_1L.tif,9,горизонталь,99.0,-1.47,-6.68,8.14,2.08,1.5,0.282,2.5,0.981,2
0,1976/08/IMG_0067_1L.tif,10,горизонталь,82.0,-1.78,-6.14,1.79,0.862,1.5,0.282,2.22,0.986,1
0,1976/08/IMG_0067_1L.tif,11,горизонталь,90.8,-1.12,-4.72,10.39,2.517,1.5,0.211,1.28,0.976,2
0,1976/08/IMG_0067_1L.tif,12,горизонталь,81.0,-2.14,-4.27,2.15,0.991,3.0,0.205,1.07,0.984,1
0,1976/08/IMG_0067_1L.tif,13,вертикаль,223.6,0.48,-0.2,1.1,0.156,4.0,0.189,0.69,1.0,0
0,1976/08/IMG_0067_1L.tif,14,вертикаль,217.6,0.36,-0.56,1.7,0.275,3.0,0.164,0.83,1.0,0
0,1976/08/IMG_0067_1L.tif,15,вертикаль,217.7,0.38,-0.97,1.64,0.299,2.0,0.185,1.67,0.983,1
0,1976/08/IMG_0067_1L.tif,16,вертикаль,215.3,0.28,-0.9,1.43,0.738,4.0,0.161,0.61,1.0,0
0,1976/08/IMG_0067_1L.tif,17,вертикаль,58.9,0.35,-0.35,1.09,0.158,3.0,0.186,1.12,1.0,0
0,1976/08/IMG_0067_1L.tif,18,вертикаль,57.7,0.03,-0.52,0.7,0.113,4.0,0.145,0.46,1.0,0
0,1976/08/IMG_0067_1L.tif,19,вертикаль,67.3,0.34,-0.49,1.18,0.222,6.0,0.231,0.9,1.0,0
1,1971/06/IMG_0146_2R.tif,0,горизонталь,34.0,2.67,2.3,3.12,0.083,6.0,0.265,0.74,1.0,0
1,1971/06/IMG_0146_2R.tif,1,горизонталь,34.1,2.45,1.95,3.0,0.108,6.0,0.272,0.69,1.0,0
1,1971/06/IMG_0146_2R.tif,2,горизонталь,34.1,2.11,1.2,3.01,0.194,4.0,0.169,1.33,1.0,0
1,1971/06/IMG_0146_2R.tif,3,горизонталь,34.0,1.85,1.28,2.41,0.116,6.0,0.244,0.64,1.0,0
1,1971/06/IMG_0146_2R.tif,4,горизонталь,34.1,1.63,1.16,2.08,0.097,6.0,0.26,0.66,1.0,0
1,1971/06/IMG_0146_2R.tif,5,горизонталь,34.0,1.43,1.2,1.67,0.048,6.0,0.175,0.49,1.0,0
1,1971/06/IMG_0146_2R.tif,6,горизонталь,34.2,1.15,0.75,1.41,0.071,6.0,0.242,0.53,1.0,0
1,1971/06/IMG_0146_2R.tif,7,горизонталь,34.2,-0.91,-3.77,-0.14,0.17,1.5,0.337,1.69,0.98,1
1,1971/06/IMG_0146_2R.tif,8,горизонталь,34.4,-1.52,-4.55,-0.55,0.14,1.5,0.381,2.28,0.978,1
1,1971/06/IMG_0146_2R.tif,9,горизонталь,34.0,-1.02,-3.29,-0.3,0.122,1.5,0.26,1.39,0.975,1
1,1971/06/IMG_0146_2R.tif,10,горизонталь,34.3,-1.53,-3.9,-0.15,0.107,1.5,0.35,2.02,0.98,1
1,1971/06/IMG_0146_2R.tif,11,горизонталь,34.4,-1.58,-3.41,-0.11,0.116,1.5,0.255,1.33,0.973,1
1,1971/06/IMG_0146_2R.tif,12,горизонталь,34.4,-1.72,-2.53,-0.81,0.074,2.0,0.225,1.15,0.978,1
1,1971/06/IMG_0146_2R.tif,13,горизонталь,34.4,-2.42,-2.69,-1.84,0.077,4.0,0.22,0.92,0.98,1
1,1971/06/IMG_0146_2R.tif,14,горизонталь,30.2,0.87,0.18,1.52,0.136,4.0,0.255,1.36,1.0,0
1,1971/06/IMG_0146_2R.tif,15,горизонталь,30.2,-0.35,-1.42,0.1,0.052,2.0,0.247,1.0,1.0,0
1,1971/06/IMG_0146_2R.tif,16,горизонталь,25.7,1.1,1.08,1.12,0.003,6.0,0.172,0.54,1.0,0
1,1971/06/IMG_0146_2R.tif,17,горизонталь,25.7,0.71,0.63,0.79,0.013,6.0,0.141,0.7,1.0,0
1,1971/06/IMG_0146_2R.tif,18,горизонталь,26.0,0.16,-0.97,0.62,0.071,2.0,0.247,1.23,1.0,0
1,1971/06/IMG_0146_2R.tif,19,горизонталь,26.1,-0.2,-1.49,0.6,0.104,2.0,0.235,0.91,1.0,0
1,1971/06/IMG_0146_2R.tif,20,горизонталь,26.1,-0.83,-2.84,-0.22,0.085,1.5,0.263,1.01,0.968,1
1,1971/06/IMG_0146_2R.tif,21,горизонталь,25.8,-0.77,-3.14,0.06,0.094,1.5,0.266,1.36,1.0,0
1,1971/06/IMG_0146_2R.tif,22,вертикаль,214.7,-0.53,-0.64,-0.33,0.085,6.0,0.116,0.48,1.0,0
1,1971/06/IMG_0146_2R.tif,23,вертикаль,212.0,-0.65,-1.04,-0.17,0.167,4.0,0.151,0.54,1.0,0
1,1971/06/IMG_0146_2R.tif,24,вертикаль,81.8,-0.51,-0.84,-0.22,0.077,4.0,0.154,0.53,1.0,0
1,1971/06/IMG_0146_2R.tif,25,вертикаль,81.9,-0.56,-0.65,-0.49,0.026,6.0,0.15,1.72,0.939,1
2,1971/10/IMG_0004_2R.tif,0,горизонталь,129.2,-0.03,-0.59,0.43,0.077,4.0,0.191,1.23,1.0,0
2,1971/10/IMG_0004_2R.tif,1,горизонталь,125.3,-0.08,-0.42,0.33,0.172,4.0,0.114,0.77,1.0,0
2,1971/10/IMG_0004_2R.tif,2,горизонталь,126.3,-0.01,-1.13,1.11,0.096,2.0,0.118,0.44,1.0,0
2,1971/10/IMG_0004_2R.tif,3,горизонталь,45.8,0.05,-0.17,0.31,0.057,6.0,0.138,0.56,1.0,0
2,1971/10/IMG_0004_2R.tif,4,вертикаль,220.2,0.06,-1.1,1.06,1.28,6.0,0.171,0.62,1.0,0
2,1971/10/IMG_0004_2R.tif,5,вертикаль,219.8,-0.28,-1.27,0.38,0.304,4.0,0.171,0.62,1.0,0
2,1971/10/IMG_0004_2R.tif,6,вертикаль,160.3,-0.05,-1.12,1.59,0.595,4.0,0.174,0.69,1.0,0
3,1974/11/IMG_0053_2R.tif,0,горизонталь,122.9,-0.0,-0.11,0.12,0.029,6.0,0.16,0.69,1.0,0
3,1974/11/IMG_0053_2R.tif,1,горизонталь,119.7,0.0,-0.07,0.06,0.017,6.0,0.152,0.76,1.0,0
3,1974/11/IMG_0053_2R.tif,2,горизонталь,120.1,-0.65,-1.02,0.02,0.229,6.0,0.213,0.7,1.0,0
3,1974/11/IMG_0053_2R.tif,3,горизонталь,45.6,-0.51,-0.82,-0.14,0.104,6.0,0.176,0.39,1.0,0
3,1974/11/IMG_0053_2R.tif,4,вертикаль,214.5,-0.0,-1.13,0.67,0.599,4.0,0.161,0.94,1.0,0
3,1974/11/IMG_0053_2R.tif,5,вертикаль,214.0,-0.01,-0.73,0.83,0.371,6.0,0.183,0.69,1.0,0
3,1974/11/IMG_0053_2R.tif,6,вертикаль,155.9,0.18,-0.34,0.76,0.323,6.0,0.178,0.96,1.0,0
4,1970/05/IMG_0054_2R.tif,0,горизонталь,128.9,1.0,-3.77,3.23,0.799,2.0,0.115,0.41,1.0,0
4,1970/05/IMG_0054_2R.tif,1,вертикаль,190.0,-0.11,-1.07,0.66,0.277,4.0,0.142,0.65,1.0,0
5,1968/03/IMG_0107_1L.tif,0,горизонталь,108.5,-2.77,-5.03,1.5,0.826,3.0,0.198,0.69,1.0,0
5,1968/03/IMG_0107_1L.tif,1,горизонталь,108.8,-0.25,-0.65,0.26,0.158,6.0,0.166,0.55,1.0,0
5,1968/03/IMG_0107_1L.tif,2,горизонталь,107.3,-1.98,-3.85,0.09,0.618,3.0,0.159,0.51,1.0,0
5,1968/03/IMG_0107_1L.tif,3,горизонталь,98.5,-0.5,-1.49,0.93,0.278,4.0,0.177,1.2,1.0,0
5,1968/03/IMG_0107_1L.tif,4,горизонталь,30.4,-1.36,-3.02,0.45,0.332,4.0,0.254,0.56,1.0,0
5,1968/03/IMG_0107_1L.tif,5,вертикаль,109.8,-0.59,-2.04,0.95,0.214,2.0,0.14,0.61,1.0,0
5,1968/03/IMG_0107_1L.tif,6,вертикаль,108.2,-0.53,-1.67,0.56,0.412,4.0,0.147,0.63,1.0,0
5,1968/03/IMG_0107_1L.tif,7,вертикаль,104.5,-0.08,-1.58,1.32,0.421,4.0,0.211,0.91,1.0,0
5,1968/03/IMG_0107_1L.tif,8,вертикаль,92.9,-0.52,-0.86,0.01,0.173,6.0,0.178,0.68,1.0,0
5,1968/03/IMG_0107_1L.tif,9,вертикаль,4.2,-0.42,-0.42,-0.42,0.0,6.0,0.074,0.22,1.0,0
6,1968/05/IMG_0089_1L.tif,0,горизонталь,64.2,0.03,-2.7,1.32,0.454,3.0,0.147,0.43,1.0,0
6,1968/05/IMG_0089_1L.tif,1,горизонталь,64.3,-0.08,-7.09,4.64,0.965,1.5,0.243,1.12,1.0,0
6,1968/05/IMG_0089_1L.tif,2,горизонталь,62.7,-0.14,-4.38,2.02,0.464,1.5,0.188,1.32,1.0,0
6,1968/05/IMG_0089_1L.tif,3,горизонталь,58.2,0.38,-2.44,2.41,0.404,2.0,0.212,0.71,0.984,1
6,1968/05/IMG_0089_1L.tif,4,вертикаль,43.7,-0.93,-3.57,0.7,0.353,2.0,0.225,0.89,1.0,0
6,1968/05/IMG_0089_1L.tif,5,вертикаль,44.1,-0.79,-3.44,0.28,0.244,1.5,0.228,1.56,0.979,1
6,1968/05/IMG_0089_1L.tif,6,вертикаль,44.6,-0.47,-1.76,0.26,0.178,2.0,0.201,1.5,1.0,0
6,1968/05/IMG_0089_1L.tif,7,вертикаль,45.0,-0.24,-0.44,-0.06,0.038,6.0,0.246,2.03,1.0,0
6,1968/05/IMG_0089_1L.tif,8,вертикаль,43.1,-0.19,-1.62,1.31,0.167,2.0,0.149,0.48,1.0,0
6,1968/05/IMG_0089_1L.tif,9,вертикаль,43.6,-0.47,-0.75,-0.08,0.086,6.0,0.29,0.84,1.0,0
7,1969/08/IMG_0066_1L.tif,0,горизонталь,47.2,-1.24,-1.88,-0.33,0.228,6.0,0.307,2.07,0.941,1
7,1969/08/IMG_0066_1L.tif,1,горизонталь,47.2,-1.13,-1.98,-0.31,0.185,4.0,0.299,0.95,0.975,1
7,1969/08/IMG_0066_1L.tif,2,горизонталь,47.0,-1.12,-2.82,0.13,0.282,2.0,0.226,0.95,0.977,1
7,1969/08/IMG_0066_1L.tif,3,горизонталь,47.0,-1.16,-1.79,-0.32,0.211,6.0,0.266,1.17,0.978,1
7,1969/08/IMG_0066_1L.tif,4,горизонталь,47.2,-0.91,-1.79,0.45,0.286,3.0,0.274,0.8,1.0,0
7,1969/08/IMG_0066_1L.tif,5,горизонталь,47.2,-0.51,-2.23,0.65,0.309,2.0,0.269,1.17,0.98,1
7,1969/08/IMG_0066_1L.tif,6,горизонталь,47.5,-0.25,-2.87,0.67,0.213,1.5,0.248,1.24,0.907,2
7,1969/08/IMG_0066_1L.tif,7,горизонталь,47.4,0.06,-2.42,1.66,0.236,1.5,0.232,1.14,1.0,0
7,1969/08/IMG_0066_1L.tif,8,горизонталь,47.5,0.34,-2.2,2.62,0.274,1.5,0.326,1.19,0.972,1
7,1969/08/IMG_0066_1L.tif,9,горизонталь,57.1,-0.47,-2.56,5.43,0.809,1.5,0.166,0.64,1.0,0
7,1969/08/IMG_0066_1L.tif,10,горизонталь,47.5,0.13,-2.16,2.35,0.271,1.5,0.258,1.19,1.0,0
7,1969/08/IMG_0066_1L.tif,11,горизонталь,47.8,0.73,-0.81,2.06,0.207,2.0,0.263,1.22,0.977,1
7,1969/08/IMG_0066_1L.tif,12,горизонталь,47.0,-0.57,-3.46,1.25,0.351,1.5,0.298,2.41,0.982,1
7,1969/08/IMG_0066_1L.tif,13,горизонталь,47.1,-0.62,-4.55,0.85,0.32,1.5,0.374,2.2,0.98,1
7,1969/08/IMG_0066_1L.tif,14,горизонталь,47.0,-0.59,-4.5,0.7,0.342,1.5,0.343,2.0,0.977,1
7,1969/08/IMG_0066_1L.tif,15,горизонталь,47.2,-0.07,-1.77,1.11,0.244,2.0,0.261,1.05,1.0,0
7,1969/08/IMG_0066_1L.tif,16,горизонталь,48.0,0.87,-2.26,4.3,0.251,1.5,0.355,1.96,0.967,1
7,1969/08/IMG_0066_1L.tif,17,горизонталь,48.1,0.9,-1.66,4.52,0.318,1.5,0.376,1.57,0.975,1
7,1969/08/IMG_0066_1L.tif,18,горизонталь,47.5,0.47,-2.21,2.52,0.178,1.5,0.323,1.92,0.975,1
7,1969/08/IMG_0066_1L.tif,19,горизонталь,47.3,0.58,-2.28,3.77,0.318,1.5,0.322,1.5,0.971,1
7,1969/08/IMG_0066_1L.tif,20,горизонталь,48.0,1.53,0.95,1.89,0.086,4.0,0.285,0.8,0.979,1
7,1969/08/IMG_0066_1L.tif,21,горизонталь,58.3,1.71,1.08,2.98,0.113,2.0,0.21,0.65,1.0,0
7,1969/08/IMG_0066_1L.tif,22,горизонталь,11.9,-1.71,-2.69,-0.99,0.069,2.0,0.34,1.16,0.93,1
7,1969/08/IMG_0066_1L.tif,23,горизонталь,8.5,-0.85,-0.85,-0.85,0.0,6.0,0.122,0.27,1.0,0
7,1969/08/IMG_0066_1L.tif,24,горизонталь,8.3,-0.93,-0.93,-0.92,0.0,6.0,0.125,0.34,1.0,0
7,1969/08/IMG_0066_1L.tif,25,горизонталь,12.4,-0.4,-1.92,0.98,0.118,2.0,0.419,1.31,0.919,1
7,1969/08/IMG_0066_1L.tif,26,горизонталь,8.3,0.99,0.99,1.0,0.0,6.0,0.11,0.3,1.0,0
7,1969/08/IMG_0066_1L.tif,27,горизонталь,8.3,0.67,0.67,0.67,0.0,6.0,0.066,0.19,1.0,0
7,1969/08/IMG_0066_1L.tif,28,горизонталь,12.4,-0.13,-0.3,0.04,0.013,4.0,0.398,0.98,0.891,1
7,1969/08/IMG_0066_1L.tif,29,горизонталь,13.9,0.68,-0.47,1.36,0.075,2.0,0.278,0.97,1.0,0
7,1969/08/IMG_0066_1L.tif,30,горизонталь,12.4,0.42,0.39,0.44,0.002,6.0,0.238,0.56,0.919,1
7,1969/08/IMG_0066_1L.tif,31,горизонталь,12.3,1.08,1.08,1.08,0.0,6.0,0.15,0.5,0.911,1
7,1969/08/IMG_0066_1L.tif,32,горизонталь,8.5,1.58,1.58,1.58,0.0,6.0,0.13,0.43,1.0,0
7,1969/08/IMG_0066_1L.tif,33,вертикаль,225.9,-0.61,-1.01,-0.25,0.074,4.0,0.173,0.63,1.0,0
7,1969/08/IMG_0066_1L.tif,34,вертикаль,224.6,-0.66,-0.95,-0.41,0.139,6.0,0.185,1.21,1.0,0
7,1969/08/IMG_0066_1L.tif,35,вертикаль,223.8,-0.5,-1.45,0.41,0.439,3.0,0.189,1.03,1.0,0
7,1969/08/IMG_0066_1L.tif,36,вертикаль,223.1,-0.57,-0.98,-0.19,0.178,6.0,0.214,0.89,0.976,1
7,1969/08/IMG_0066_1L.tif,37,вертикаль,223.6,-0.61,-0.92,-0.29,0.103,6.0,0.196,0.66,1.0,0
7,1969/08/IMG_0066_1L.tif,38,вертикаль,222.4,-0.53,-1.17,0.14,0.302,4.0,0.206,1.22,0.999,0
8,1971/08/IMG_0067_1L.tif,0,горизонталь,110.3,0.72,-1.33,2.49,0.224,2.0,0.235,1.11,0.836,6
8,1971/08/IMG_0067_1L.tif,1,горизонталь,111.8,-0.01,-0.24,0.32,0.166,6.0,0.143,0.5,1.0,0
8,1971/08/IMG_0067_1L.tif,2,горизонталь,74.2,-0.85,-2.53,0.36,0.19,2.0,0.178,0.91,0.836,4
8,1971/08/IMG_0067_1L.tif,3,горизонталь,98.7,1.49,-1.32,2.89,0.733,3.0,0.187,0.83,0.787,6
8,1971/08/IMG_0067_1L.tif,4,горизонталь,13.0,-0.58,-1.37,0.11,0.06,3.0,0.504,1.59,0.774,1
8,1971/08/IMG_0067_1L.tif,5,горизонталь,8.3,1.29,1.29,1.29,0.0,6.0,0.117,0.31,1.0,0
8,1971/08/IMG_0067_1L.tif,6,горизонталь,8.8,1.06,1.05,1.06,0.0,6.0,0.115,0.28,1.0,0
8,1971/08/IMG_0067_1L.tif,7,горизонталь,8.7,0.52,0.51,0.52,0.0,6.0,0.122,0.33,1.0,0
8,1971/08/IMG_0067_1L.tif,8,горизонталь,50.8,-0.04,-0.15,0.11,0.035,6.0,0.141,0.47,0.995,0
8,1971/08/IMG_0067_1L.tif,9,горизонталь,33.5,-0.48,-2.37,3.32,0.262,1.5,0.387,2.09,1.0,0
8,1971/08/IMG_0067_1L.tif,10,горизонталь,62.5,-0.18,-0.24,-0.11,0.02,6.0,0.137,0.58,0.903,2
8,1971/08/IMG_0067_1L.tif,11,горизонталь,8.8,-1.39,-1.39,-1.39,0.0,6.0,0.123,0.26,1.0,0
8,1971/08/IMG_0067_1L.tif,12,горизонталь,8.8,-1.57,-1.58,-1.57,0.0,6.0,0.119,0.3,1.0,0
8,1971/08/IMG_0067_1L.tif,13,горизонталь,8.8,-1.6,-1.6,-1.6,0.0,6.0,0.108,0.25,1.0,0
8,1971/08/IMG_0067_1L.tif,14,горизонталь,8.6,-1.3,-1.31,-1.3,0.0,6.0,0.189,0.59,0.98,0
8,1971/08/IMG_0067_1L.tif,15,горизонталь,8.9,0.15,0.15,0.16,0.0,6.0,0.093,0.28,1.0,0
8,1971/08/IMG_0067_1L.tif,16,горизонталь,8.9,0.08,0.08,0.08,0.0,6.0,0.029,0.08,1.0,0
8,1971/08/IMG_0067_1L.tif,17,горизонталь,35.6,0.14,0.1,0.19,0.006,6.0,0.226,0.83,0.983,0
8,1971/08/IMG_0067_1L.tif,18,вертикаль,215.2,2.07,0.26,3.12,0.464,4.0,0.154,0.64,1.0,0
8,1971/08/IMG_0067_1L.tif,19,вертикаль,215.0,2.0,0.77,3.0,0.483,6.0,0.203,1.29,1.0,0
8,1971/08/IMG_0067_1L.tif,20,вертикаль,48.9,2.16,1.49,2.55,0.154,6.0,0.215,0.79,0.991,0
8,1971/08/IMG_0067_1L.tif,21,вертикаль,96.2,2.44,0.12,5.9,0.556,1.5,0.219,2.25,0.935,2
8,1971/08/IMG_0067_1L.tif,22,вертикаль,38.3,2.6,2.46,2.73,0.032,6.0,0.204,1.19,0.991,0
8,1971/08/IMG_0067_1L.tif,23,вертикаль,11.1,1.79,1.78,1.79,0.0,6.0,0.13,0.41,0.977,0
8,1971/08/IMG_0067_1L.tif,24,вертикаль,8.9,1.77,1.77,1.78,0.0,6.0,0.113,0.37,1.0,0
8,1971/08/IMG_0067_1L.tif,25,вертикаль,50.4,1.99,0.9,2.6,0.241,4.0,0.143,0.44,1.0,0
8,1971/08/IMG_0067_1L.tif,26,вертикаль,50.1,2.0,0.7,2.7,0.267,4.0,0.16,0.55,1.0,0
8,1971/08/IMG_0067_1L.tif,27,вертикаль,50.1,1.96,0.69,2.65,0.277,4.0,0.146,0.57,1.0,0
8,1971/08/IMG_0067_1L.tif,28,вертикаль,49.9,2.02,0.5,2.83,0.31,4.0,0.138,0.41,1.0,0
8,1971/08/IMG_0067_1L.tif,29,вертикаль,49.9,1.91,0.36,2.72,0.305,4.0,0.192,0.59,1.0,0
8,1971/08/IMG_0067_1L.tif,30,вертикаль,49.4,1.95,0.34,2.99,0.343,4.0,0.156,0.5,1.0,0
8,1971/08/IMG_0067_1L.tif,31,вертикаль,44.9,2.34,0.96,3.13,0.252,4.0,0.203,0.62,1.0,0
8,1971/08/IMG_0067_1L.tif,32,вертикаль,49.3,1.95,0.31,2.95,0.363,4.0,0.165,0.65,1.0,0
8,1971/08/IMG_0067_1L.tif,33,вертикаль,44.5,2.12,0.66,3.02,0.297,4.0,0.17,0.55,1.0,0
8,1971/08/IMG_0067_1L.tif,34,вертикаль,4.4,0.56,0.56,0.56,0.0,6.0,0.076,0.16,1.0,0
8,1971/08/IMG_0067_1L.tif,35,вертикаль,19.3,2.39,2.32,2.46,0.008,6.0,0.264,0.75,0.978,0
8,1971/08/IMG_0067_1L.tif,36,вертикаль,16.0,2.41,1.75,3.5,0.066,2.0,0.312,0.95,0.911,1
8,1971/08/IMG_0067_1L.tif,37,вертикаль,11.6,2.78,1.69,4.58,0.105,1.5,0.304,1.02,0.971,0
8,1971/08/IMG_0067_1L.tif,38,вертикаль,9.6,3.04,2.87,3.23,0.01,3.0,0.365,0.99,0.974,0
8,1971/08/IMG_0067_1L.tif,39,вертикаль,8.9,1.85,1.85,1.85,0.0,6.0,0.104,0.26,1.0,0
8,1971/08/IMG_0067_1L.tif,40,вертикаль,8.2,1.81,1.81,1.81,0.0,6.0,0.154,0.41,0.959,0
8,1971/08/IMG_0067_1L.tif,41,вертикаль,49.1,2.29,2.06,2.4,0.04,6.0,0.157,0.48,1.0,0
8,1971/08/IMG_0067_1L.tif,42,вертикаль,53.8,2.13,1.88,2.27,0.049,6.0,0.131,0.51,1.0,0
8,1971/08/IMG_0067_1L.tif,43,вертикаль,54.2,2.17,2.08,2.26,0.022,6.0,0.177,0.5,1.0,0
8,1971/08/IMG_0067_1L.tif,44,вертикаль,49.3,2.18,1.87,2.33,0.059,6.0,0.172,0.55,1.0,0
8,1971/08/IMG_0067_1L.tif,45,вертикаль,53.8,2.12,1.99,2.29,0.053,6.0,0.16,0.48,1.0,0
8,1971/08/IMG_0067_1L.tif,46,вертикаль,54.4,2.51,2.36,2.66,0.047,6.0,0.232,0.73,0.995,0
8,1971/08/IMG_0067_1L.tif,47,вертикаль,54.1,2.42,2.3,2.55,0.044,6.0,0.178,0.51,0.991,1
8,1971/08/IMG_0067_1L.tif,48,вертикаль,54.5,2.54,2.4,2.69,0.042,6.0,0.2,0.64,1.0,0
8,1971/08/IMG_0067_1L.tif,49,вертикаль,54.9,2.51,2.23,2.89,0.094,4.0,0.169,0.67,1.0,0
8,1971/08/IMG_0067_1L.tif,50,вертикаль,55.0,2.65,2.5,2.82,0.024,6.0,0.193,0.57,1.0,0
8,1971/08/IMG_0067_1L.tif,51,вертикаль,55.0,2.66,2.3,3.28,0.125,4.0,0.206,0.64,0.995,0
8,1971/08/IMG_0067_1L.tif,52,вертикаль,55.3,2.73,2.32,3.02,0.086,6.0,0.187,0.62,1.0,0
8,1971/08/IMG_0067_1L.tif,53,вертикаль,55.5,2.67,2.24,2.87,0.059,4.0,0.158,0.53,1.0,0
8,1971/08/IMG_0067_1L.tif,54,вертикаль,55.5,2.19,1.65,2.57,0.16,6.0,0.153,0.55,1.0,0
8,1971/08/IMG_0067_1L.tif,55,вертикаль,55.1,2.14,1.85,2.35,0.05,6.0,0.213,0.7,1.0,0
8,1971/08/IMG_0067_1L.tif,56,вертикаль,55.1,2.21,1.97,2.34,0.047,6.0,0.189,0.88,1.0,0
8,1971/08/IMG_0067_1L.tif,57,вертикаль,42.9,2.69,1.84,3.22,0.142,4.0,0.248,0.81,0.927,1
8,1971/08/IMG_0067_1L.tif,58,вертикаль,4.6,0.64,0.64,0.64,0.0,6.0,0.06,0.16,1.0,0
8,1971/08/IMG_0067_1L.tif,59,вертикаль,46.7,2.14,1.12,2.7,0.194,4.0,0.152,0.42,1.0,0
8,1971/08/IMG_0067_1L.tif,60,вертикаль,19.5,2.0,1.93,2.05,0.007,6.0,0.229,0.98,0.996,0
9,1971/11/IMG_0082_2R.tif,0,горизонталь,54.5,-0.35,-0.94,0.16,0.086,3.0,0.164,0.78,1.0,0
9,1971/11/IMG_0082_2R.tif,1,горизонталь,50.7,1.49,1.23,1.79,0.083,6.0,0.208,0.64,0.977,1
9,1971/11/IMG_0082_2R.tif,2,горизонталь,50.6,1.64,1.21,1.97,0.13,6.0,0.209,0.5,0.98,1
9,1971/11/IMG_0082_2R.tif,3,горизонталь,48.6,-0.39,-0.96,0.06,0.134,3.0,0.213,1.32,0.955,1
9,1971/11/IMG_0082_2R.tif,4,горизонталь,45.4,-0.4,-0.61,-0.12,0.052,6.0,0.205,0.66,1.0,0
9,1971/11/IMG_0082_2R.tif,5,горизонталь,45.4,-0.42,-0.63,-0.15,0.059,6.0,0.205,0.56,1.0,0
9,1971/11/IMG_0082_2R.tif,6,горизонталь,45.6,-0.42,-0.46,-0.38,0.011,6.0,0.117,0.51,1.0,0
9,1971/11/IMG_0082_2R.tif,7,горизонталь,45.2,-0.42,-0.48,-0.35,0.015,6.0,0.156,0.9,1.0,0
9,1971/11/IMG_0082_2R.tif,8,горизонталь,45.1,-0.39,-1.68,0.05,0.083,2.0,0.189,1.06,1.0,0
9,1971/11/IMG_0082_2R.tif,9,горизонталь,45.2,-0.42,-0.67,-0.1,0.085,6.0,0.221,1.17,1.0,0
9,1971/11/IMG_0082_2R.tif,10,горизонталь,45.5,-0.43,-0.61,-0.22,0.059,6.0,0.155,1.12,1.0,0
9,1971/11/IMG_0082_2R.tif,11,горизонталь,45.6,0.03,-1.16,0.36,0.083,2.0,0.183,1.18,1.0,0
9,1971/11/IMG_0082_2R.tif,12,горизонталь,45.8,-0.08,-1.39,0.41,0.148,2.0,0.188,1.08,1.0,0
9,1971/11/IMG_0082_2R.tif,13,горизонталь,46.0,0.04,-1.52,0.86,0.244,2.0,0.216,1.24,1.0,0
9,1971/11/IMG_0082_2R.tif,14,горизонталь,45.5,-0.03,-1.4,0.46,0.138,2.0,0.209,1.21,1.0,0
9,1971/11/IMG_0082_2R.tif,15,горизонталь,46.1,0.59,-0.03,1.14,0.161,4.0,0.25,2.08,1.0,0
9,1971/11/IMG_0082_2R.tif,16,горизонталь,45.6,-0.01,-3.07,1.29,0.319,1.5,0.3,1.9,0.981,1
9,1971/11/IMG_0082_2R.tif,17,горизонталь,45.7,1.58,0.67,2.92,0.18,2.0,0.191,0.96,0.976,1
9,1971/11/IMG_0082_2R.tif,18,горизонталь,45.7,0.58,-2.18,1.61,0.229,1.5,0.245,1.16,1.0,0
9,1971/11/IMG_0082_2R.tif,19,горизонталь,45.4,1.41,0.51,2.06,0.173,4.0,0.188,1.15,1.0,0
9,1971/11/IMG_0082_2R.tif,20,горизонталь,45.6,1.64,1.08,2.04,0.136,6.0,0.249,0.78,0.981,1
9,1971/11/IMG_0082_2R.tif,21,горизонталь,45.6,1.61,1.07,1.94,0.113,6.0,0.228,0.71,0.981,1
9,1971/11/IMG_0082_2R.tif,22,горизонталь,27.1,2.18,1.97,2.34,0.032,6.0,0.254,0.59,1.0,0
9,1971/11/IMG_0082_2R.tif,23,горизонталь,22.5,1.68,1.63,1.7,0.005,6.0,0.168,0.49,1.0,0
9,1971/11/IMG_0082_2R.tif,24,горизонталь,26.8,1.47,1.36,1.53,0.013,6.0,0.198,0.74,1.0,0
9,1971/11/IMG_0082_2R.tif,25,горизонталь,26.8,1.51,1.48,1.53,0.003,6.0,0.164,0.42,1.0,0
9,1971/11/IMG_0082_2R.tif,26,вертикаль,220.5,0.38,-0.02,1.05,0.233,6.0,0.144,0.52,1.0,0
9,1971/11/IMG_0082_2R.tif,27,вертикаль,183.0,0.48,0.07,1.02,0.351,6.0,0.191,1.86,1.0,0
9,1971/11/IMG_0082_2R.tif,28,вертикаль,219.2,0.47,-0.47,1.59,0.374,4.0,0.163,0.55,1.0,0
9,1971/11/IMG_0082_2R.tif,29,вертикаль,135.8,0.49,-0.1,1.04,0.199,6.0,0.164,0.48,1.0,0
10,1972/07/IMG_0051_1L.tif,0,горизонталь,123.6,-1.86,-2.23,-0.57,0.244,4.0,0.157,0.55,1.0,0
10,1972/07/IMG_0051_1L.tif,1,горизонталь,123.4,-2.09,-2.43,-0.55,0.337,4.0,0.134,0.67,1.0,0
10,1972/07/IMG_0051_1L.tif,2,вертикаль,204.0,-0.34,-0.95,0.28,0.405,6.0,0.151,0.8,1.0,0
10,1972/07/IMG_0051_1L.tif,3,вертикаль,202.9,-0.28,-1.29,0.35,0.622,6.0,0.159,1.11,1.0,0
11,1975/10/IMG_0004_2R.tif,0,горизонталь,126.2,0.03,-0.13,0.27,0.062,6.0,0.203,0.69,1.0,0
11,1975/10/IMG_0004_2R.tif,1,горизонталь,125.2,-0.01,-0.52,0.68,0.072,4.0,0.2,0.65,1.0,0
11,1975/10/IMG_0004_2R.tif,2,горизонталь,123.5,-0.25,-0.92,0.56,0.413,6.0,0.218,0.75,1.0,0
11,1975/10/IMG_0004_2R.tif,3,горизонталь,45.3,0.25,-0.03,0.58,0.092,6.0,0.133,0.39,1.0,0
11,1975/10/IMG_0004_2R.tif,4,вертикаль,214.7,-0.3,-0.64,-0.03,0.108,6.0,0.208,0.99,1.0,0
11,1975/10/IMG_0004_2R.tif,5,вертикаль,214.9,-0.0,-0.51,0.71,0.313,4.0,0.153,0.86,1.0,0
11,1975/10/IMG_0004_2R.tif,6,вертикаль,157.1,-0.15,-1.76,1.32,0.271,2.0,0.133,0.5,1.0,0
12,1973/03/IMG_0128_1L.tif,0,горизонталь,117.1,-0.33,-1.56,1.73,0.512,3.0,0.231,1.49,0.717,9
12,1973/03/IMG_0128_1L.tif,1,горизонталь,99.4,-0.43,-1.01,0.61,0.39,6.0,0.207,0.59,1.0,0
12,1973/03/IMG_0128_1L.tif,2,горизонталь,109.6,0.06,-0.32,0.33,0.078,4.0,0.155,0.54,1.0,0
12,1973/03/IMG_0128_1L.tif,3,горизонталь,109.6,0.09,-0.68,1.33,0.592,6.0,0.152,0.44,1.0,0
12,1973/03/IMG_0128_1L.tif,4,горизонталь,111.8,0.2,-0.93,2.98,1.061,6.0,0.25,1.24,0.743,9
12,1973/03/IMG_0128_1L.tif,5,горизонталь,98.4,-0.31,-2.16,1.68,0.58,2.0,0.173,1.47,0.747,8
12,1973/03/IMG_0128_1L.tif,6,горизонталь,112.8,0.11,-1.89,2.1,0.628,2.0,0.231,1.68,0.735,9
12,1973/03/IMG_0128_1L.tif,7,горизонталь,107.2,0.12,-0.62,1.49,0.56,6.0,0.189,0.72,0.724,9
12,1973/03/IMG_0128_1L.tif,8,горизонталь,107.4,0.04,-1.42,1.15,0.176,2.0,0.17,0.9,0.719,9
12,1973/03/IMG_0128_1L.tif,9,горизонталь,17.9,-0.37,-0.39,-0.34,0.003,6.0,0.175,0.52,1.0,0
12,1973/03/IMG_0128_1L.tif,10,горизонталь,10.1,-1.26,-1.27,-1.26,0.0,6.0,0.119,0.28,1.0,0
12,1973/03/IMG_0128_1L.tif,11,горизонталь,10.4,-0.64,-0.64,-0.64,0.0,6.0,0.1,0.24,1.0,0
12,1973/03/IMG_0128_1L.tif,12,горизонталь,10.4,-0.56,-0.56,-0.56,0.0,6.0,0.087,0.21,1.0,0
12,1973/03/IMG_0128_1L.tif,13,горизонталь,10.4,-0.9,-0.9,-0.9,0.0,6.0,0.076,0.19,1.0,0
12,1973/03/IMG_0128_1L.tif,14,горизонталь,10.3,-0.61,-0.61,-0.6,0.0,6.0,0.118,0.28,1.0,0
12,1973/03/IMG_0128_1L.tif,15,горизонталь,13.4,0.37,0.36,0.38,0.0,6.0,0.087,0.28,1.0,0
12,1973/03/IMG_0128_1L.tif,16,горизонталь,13.3,0.94,0.93,0.95,0.001,6.0,0.125,0.29,1.0,0
12,1973/03/IMG_0128_1L.tif,17,горизонталь,10.5,0.76,0.76,0.76,0.0,6.0,0.065,0.15,1.0,0
12,1973/03/IMG_0128_1L.tif,18,горизонталь,10.6,1.18,1.18,1.18,0.0,6.0,0.088,0.21,1.0,0
12,1973/03/IMG_0128_1L.tif,19,горизонталь,9.1,0.42,0.42,0.42,0.0,6.0,0.069,0.28,1.0,0
12,1973/03/IMG_0128_1L.tif,20,горизонталь,48.9,0.7,0.53,0.86,0.033,6.0,0.157,0.4,1.0,0
12,1973/03/IMG_0128_1L.tif,21,вертикаль,218.6,-0.98,-2.27,0.43,0.575,4.0,0.184,1.73,0.892,4
12,1973/03/IMG_0128_1L.tif,22,вертикаль,194.6,-0.97,-2.09,0.18,0.636,6.0,0.207,0.63,1.0,0
12,1973/03/IMG_0128_1L.tif,23,вертикаль,89.2,-1.45,-2.33,-0.54,0.367,6.0,0.182,0.69,0.954,1
12,1973/03/IMG_0128_1L.tif,24,вертикаль,37.2,-1.27,-1.74,-0.82,0.07,4.0,0.177,0.41,1.0,0
12,1973/03/IMG_0128_1L.tif,25,вертикаль,28.5,-1.93,-2.0,-1.84,0.014,6.0,0.118,0.34,1.0,0
12,1973/03/IMG_0128_1L.tif,26,вертикаль,63.5,-1.71,-2.63,0.63,0.249,2.0,0.146,1.1,0.901,1
12,1973/03/IMG_0128_1L.tif,27,вертикаль,28.7,-1.96,-2.02,-1.86,0.012,6.0,0.175,0.61,1.0,0
12,1973/03/IMG_0128_1L.tif,28,вертикаль,28.3,-1.6,-1.72,-1.45,0.023,6.0,0.165,0.54,1.0,0
12,1973/03/IMG_0128_1L.tif,29,вертикаль,28.1,-1.94,-2.03,-1.81,0.019,6.0,0.16,0.47,1.0,0
12,1973/03/IMG_0128_1L.tif,30,вертикаль,28.4,-2.03,-2.15,-1.86,0.025,6.0,0.175,0.53,1.0,0
12,1973/03/IMG_0128_1L.tif,31,вертикаль,28.5,-1.94,-2.07,-1.75,0.029,6.0,0.216,0.72,1.0,0
12,1973/03/IMG_0128_1L.tif,32,вертикаль,28.5,-1.88,-1.98,-1.75,0.02,6.0,0.181,0.47,1.0,0
12,1973/03/IMG_0128_1L.tif,33,вертикаль,28.4,-1.87,-1.93,-1.8,0.009,6.0,0.201,0.55,1.0,0
12,1973/03/IMG_0128_1L.tif,34,вертикаль,28.2,-1.98,-2.01,-1.91,0.008,6.0,0.113,0.43,1.0,0
12,1973/03/IMG_0128_1L.tif,35,вертикаль,28.4,-2.07,-2.12,-2.0,0.009,6.0,0.168,0.53,1.0,0
12,1973/03/IMG_0128_1L.tif,36,вертикаль,98.0,-1.37,-2.32,-0.48,0.259,3.0,0.163,1.23,0.869,2
12,1973/03/IMG_0128_1L.tif,37,вертикаль,97.7,-1.39,-2.23,-0.69,0.273,4.0,0.151,0.7,0.869,2
12,1973/03/IMG_0128_1L.tif,38,вертикаль,97.7,-1.17,-2.59,-0.37,0.501,4.0,0.181,0.96,0.869,2
12,1973/03/IMG_0128_1L.tif,39,вертикаль,97.8,-1.27,-2.36,-0.47,0.387,4.0,0.15,0.51,0.864,2
12,1973/03/IMG_0128_1L.tif,40,вертикаль,97.7,-1.27,-2.37,-0.26,0.369,3.0,0.169,1.0,0.872,2
12,1973/03/IMG_0128_1L.tif,41,вертикаль,97.5,-1.19,-2.66,-0.15,0.494,3.0,0.17,1.16,0.871,2
12,1973/03/IMG_0128_1L.tif,42,вертикаль,97.3,-1.01,-2.41,-0.11,0.444,3.0,0.165,0.82,0.871,2
12,1973/03/IMG_0128_1L.tif,43,вертикаль,3.9,-0.46,-0.46,-0.46,0.0,6.0,0.048,0.1,1.0,0
12,1973/03/IMG_0128_1L.tif,44,вертикаль,3.9,0.69,0.69,0.69,0.0,6.0,0.053,0.11,1.0,0
12,1973/03/IMG_0128_1L.tif,45,вертикаль,3.9,-0.42,-0.42,-0.42,0.0,6.0,0.056,0.18,1.0,0
12,1973/03/IMG_0128_1L.tif,46,вертикаль,3.9,-0.46,-0.46,-0.46,0.0,6.0,0.047,0.1,1.0,0
12,1973/03/IMG_0128_1L.tif,47,вертикаль,70.7,-0.46,-2.74,0.93,0.334,3.0,0.15,0.56,1.0,0
12,1973/03/IMG_0128_1L.tif,48,вертикаль,28.5,-2.04,-2.12,-1.93,0.016,6.0,0.155,0.51,1.0,0
12,1973/03/IMG_0128_1L.tif,49,вертикаль,28.4,-2.2,-2.29,-2.07,0.019,6.0,0.157,0.52,1.0,0
12,1973/03/IMG_0128_1L.tif,50,вертикаль,28.4,-2.22,-2.26,-2.17,0.004,6.0,0.198,0.56,1.0,0
12,1973/03/IMG_0128_1L.tif,51,вертикаль,63.3,-1.46,-1.75,-0.93,0.079,4.0,0.182,0.95,0.9,1
12,1973/03/IMG_0128_1L.tif,52,вертикаль,28.5,-2.52,-2.71,-2.13,0.045,4.0,0.17,0.61,1.0,0
12,1973/03/IMG_0128_1L.tif,53,вертикаль,28.4,-2.1,-2.15,-2.02,0.01,6.0,0.174,0.54,1.0,0
12,1973/03/IMG_0128_1L.tif,54,вертикаль,28.3,-2.08,-2.24,-1.88,0.031,6.0,0.186,0.66,1.0,0
12,1973/03/IMG_0128_1L.tif,55,вертикаль,28.4,-2.47,-2.51,-2.4,0.007,6.0,0.201,0.71,1.0,0
12,1973/03/IMG_0128_1L.tif,56,вертикаль,28.6,-2.94,-3.17,-2.69,0.023,4.0,0.219,0.72,1.0,0
12,1973/03/IMG_0128_1L.tif,57,вертикаль,63.2,-1.35,-1.65,-1.0,0.053,4.0,0.136,0.72,0.898,1
12,1973/03/IMG_0128_1L.tif,58,вертикаль,28.3,-2.98,-3.32,-2.41,0.075,4.0,0.2,0.66,1.0,0
12,1973/03/IMG_0128_1L.tif,59,вертикаль,28.4,-1.81,-1.95,-1.61,0.029,6.0,0.195,0.62,1.0,0
12,1973/03/IMG_0128_1L.tif,60,вертикаль,3.9,0.04,0.04,0.04,0.0,6.0,0.059,0.14,1.0,0
12,1973/03/IMG_0128_1L.tif,61,вертикаль,3.9,0.28,0.28,0.28,0.0,6.0,0.102,0.19,1.0,0
12,1973/03/IMG_0128_1L.tif,62,вертикаль,3.9,-0.42,-0.42,-0.42,0.0,6.0,0.037,0.13,1.0,0
12,1973/03/IMG_0128_1L.tif,63,вертикаль,4.0,0.56,0.56,0.56,0.0,6.0,0.063,0.21,1.0,0
12,1973/03/IMG_0128_1L.tif,64,вертикаль,28.6,-1.21,-1.25,-1.16,0.007,6.0,0.096,0.27,1.0,0
12,1973/03/IMG_0128_1L.tif,65,вертикаль,28.4,-1.75,-1.87,-1.61,0.023,6.0,0.156,0.57,1.0,0
12,1973/03/IMG_0128_1L.tif,66,вертикаль,28.6,-1.5,-1.51,-1.47,0.003,6.0,0.119,0.34,1.0,0
12,1973/03/IMG_0128_1L.tif,67,вертикаль,28.4,-1.27,-1.3,-1.23,0.006,6.0,0.111,0.31,1.0,0
12,1973/03/IMG_0128_1L.tif,68,вертикаль,28.4,-1.49,-1.52,-1.44,0.005,6.0,0.164,0.55,1.0,0
12,1973/03/IMG_0128_1L.tif,69,вертикаль,28.5,-1.6,-1.62,-1.58,0.003,6.0,0.11,0.33,1.0,0
12,1973/03/IMG_0128_1L.tif,70,вертикаль,28.6,-1.17,-1.26,-1.07,0.016,6.0,0.112,0.31,1.0,0
12,1973/03/IMG_0128_1L.tif,71,вертикаль,28.4,-1.36,-1.44,-1.26,0.016,6.0,0.133,0.48,1.0,0
12,1973/03/IMG_0128_1L.tif,72,вертикаль,28.4,-1.42,-1.47,-1.36,0.009,6.0,0.115,0.34,1.0,0
12,1973/03/IMG_0128_1L.tif,73,вертикаль,28.4,-1.39,-1.43,-1.34,0.008,6.0,0.112,0.39,1.0,0
12,1973/03/IMG_0128_1L.tif,74,вертикаль,28.3,-1.62,-1.65,-1.57,0.007,6.0,0.108,0.33,1.0,0
12,1973/03/IMG_0128_1L.tif,75,вертикаль,3.9,-0.13,-0.13,-0.13,0.0,6.0,0.041,0.1,1.0,0
12,1973/03/IMG_0128_1L.tif,76,вертикаль,23.5,-1.03,-1.04,-1.02,0.001,6.0,0.154,0.58,1.0,0
12,1973/03/IMG_0128_1L.tif,77,вертикаль,23.6,-1.1,-1.16,-1.04,0.01,6.0,0.133,0.33,1.0,0
12,1973/03/IMG_0128_1L.tif,78,вертикаль,9.3,-1.41,-1.41,-1.41,0.0,6.0,0.128,0.36,1.0,0
13,1967/10/IMG_0033_1L.tif,0,горизонталь,79.9,-0.32,-1.98,5.42,0.969,1.5,0.188,1.62,1.0,0
13,1967/10/IMG_0033_1L.tif,1,горизонталь,78.8,-1.0,-3.03,5.92,1.338,2.0,0.125,0.55,1.0,0
13,1967/10/IMG_0033_1L.tif,2,горизонталь,68.8,-1.64,-2.71,-0.22,0.316,3.0,0.194,0.62,1.0,0
13,1967/10/IMG_0033_1L.tif,3,горизонталь,38.4,0.8,-2.59,7.52,0.912,1.5,0.181,0.93,1.0,0
13,1967/10/IMG_0033_1L.tif,4,вертикаль,32.8,0.22,0.08,0.33,0.026,6.0,0.281,0.83,1.0,0
13,1967/10/IMG_0033_1L.tif,5,вертикаль,32.9,0.21,0.16,0.28,0.009,6.0,0.176,0.52,1.0,0
13,1967/10/IMG_0033_1L.tif,6,вертикаль,32.6,-0.3,-0.86,0.17,0.058,4.0,0.261,0.73,1.0,0
13,1967/10/IMG_0033_1L.tif,7,вертикаль,28.4,0.36,-0.23,2.15,0.074,1.5,0.235,1.45,1.0,0
13,1967/10/IMG_0033_1L.tif,8,вертикаль,28.5,0.07,-0.41,1.09,0.053,2.0,0.207,1.34,1.0,0
13,1967/10/IMG_0033_1L.tif,9,вертикаль,28.1,0.58,-0.56,2.99,0.093,1.5,0.263,1.51,0.955,1
14,1971/06/IMG_0104_2R.tif,0,горизонталь,122.4,0.04,-4.31,4.07,0.515,1.5,0.373,3.3,0.981,1
14,1971/06/IMG_0104_2R.tif,1,горизонталь,120.7,0.0,-0.11,0.1,0.02,6.0,0.172,0.89,1.0,0
14,1971/06/IMG_0104_2R.tif,2,горизонталь,118.8,-0.05,-1.26,0.65,0.347,6.0,0.182,0.58,1.0,0
14,1971/06/IMG_0104_2R.tif,3,горизонталь,43.6,-0.43,-1.0,-0.06,0.124,6.0,0.212,0.68,1.0,0
14,1971/06/IMG_0104_2R.tif,4,вертикаль,216.8,0.1,-0.74,0.6,0.535,6.0,0.183,0.55,1.0,0
14,1971/06/IMG_0104_2R.tif,5,вертикаль,215.7,0.01,-0.33,0.36,0.091,6.0,0.163,0.88,1.0,0
14,1971/06/IMG_0104_2R.tif,6,вертикаль,154.7,0.26,-0.41,0.96,0.462,6.0,0.172,0.81,1.0,0
15,1970/11/IMG_0054_2R.tif,0,горизонталь,136.8,-0.02,-0.47,0.41,0.053,4.0,0.182,0.67,1.0,0
15,1970/11/IMG_0054_2R.tif,1,горизонталь,136.1,-0.01,-1.93,1.42,0.192,2.0,0.135,0.71,1.0,0
15,1970/11/IMG_0054_2R.tif,2,горизонталь,133.5,-0.16,-1.56,1.68,0.67,3.0,0.171,0.67,1.0,0
15,1970/11/IMG_0054_2R.tif,3,вертикаль,220.9,-0.02,-0.7,0.71,0.319,4.0,0.147,0.51,1.0,0
15,1970/11/IMG_0054_2R.tif,4,вертикаль,221.7,0.53,-0.1,0.83,0.156,6.0,0.199,1.04,1.0,0
15,1970/11/IMG_0054_2R.tif,5,вертикаль,178.6,0.53,-0.44,1.09,0.321,6.0,0.216,0.63,1.0,0
16,1976/02/IMG_0054_2R.tif,0,горизонталь,123.2,-0.02,-0.24,0.17,0.038,6.0,0.178,1.04,1.0,0
16,1976/02/IMG_0054_2R.tif,1,горизонталь,126.8,0.0,-0.16,0.25,0.039,6.0,0.226,0.69,1.0,0
16,1976/02/IMG_0054_2R.tif,2,горизонталь,120.2,0.0,-0.51,0.71,0.235,6.0,0.215,0.73,1.0,0
16,1976/02/IMG_0054_2R.tif,3,горизонталь,46.2,0.38,0.17,0.58,0.055,6.0,0.112,0.35,1.0,0
16,1976/02/IMG_0054_2R.tif,4,вертикаль,218.0,-0.03,-0.22,0.21,0.127,6.0,0.193,0.62,1.0,0
16,1976/02/IMG_0054_2R.tif,5,вертикаль,218.0,-0.94,-1.54,-0.37,0.42,6.0,0.193,0.74,1.0,0
16,1976/02/IMG_0054_2R.tif,6,вертикаль,161.0,-0.22,-0.5,0.02,0.089,6.0,0.193,0.67,1.0,0
17,1974/10/IMG_0017_2R.tif,0,горизонталь,111.1,-0.38,-2.56,1.47,0.566,1.5,0.213,1.35,0.873,2
17,1974/10/IMG_0017_2R.tif,1,горизонталь,89.7,-0.11,-2.15,2.36,0.203,1.5,0.206,0.98,0.93,1
17,1974/10/IMG_0017_2R.tif,2,горизонталь,89.2,-0.24,-1.1,0.68,0.208,3.0,0.248,0.8,0.931,1
17,1974/10/IMG_0017_2R.tif,3,горизонталь,89.6,-0.42,-1.97,0.82,0.36,3.0,0.247,1.39,0.93,1
17,1974/10/IMG_0017_2R.tif,4,горизонталь,88.3,-0.32,-2.03,1.03,0.123,2.0,0.192,0.75,0.933,1
17,1974/10/IMG_0017_2R.tif,5,горизонталь,87.8,-0.27,-1.32,1.01,0.173,2.0,0.248,1.96,0.931,1
17,1974/10/IMG_0017_2R.tif,6,горизонталь,87.8,-0.18,-1.46,1.12,0.141,2.0,0.213,1.01,0.933,1
17,1974/10/IMG_0017_2R.tif,7,горизонталь,87.7,-0.1,-0.67,0.36,0.081,4.0,0.263,1.52,0.931,1
17,1974/10/IMG_0017_2R.tif,8,горизонталь,87.8,-0.08,-1.09,0.67,0.133,2.0,0.21,1.41,0.934,1
17,1974/10/IMG_0017_2R.tif,9,горизонталь,12.9,-2.17,-2.18,-2.16,0.001,6.0,0.298,0.7,1.0,0
17,1974/10/IMG_0017_2R.tif,10,горизонталь,13.5,-0.98,-0.99,-0.96,0.001,6.0,0.202,0.49,1.0,0
17,1974/10/IMG_0017_2R.tif,11,горизонталь,13.4,-0.54,-0.55,-0.52,0.001,6.0,0.173,0.49,1.0,0
17,1974/10/IMG_0017_2R.tif,12,горизонталь,13.9,1.18,1.16,1.19,0.001,6.0,0.175,0.53,1.0,0
17,1974/10/IMG_0017_2R.tif,13,горизонталь,12.2,-0.41,-0.44,-0.38,0.002,6.0,0.413,1.3,0.834,1
17,1974/10/IMG_0017_2R.tif,14,горизонталь,12.7,1.07,1.05,1.09,0.002,6.0,0.209,0.64,0.815,1
17,1974/10/IMG_0017_2R.tif,15,горизонталь,8.9,0.68,0.68,0.68,0.0,6.0,0.11,0.27,1.0,0
17,1974/10/IMG_0017_2R.tif,16,горизонталь,9.1,0.72,0.72,0.72,0.0,6.0,0.084,0.26,1.0,0
17,1974/10/IMG_0017_2R.tif,17,вертикаль,215.1,0.34,-1.35,1.64,1.198,4.0,0.175,1.02,1.0,0
17,1974/10/IMG_0017_2R.tif,18,вертикаль,124.6,1.42,0.43,2.54,0.435,3.0,0.197,0.76,1.0,0
17,1974/10/IMG_0017_2R.tif,19,вертикаль,214.4,0.63,-1.23,1.99,1.748,4.0,0.197,0.66,1.0,0
17,1974/10/IMG_0017_2R.tif,20,вертикаль,153.8,0.83,-0.33,1.9,0.278,4.0,0.146,0.97,1.0,0
17,1974/10/IMG_0017_2R.tif,21,вертикаль,124.7,1.33,0.63,1.81,0.391,6.0,0.197,0.59,1.0,0
17,1974/10/IMG_0017_2R.tif,22,вертикаль,214.7,0.52,-0.94,2.1,1.565,4.0,0.163,0.55,1.0,0
17,1974/10/IMG_0017_2R.tif,23,вертикаль,86.7,1.6,1.1,1.91,0.206,6.0,0.222,0.93,1.0,0
17,1974/10/IMG_0017_2R.tif,24,вертикаль,86.8,1.33,0.82,1.77,0.215,6.0,0.184,0.66,1.0,0
17,1974/10/IMG_0017_2R.tif,25,вертикаль,86.6,1.24,0.42,1.78,0.248,4.0,0.16,0.6,1.0,0
17,1974/10/IMG_0017_2R.tif,26,вертикаль,86.4,1.15,0.39,2.04,0.299,3.0,0.2,0.69,1.0,0
17,1974/10/IMG_0017_2R.tif,27,вертикаль,88.6,-0.35,-0.71,-0.06,0.086,4.0,0.159,0.69,1.0,0
17,1974/10/IMG_0017_2R.tif,28,вертикаль,27.5,-0.33,-0.37,-0.25,0.01,6.0,0.163,0.39,1.0,0
17,1974/10/IMG_0017_2R.tif,29,вертикаль,27.5,-0.15,-0.22,-0.09,0.012,6.0,0.142,0.45,1.0,0
17,1974/10/IMG_0017_2R.tif,30,вертикаль,59.9,-0.36,-0.93,0.08,0.11,4.0,0.195,0.61,1.0,0
17,1974/10/IMG_0017_2R.tif,31,вертикаль,11.7,-0.64,-0.64,-0.64,0.0,6.0,0.128,0.32,1.0,0
17,1974/10/IMG_0017_2R.tif,32,вертикаль,11.8,-1.02,-1.02,-1.01,0.0,6.0,0.134,0.37,1.0,0
17,1974/10/IMG_0017_2R.tif,33,вертикаль,11.9,-1.57,-1.58,-1.55,0.001,6.0,0.202,0.46,1.0,0
17,1974/10/IMG_0017_2R.tif,34,вертикаль,11.8,-0.79,-0.8,-0.78,0.001,6.0,0.162,0.42,1.0,0
18,1973/08/IMG_0062_2R.tif,0,горизонталь,61.8,0.3,-0.23,0.7,0.133,6.0,0.239,0.76,1.0,0
18,1973/08/IMG_0062_2R.tif,1,горизонталь,48.9,0.49,-1.54,4.06,0.247,1.5,0.564,2.98,0.965,2
18,1973/08/IMG_0062_2R.tif,2,горизонталь,49.0,0.17,-1.17,4.76,0.33,1.5,0.466,2.72,0.983,1
18,1973/08/IMG_0062_2R.tif,3,горизонталь,49.2,0.13,-2.11,5.54,0.346,1.5,0.469,2.35,0.983,1
18,1973/08/IMG_0062_2R.tif,4,горизонталь,48.9,0.26,-1.2,4.66,0.332,1.5,0.358,1.85,0.983,1
18,1973/08/IMG_0062_2R.tif,5,горизонталь,49.1,0.39,-0.83,4.08,0.349,1.5,0.314,1.82,0.981,1
18,1973/08/IMG_0062_2R.tif,6,горизонталь,49.2,0.36,-1.08,4.09,0.357,1.5,0.321,2.15,0.981,1
18,1973/08/IMG_0062_2R.tif,7,горизонталь,49.4,0.46,-0.75,2.39,0.253,1.5,0.202,0.97,1.0,0
18,1973/08/IMG_0062_2R.tif,8,горизонталь,49.4,0.35,-1.1,3.69,0.336,1.5,0.295,1.39,0.974,1
18,1973/08/IMG_0062_2R.tif,9,горизонталь,49.4,0.39,-1.02,4.15,0.348,1.5,0.324,1.88,0.978,1
18,1973/08/IMG_0062_2R.tif,10,горизонталь,49.1,0.4,-0.9,4.18,0.363,1.5,0.338,1.73,0.983,1
18,1973/08/IMG_0062_2R.tif,11,горизонталь,49.4,0.27,-0.24,0.79,0.163,6.0,0.298,0.94,1.0,0
18,1973/08/IMG_0062_2R.tif,12,горизонталь,24.3,-0.14,-0.25,-0.03,0.017,6.0,0.177,0.34,1.0,0
18,1973/08/IMG_0062_2R.tif,13,горизонталь,24.5,-0.61,-0.67,-0.55,0.009,6.0,0.084,0.22,1.0,0
18,1973/08/IMG_0062_2R.tif,14,горизонталь,24.4,-0.48,-0.55,-0.42,0.009,6.0,0.098,0.3,1.0,0
18,1973/08/IMG_0062_2R.tif,15,горизонталь,24.5,-0.69,-0.85,-0.52,0.025,6.0,0.201,0.48,1.0,0
18,1973/08/IMG_0062_2R.tif,16,горизонталь,24.4,-0.69,-0.94,-0.44,0.037,6.0,0.293,0.58,1.0,0
18,1973/08/IMG_0062_2R.tif,17,горизонталь,23.5,0.17,-1.66,3.95,0.236,1.5,0.613,2.67,0.964,1
18,1973/08/IMG_0062_2R.tif,18,горизонталь,23.6,0.2,-0.77,3.36,0.159,1.5,0.369,1.52,1.0,0
18,1973/08/IMG_0062_2R.tif,19,горизонталь,23.7,0.32,-0.88,3.22,0.174,1.5,0.321,1.54,1.0,0
18,1973/08/IMG_0062_2R.tif,20,горизонталь,23.6,0.27,-0.38,2.47,0.095,1.5,0.259,1.14,1.0,0
18,1973/08/IMG_0062_2R.tif,21,горизонталь,23.5,-0.02,-1.28,0.52,0.073,2.0,0.28,0.77,1.0,0
18,1973/08/IMG_0062_2R.tif,22,вертикаль,221.3,0.66,-0.24,1.02,0.38,6.0,0.168,0.55,1.0,0
18,1973/08/IMG_0062_2R.tif,23,вертикаль,221.7,0.6,0.4,0.77,0.059,6.0,0.116,0.49,1.0,0
18,1973/08/IMG_0062_2R.tif,24,вертикаль,220.0,0.81,-0.74,2.17,0.264,4.0,0.139,0.47,1.0,0
18,1973/08/IMG_0062_2R.tif,25,вертикаль,157.1,0.77,-0.65,2.2,0.281,3.0,0.202,1.39,0.673,13
18,1973/08/IMG_0062_2R.tif,26,вертикаль,47.3,0.34,-0.01,0.77,0.12,6.0,0.257,1.0,0.661,4
18,1973/08/IMG_0062_2R.tif,27,вертикаль,37.3,0.84,0.49,1.08,0.07,6.0,0.205,0.76,0.683,3
18,1973/08/IMG_0062_2R.tif,28,вертикаль,33.4,0.55,0.14,1.06,0.091,4.0,0.261,1.2,0.904,1
19,1969/06/IMG_0138_1L.tif,0,горизонталь,54.7,0.17,-0.72,0.72,0.108,3.0,0.19,0.61,1.0,0
19,1969/06/IMG_0138_1L.tif,1,горизонталь,54.5,0.01,-0.16,0.27,0.056,6.0,0.22,0.61,1.0,0
19,1969/06/IMG_0138_1L.tif,2,горизонталь,54.7,-0.03,-0.79,0.31,0.135,4.0,0.159,0.59,1.0,0
19,1969/06/IMG_0138_1L.tif,3,горизонталь,54.4,0.92,0.88,0.99,0.006,6.0,0.19,0.69,1.0,0
19,1969/06/IMG_0138_1L.tif,4,горизонталь,55.0,-0.79,-1.93,0.62,0.464,4.0,0.196,0.51,1.0,0
19,1969/06/IMG_0138_1L.tif,5,горизонталь,50.0,0.51,-0.13,3.83,0.31,1.5,0.325,2.2,0.978,1
19,1969/06/IMG_0138_1L.tif,6,горизонталь,49.7,0.42,-0.47,4.75,0.478,1.5,0.431,2.49,0.974,1
19,1969/06/IMG_0138_1L.tif,7,горизонталь,50.0,0.56,-0.27,3.77,0.297,1.5,0.303,2.0,0.975,1
19,1969/06/IMG_0138_1L.tif,8,горизонталь,49.7,0.5,-0.47,3.89,0.328,1.5,0.303,2.13,0.981,1
19,1969/06/IMG_0138_1L.tif,9,горизонталь,49.6,0.34,-0.57,4.51,0.419,1.5,0.354,2.27,0.976,1
19,1969/06/IMG_0138_1L.tif,10,горизонталь,49.0,-0.58,-1.49,1.69,0.2,1.5,0.231,1.48,1.0,0
19,1969/06/IMG_0138_1L.tif,11,горизонталь,49.4,-0.79,-1.45,1.91,0.252,1.5,0.221,1.39,1.0,0
19,1969/06/IMG_0138_1L.tif,12,горизонталь,49.1,-0.63,-1.38,2.21,0.281,1.5,0.23,1.43,1.0,0
19,1969/06/IMG_0138_1L.tif,13,горизонталь,49.3,-0.5,-1.58,4.22,0.482,1.5,0.361,2.19,0.978,1
19,1969/06/IMG_0138_1L.tif,14,горизонталь,50.1,-0.45,-1.56,2.28,0.424,2.0,0.208,1.26,1.0,0
19,1969/06/IMG_0138_1L.tif,15,горизонталь,50.2,-0.7,-1.32,0.44,0.23,4.0,0.212,0.97,1.0,0
19,1969/06/IMG_0138_1L.tif,16,горизонталь,50.1,-0.73,-1.49,0.59,0.297,4.0,0.211,1.79,1.0,0
19,1969/06/IMG_0138_1L.tif,17,горизонталь,49.5,-0.44,-2.0,4.98,0.599,1.5,0.417,2.41,0.98,1
19,1969/06/IMG_0138_1L.tif,18,горизонталь,49.4,-0.67,-1.6,3.25,0.421,1.5,0.239,1.54,0.978,1
19,1969/06/IMG_0138_1L.tif,19,горизонталь,49.8,-0.42,-1.9,4.76,0.565,1.5,0.388,2.26,0.975,1
19,1969/06/IMG_0138_1L.tif,20,горизонталь,49.9,-0.44,-1.78,4.58,0.558,1.5,0.368,2.19,0.975,1
19,1969/06/IMG_0138_1L.tif,21,горизонталь,49.4,-0.63,-1.73,3.55,0.445,1.5,0.296,1.7,0.976,1
19,1969/06/IMG_0138_1L.tif,22,горизонталь,50.0,-0.58,-1.57,1.8,0.35,2.0,0.193,1.11,1.0,0
19,1969/06/IMG_0138_1L.tif,23,горизонталь,44.4,-0.15,-0.24,-0.05,0.024,6.0,0.095,0.37,1.0,0
19,1969/06/IMG_0138_1L.tif,24,горизонталь,44.2,-0.34,-0.47,-0.19,0.041,6.0,0.112,0.36,1.0,0
19,1969/06/IMG_0138_1L.tif,25,горизонталь,44.2,-0.34,-0.39,-0.29,0.01,6.0,0.112,0.4,1.0,0
19,1969/06/IMG_0138_1L.tif,26,горизонталь,44.0,-0.2,-0.61,0.63,0.134,4.0,0.149,1.18,1.0,0
19,1969/06/IMG_0138_1L.tif,27,горизонталь,44.0,0.06,-0.2,0.27,0.068,6.0,0.171,0.43,1.0,0
19,1969/06/IMG_0138_1L.tif,28,горизонталь,43.9,-0.06,-0.14,0.13,0.032,6.0,0.147,0.52,1.0,0
19,1969/06/IMG_0138_1L.tif,29,горизонталь,43.9,-0.48,-0.52,-0.44,0.008,6.0,0.132,0.41,1.0,0
19,1969/06/IMG_0138_1L.tif,30,горизонталь,8.0,-4.25,-6.43,-1.6,0.127,1.5,0.615,1.34,0.76,1
19,1969/06/IMG_0138_1L.tif,31,горизонталь,4.3,-0.05,-0.05,-0.05,0.0,6.0,0.015,0.04,1.0,0
19,1969/06/IMG_0138_1L.tif,32,горизонталь,4.1,0.01,0.01,0.01,0.0,6.0,0.029,0.08,1.0,0
19,1969/06/IMG_0138_1L.tif,33,горизонталь,4.1,-0.12,-0.12,-0.12,0.0,6.0,0.045,0.12,1.0,0
19,1969/06/IMG_0138_1L.tif,34,горизонталь,4.2,-0.37,-0.37,-0.37,0.0,6.0,0.025,0.06,1.0,0
19,1969/06/IMG_0138_1L.tif,35,горизонталь,4.2,-0.41,-0.41,-0.41,0.0,6.0,0.039,0.11,1.0,0
19,1969/06/IMG_0138_1L.tif,36,горизонталь,4.2,-0.23,-0.23,-0.23,0.0,6.0,0.051,0.14,1.0,0
19,1969/06/IMG_0138_1L.tif,37,горизонталь,4.1,-0.44,-0.44,-0.44,0.0,6.0,0.047,0.12,1.0,0
19,1969/06/IMG_0138_1L.tif,38,горизонталь,4.0,-0.14,-0.14,-0.14,0.0,6.0,0.079,0.25,1.0,0
19,1969/06/IMG_0138_1L.tif,39,горизонталь,8.9,-0.82,-0.82,-0.81,0.0,6.0,0.103,0.24,1.0,0
19,1969/06/IMG_0138_1L.tif,40,горизонталь,8.7,-0.92,-0.92,-0.92,0.0,6.0,0.131,0.29,1.0,0
19,1969/06/IMG_0138_1L.tif,41,вертикаль,220.5,0.39,-0.37,1.59,0.78,4.0,0.151,0.82,1.0,0
19,1969/06/IMG_0138_1L.tif,42,вертикаль,218.9,0.31,-1.67,1.83,0.591,3.0,0.153,0.64,1.0,0
19,1969/06/IMG_0138_1L.tif,43,вертикаль,128.4,0.31,-2.55,1.79,0.622,2.0,0.265,2.04,0.993,1
19,1969/06/IMG_0138_1L.tif,44,вертикаль,165.4,0.34,-2.12,2.13,0.608,2.0,0.154,1.58,1.0,0
19,1969/06/IMG_0138_1L.tif,45,вертикаль,217.8,0.38,-2.21,1.95,0.571,1.5,0.206,2.06,0.99,1
19,1969/06/IMG_0138_1L.tif,46,вертикаль,126.9,0.24,-1.61,1.63,0.508,2.0,0.248,2.01,1.0,0
19,1969/06/IMG_0138_1L.tif,47,вертикаль,73.9,0.66,-0.49,1.42,0.345,4.0,0.317,1.88,1.0,0
19,1969/06/IMG_0138_1L.tif,48,вертикаль,74.0,0.55,-0.28,0.99,0.235,4.0,0.266,1.68,1.0,0
19,1969/06/IMG_0138_1L.tif,49,вертикаль,74.0,0.41,-0.32,0.78,0.215,6.0,0.297,1.41,1.0,0
19,1969/06/IMG_0138_1L.tif,50,вертикаль,94.0,0.25,-3.22,2.48,0.475,1.5,0.285,2.22,0.99,1
19,1969/06/IMG_0138_1L.tif,51,вертикаль,93.7,0.37,-2.89,2.23,0.503,1.5,0.234,1.32,0.913,3
19,1969/06/IMG_0138_1L.tif,52,вертикаль,94.4,0.37,-0.48,1.69,0.278,2.0,0.204,1.13,1.0,0
20,1969/06/IMG_0137_1L.tif,0,горизонталь,89.7,0.7,-1.41,2.22,0.228,1.5,0.156,0.52,1.0,0
20,1969/06/IMG_0137_1L.tif,1,горизонталь,89.7,0.38,-1.53,2.23,0.141,1.5,0.202,1.42,1.0,0
20,1969/06/IMG_0137_1L.tif,2,горизонталь,89.7,-0.89,-3.03,1.23,0.179,1.5,0.152,0.84,1.0,0
20,1969/06/IMG_0137_1L.tif,3,горизонталь,86.1,0.29,-2.08,1.17,0.173,1.5,0.162,0.94,0.978,1
20,1969/06/IMG_0137_1L.tif,4,горизонталь,84.2,-0.13,-1.73,1.19,0.36,2.0,0.169,1.19,0.976,1
20,1969/06/IMG_0137_1L.tif,5,горизонталь,84.4,-0.32,-1.7,0.9,0.277,2.0,0.177,0.85,0.976,1
20,1969/06/IMG_0137_1L.tif,6,горизонталь,80.5,0.11,-1.72,0.72,0.227,2.0,0.189,1.16,1.0,0
20,1969/06/IMG_0137_1L.tif,7,горизонталь,80.9,0.01,-1.46,0.68,0.216,3.0,0.158,0.7,0.984,1
20,1969/06/IMG_0137_1L.tif,8,горизонталь,80.7,-0.1,-3.0,0.71,0.299,1.5,0.19,0.94,0.987,1
20,1969/06/IMG_0137_1L.tif,9,горизонталь,80.3,-0.01,-1.69,0.59,0.21,2.0,0.197,0.93,1.0,0
20,1969/06/IMG_0137_1L.tif,10,горизонталь,80.7,-0.07,-2.17,0.97,0.257,2.0,0.181,0.84,1.0,0
20,1969/06/IMG_0137_1L.tif,11,горизонталь,80.7,-0.16,-2.95,1.13,0.27,1.5,0.184,1.07,0.986,1
20,1969/06/IMG_0137_1L.tif,12,горизонталь,80.4,-0.26,-3.28,0.93,0.298,1.5,0.194,1.14,0.987,1
20,1969/06/IMG_0137_1L.tif,13,горизонталь,80.6,-0.37,-2.25,1.73,0.348,2.0,0.197,0.76,0.984,1
20,1969/06/IMG_0137_1L.tif,14,горизонталь,80.4,-0.44,-1.07,0.69,0.27,4.0,0.184,0.86,1.0,0
20,1969/06/IMG_0137_1L.tif,15,горизонталь,80.3,-0.42,-1.24,0.94,0.269,4.0,0.214,1.17,1.0,0
20,1969/06/IMG_0137_1L.tif,16,горизонталь,80.2,-0.84,-3.63,0.5,0.397,1.5,0.199,0.99,0.988,1
20,1969/06/IMG_0137_1L.tif,17,горизонталь,80.3,-0.9,-3.68,0.4,0.411,1.5,0.205,1.05,0.989,1
20,1969/06/IMG_0137_1L.tif,18,горизонталь,80.3,-0.86,-3.63,0.59,0.492,1.5,0.204,1.14,0.986,1
20,1969/06/IMG_0137_1L.tif,19,горизонталь,80.5,-0.84,-2.5,0.88,0.563,2.0,0.195,0.94,1.0,0
20,1969/06/IMG_0137_1L.tif,20,горизонталь,80.4,-0.91,-4.22,0.81,0.552,1.5,0.198,1.28,0.984,1
20,1969/06/IMG_0137_1L.tif,21,горизонталь,80.5,-1.09,-2.03,0.28,0.417,4.0,0.219,0.8,1.0,0
20,1969/06/IMG_0137_1L.tif,22,горизонталь,80.5,-1.04,-1.92,0.55,0.48,6.0,0.27,0.77,0.986,1
20,1969/06/IMG_0137_1L.tif,23,горизонталь,80.1,-0.94,-2.02,1.01,0.594,3.0,0.182,0.85,0.986,1
20,1969/06/IMG_0137_1L.tif,24,горизонталь,80.5,-1.1,-1.91,0.04,0.297,6.0,0.275,1.3,1.0,0
20,1969/06/IMG_0137_1L.tif,25,горизонталь,80.5,-1.25,-2.85,-0.08,0.263,1.5,0.197,1.26,1.0,0
20,1969/06/IMG_0137_1L.tif,26,горизонталь,4.3,-0.38,-0.38,-0.38,0.0,6.0,0.068,0.15,1.0,0
20,1969/06/IMG_0137_1L.tif,27,горизонталь,4.1,-0.27,-0.27,-0.27,0.0,6.0,0.081,0.19,1.0,0
20,1969/06/IMG_0137_1L.tif,28,горизонталь,24.0,0.13,-0.04,0.32,0.027,6.0,0.276,0.64,1.0,0
20,1969/06/IMG_0137_1L.tif,29,горизонталь,23.7,0.16,-0.08,0.42,0.036,6.0,0.333,0.78,1.0,0
20,1969/06/IMG_0137_1L.tif,30,вертикаль,222.3,0.96,-2.4,2.2,0.424,2.0,0.183,0.98,1.0,0
20,1969/06/IMG_0137_1L.tif,31,вертикаль,219.8,1.04,-1.5,4.38,0.466,1.5,0.274,1.87,0.988,3
20,1969/06/IMG_0137_1L.tif,32,вертикаль,149.7,0.93,-1.47,3.43,0.422,1.5,0.307,2.19,0.978,4
20,1969/06/IMG_0137_1L.tif,33,вертикаль,219.3,1.11,-0.05,2.78,0.572,4.0,0.184,0.74,1.0,0
20,1969/06/IMG_0137_1L.tif,34,вертикаль,218.3,1.14,-0.04,2.08,0.387,3.0,0.17,0.64,1.0,0
20,1969/06/IMG_0137_1L.tif,35,вертикаль,147.9,1.12,0.55,1.77,0.335,6.0,0.221,1.19,1.0,0
20,1969/06/IMG_0137_1L.tif,36,вертикаль,147.9,1.13,0.37,1.97,0.364,4.0,0.187,1.09,1.0,0
20,1969/06/IMG_0137_1L.tif,37,вертикаль,144.3,1.0,-1.92,3.34,0.396,1.5,0.283,2.05,0.985,2
20,1969/06/IMG_0137_1L.tif,38,вертикаль,144.3,0.99,-2.13,2.72,0.349,1.5,0.24,2.11,0.994,1
20,1969/06/IMG_0137_1L.tif,39,вертикаль,138.5,0.97,-1.24,4.44,0.344,1.5,0.248,2.04,0.988,2
20,1969/06/IMG_0137_1L.tif,40,вертикаль,57.7,1.07,0.03,2.1,0.166,2.0,0.294,1.64,1.0,0
20,1969/06/IMG_0137_1L.tif,41,вертикаль,57.5,1.16,0.63,1.72,0.061,3.0,0.348,2.31,1.0,0
20,1969/06/IMG_0137_1L.tif,42,вертикаль,57.5,1.2,0.03,2.52,0.171,2.0,0.297,2.14,0.987,1
20,1969/06/IMG_0137_1L.tif,43,вертикаль,90.0,0.77,-2.96,3.74,0.535,1.5,0.312,3.06,0.973,3
21,1970/06/IMG_0104_2R.tif,0,горизонталь,138.5,0.01,-0.35,0.72,0.094,4.0,0.163,0.6,1.0,0
21,1970/06/IMG_0104_2R.tif,1,горизонталь,138.3,0.05,-1.21,3.23,0.289,1.5,0.175,1.93,1.0,0
21,1970/06/IMG_0104_2R.tif,2,горизонталь,133.4,-0.11,-0.35,0.16,0.151,6.0,0.139,0.56,1.0,0
21,1970/06/IMG_0104_2R.tif,3,горизонталь,47.4,-0.25,-0.35,-0.11,0.024,6.0,0.127,0.37,1.0,0
21,1970/06/IMG_0104_2R.tif,4,вертикаль,223.4,-0.05,-0.71,0.4,0.578,6.0,0.185,0.63,1.0,0
21,1970/06/IMG_0104_2R.tif,5,вертикаль,223.0,-0.02,-1.28,1.39,1.352,4.0,0.161,0.56,1.0,0
21,1970/06/IMG_0104_2R.tif,6,вертикаль,182.9,0.21,-1.02,1.57,0.378,3.0,0.14,0.55,1.0,0
22,1970/10/IMG_0004_2R.tif,0,горизонталь,137.3,0.01,-0.13,0.18,0.038,6.0,0.188,0.66,1.0,0
22,1970/10/IMG_0004_2R.tif,1,горизонталь,136.7,0.05,-0.5,0.84,0.303,4.0,0.137,0.65,1.0,0
22,1970/10/IMG_0004_2R.tif,2,горизонталь,136.5,-0.02,-0.17,0.09,0.046,6.0,0.144,0.56,1.0,0
22,1970/10/IMG_0004_2R.tif,3,горизонталь,43.8,0.34,0.23,0.38,0.016,6.0,0.134,0.47,1.0,0
22,1970/10/IMG_0004_2R.tif,4,вертикаль,229.1,0.0,-1.11,1.05,0.389,4.0,0.254,1.44,1.0,0
22,1970/10/IMG_0004_2R.tif,5,вертикаль,228.7,0.02,-0.78,1.07,0.27,4.0,0.161,0.61,1.0,0
22,1970/10/IMG_0004_2R.tif,6,вертикаль,184.0,0.29,-0.52,1.69,0.623,4.0,0.203,0.65,1.0,0
23,1968/04/IMG_0022_2R.tif,0,горизонталь,88.9,-0.16,-0.74,0.26,0.258,6.0,0.146,0.5,1.0,0
23,1968/04/IMG_0022_2R.tif,1,горизонталь,87.6,1.42,0.68,1.84,0.145,4.0,0.212,0.65,1.0,0
23,1968/04/IMG_0022_2R.tif,2,горизонталь,84.1,-0.09,-0.51,0.21,0.173,6.0,0.206,1.52,1.0,0
23,1968/04/IMG_0022_2R.tif,3,горизонталь,83.1,-0.14,-0.95,1.26,0.182,2.0,0.177,1.43,1.0,0
23,1968/04/IMG_0022_2R.tif,4,горизонталь,83.7,0.06,-1.93,1.25,0.212,1.5,0.187,1.4,1.0,0
23,1968/04/IMG_0022_2R.tif,5,горизонталь,83.6,-0.13,-0.68,0.9,0.249,3.0,0.207,1.12,1.0,0
23,1968/04/IMG_0022_2R.tif,6,горизонталь,83.7,0.25,-2.12,1.81,0.177,1.5,0.225,1.52,1.0,0
23,1968/04/IMG_0022_2R.tif,7,горизонталь,83.1,0.85,-2.16,2.06,0.193,1.5,0.24,1.24,1.0,0
23,1968/04/IMG_0022_2R.tif,8,горизонталь,83.1,1.17,-1.48,2.77,0.289,1.5,0.206,1.06,1.0,0
23,1968/04/IMG_0022_2R.tif,9,горизонталь,80.9,0.51,-0.52,1.46,0.092,2.0,0.246,3.9,0.981,1
23,1968/04/IMG_0022_2R.tif,10,горизонталь,78.5,0.28,-1.52,1.11,0.177,2.0,0.232,1.25,1.0,0
23,1968/04/IMG_0022_2R.tif,11,вертикаль,222.5,0.58,0.28,1.23,0.28,6.0,0.172,0.69,1.0,0
23,1968/04/IMG_0022_2R.tif,12,вертикаль,222.1,0.61,0.34,1.29,0.343,6.0,0.183,0.66,1.0,0
23,1968/04/IMG_0022_2R.tif,13,вертикаль,221.2,0.57,-0.48,1.68,0.623,4.0,0.171,0.65,1.0,0
23,1968/04/IMG_0022_2R.tif,14,вертикаль,220.4,0.57,-0.22,1.17,0.563,6.0,0.194,0.81,1.0,0
23,1968/04/IMG_0022_2R.tif,15,вертикаль,220.2,0.48,-0.98,1.36,0.784,3.0,0.148,0.78,1.0,0
23,1968/04/IMG_0022_2R.tif,16,вертикаль,221.4,0.15,-0.78,1.26,0.601,3.0,0.176,1.12,1.0,0
23,1968/04/IMG_0022_2R.tif,17,вертикаль,219.7,0.35,-0.36,1.22,0.656,4.0,0.183,0.6,1.0,0
23,1968/04/IMG_0022_2R.tif,18,вертикаль,64.5,0.64,0.42,0.93,0.097,6.0,0.143,0.48,0.945,1
24,1967/05/IMG_0092_1L.tif,0,горизонталь,74.8,-1.46,-2.27,-0.62,0.247,4.0,0.259,1.26,1.0,0
24,1967/05/IMG_0092_1L.tif,1,горизонталь,73.2,-0.9,-1.21,-0.26,0.116,4.0,0.177,0.53,1.0,0
24,1967/05/IMG_0092_1L.tif,2,горизонталь,73.2,-0.93,-1.5,-0.04,0.221,4.0,0.159,0.66,1.0,0
24,1967/05/IMG_0092_1L.tif,3,горизонталь,74.0,0.52,0.32,0.65,0.033,6.0,0.168,0.66,1.0,0
24,1967/05/IMG_0092_1L.tif,4,горизонталь,18.3,-0.73,-0.75,-0.7,0.003,6.0,0.083,0.18,1.0,0
24,1967/05/IMG_0092_1L.tif,5,вертикаль,147.3,-0.07,-0.86,0.58,0.349,4.0,0.121,0.53,1.0,0
24,1967/05/IMG_0092_1L.tif,6,вертикаль,147.0,-0.1,-2.29,1.29,0.411,1.5,0.15,1.68,0.994,1
24,1967/05/IMG_0092_1L.tif,7,вертикаль,146.7,-0.18,-3.47,1.47,0.537,1.5,0.21,1.89,0.994,1
24,1967/05/IMG_0092_1L.tif,8,вертикаль,145.1,-0.27,-1.6,1.1,0.811,6.0,0.223,0.67,1.0,0
24,1967/05/IMG_0092_1L.tif,9,вертикаль,132.9,-0.18,-0.54,0.08,0.145,6.0,0.142,0.71,1.0,0
25,1967/02/IMG_0081_1L.tif,0,горизонталь,79.1,-0.82,-0.95,-0.69,0.048,6.0,0.184,0.63,1.0,0
25,1967/02/IMG_0081_1L.tif,1,горизонталь,78.3,-1.89,-2.1,-1.6,0.066,6.0,0.219,0.65,1.0,0
25,1967/02/IMG_0081_1L.tif,2,горизонталь,77.2,-1.22,-1.33,-0.91,0.055,6.0,0.198,0.52,1.0,0
25,1967/02/IMG_0081_1L.tif,3,горизонталь,77.0,-1.72,-1.9,-1.57,0.035,6.0,0.225,0.65,1.0,0
25,1967/02/IMG_0081_1L.tif,4,вертикаль,55.9,0.04,-0.1,0.2,0.049,6.0,0.121,0.44,1.0,0
25,1967/02/IMG_0081_1L.tif,5,вертикаль,55.9,0.13,-0.47,0.68,0.127,4.0,0.212,1.02,1.0,0
25,1967/02/IMG_0081_1L.tif,6,вертикаль,55.5,0.43,-0.39,0.74,0.118,4.0,0.223,1.38,1.0,0
25,1967/02/IMG_0081_1L.tif,7,вертикаль,53.9,-0.1,-2.13,1.25,0.173,2.0,0.153,0.67,1.0,0
26,1970/12/IMG_0104_2R.tif,0,горизонталь,126.5,-0.01,-1.41,1.18,0.179,3.0,0.173,0.58,1.0,0
26,1970/12/IMG_0104_2R.tif,1,горизонталь,125.6,0.01,-0.33,0.24,0.051,6.0,0.209,0.84,1.0,0
26,1970/12/IMG_0104_2R.tif,2,горизонталь,123.8,-0.42,-1.38,0.47,0.155,3.0,0.177,0.76,1.0,0
26,1970/12/IMG_0104_2R.tif,3,горизонталь,45.6,-0.16,-0.85,0.36,0.178,6.0,0.251,0.77,1.0,0
26,1970/12/IMG_0104_2R.tif,4,вертикаль,220.6,-0.09,-0.59,0.43,0.217,4.0,0.144,0.76,0.999,0
26,1970/12/IMG_0104_2R.tif,5,вертикаль,221.5,-0.04,-0.84,0.41,0.3,4.0,0.164,1.03,1.0,0
26,1970/12/IMG_0104_2R.tif,6,вертикаль,172.9,0.27,-0.76,1.09,0.352,6.0,0.21,0.66,1.0,0
27,1968/05/IMG_0089_1L.tif,0,горизонталь,64.1,-1.08,-2.15,0.87,0.289,3.0,0.147,0.62,1.0,0
27,1968/05/IMG_0089_1L.tif,1,горизонталь,64.2,-0.22,-0.69,0.25,0.099,4.0,0.198,0.7,1.0,0
27,1968/05/IMG_0089_1L.tif,2,горизонталь,62.7,-0.49,-1.54,0.97,0.255,3.0,0.152,0.6,1.0,0
27,1968/05/IMG_0089_1L.tif,3,горизонталь,57.8,-0.33,-0.44,-0.14,0.043,6.0,0.179,1.49,1.0,0
27,1968/05/IMG_0089_1L.tif,4,горизонталь,39.3,-1.12,-1.67,-0.16,0.164,4.0,0.235,1.17,1.0,0
27,1968/05/IMG_0089_1L.tif,5,вертикаль,53.4,-0.78,-3.62,0.48,0.174,1.5,0.237,1.51,0.981,1
27,1968/05/IMG_0089_1L.tif,6,вертикаль,53.0,-0.64,-1.33,-0.29,0.132,4.0,0.226,0.92,1.0,0
27,1968/05/IMG_0089_1L.tif,7,вертикаль,27.8,-0.51,-1.02,0.05,0.045,3.0,0.244,0.73,1.0,0
27,1968/05/IMG_0089_1L.tif,8,вертикаль,53.0,-0.82,-2.04,-0.01,0.185,3.0,0.202,0.61,1.0,0
27,1968/05/IMG_0089_1L.tif,9,вертикаль,39.7,-0.54,-0.94,-0.18,0.087,4.0,0.238,1.3,1.0,0
27,1968/05/IMG_0089_1L.tif,10,вертикаль,39.2,-0.81,-4.4,0.72,0.255,1.5,0.445,2.24,0.976,1
27,1968/05/IMG_0089_1L.tif,11,вертикаль,23.9,0.1,0.06,0.13,0.005,6.0,0.137,0.33,1.0,0
28,1970/06/IMG_0115_1L.tif,0,горизонталь,131.5,-0.33,-1.59,0.62,0.476,4.0,0.19,0.58,1.0,0
28,1970/06/IMG_0115_1L.tif,1,горизонталь,131.8,0.04,-0.88,1.42,0.223,3.0,0.169,0.88,0.977,1
28,1970/06/IMG_0115_1L.tif,2,горизонталь,129.5,-0.02,-0.88,0.39,0.118,4.0,0.215,0.66,1.0,0
28,1970/06/IMG_0115_1L.tif,3,горизонталь,90.6,-0.4,-1.72,0.7,0.538,4.0,0.155,0.55,1.0,0
28,1970/06/IMG_0115_1L.tif,4,горизонталь,19.0,-0.47,-0.56,-0.38,0.01,6.0,0.231,0.56,1.0,0
28,1970/06/IMG_0115_1L.tif,5,горизонталь,33.2,0.17,-0.92,1.8,0.169,2.0,0.228,2.15,0.934,1
28,1970/06/IMG_0115_1L.tif,6,вертикаль,71.7,0.18,-1.3,1.03,0.278,3.0,0.207,0.54,1.0,0
28,1970/06/IMG_0115_1L.tif,7,вертикаль,71.3,-0.15,-0.43,0.06,0.069,6.0,0.229,1.51,1.0,0
28,1970/06/IMG_0115_1L.tif,8,вертикаль,70.9,0.21,0.02,0.45,0.048,6.0,0.195,0.56,1.0,0
28,1970/06/IMG_0115_1L.tif,9,вертикаль,71.4,-0.1,-0.77,1.23,0.086,2.0,0.161,1.42,1.0,0
28,1970/06/IMG_0115_1L.tif,10,вертикаль,71.2,-0.27,-0.57,0.07,0.079,6.0,0.221,0.73,1.0,0
28,1970/06/IMG_0115_1L.tif,11,вертикаль,69.7,-0.16,-0.63,0.18,0.053,4.0,0.208,1.27,0.961,1
28,1970/06/IMG_0115_1L.tif,12,вертикаль,66.0,0.18,-0.3,1.16,0.058,2.0,0.177,0.91,1.0,0
29,1974/12/IMG_0125_1L.tif,0,горизонталь,72.3,0.9,0.06,4.83,0.267,1.5,0.327,2.07,0.986,1
29,1974/12/IMG_0125_1L.tif,1,горизонталь,72.6,-0.12,-1.02,2.42,0.144,1.5,0.181,1.11,1.0,0
29,1974/12/IMG_0125_1L.tif,2,горизонталь,72.6,-0.37,-0.64,-0.17,0.09,6.0,0.211,1.22,1.0,0
29,1974/12/IMG_0125_1L.tif,3,горизонталь,68.2,0.75,0.04,4.56,0.379,1.5,0.353,2.34,0.985,1
29,1974/12/IMG_0125_1L.tif,4,горизонталь,68.2,0.17,-0.48,2.44,0.209,1.5,0.193,0.9,1.0,0
29,1974/12/IMG_0125_1L.tif,5,горизонталь,67.9,0.43,-0.41,3.91,0.326,1.5,0.278,2.1,0.984,1
29,1974/12/IMG_0125_1L.tif,6,горизонталь,62.7,1.57,1.31,1.78,0.041,6.0,0.171,0.49,1.0,0
29,1974/12/IMG_0125_1L.tif,7,горизонталь,8.6,1.35,1.35,1.35,0.0,6.0,0.057,0.15,1.0,0
29,1974/12/IMG_0125_1L.tif,8,вертикаль,214.0,0.26,-0.44,1.44,0.402,4.0,0.148,0.64,1.0,0
29,1974/12/IMG_0125_1L.tif,9,вертикаль,213.6,0.24,-0.47,0.91,0.399,6.0,0.16,0.58,1.0,0
29,1974/12/IMG_0125_1L.tif,10,вертикаль,55.9,0.24,0.01,0.47,0.077,6.0,0.218,0.6,1.0,0
30,1967/09/IMG_0147_2R.tif,0,горизонталь,41.3,0.06,-1.91,1.11,0.316,3.0,0.147,0.46,1.0,0
30,1967/09/IMG_0147_2R.tif,1,горизонталь,40.4,0.45,-0.92,1.22,0.201,3.0,0.209,1.02,1.0,0
30,1967/09/IMG_0147_2R.tif,2,горизонталь,40.3,0.38,-1.32,2.27,0.143,1.5,0.217,1.34,0.979,1
30,1967/09/IMG_0147_2R.tif,3,горизонталь,40.0,0.24,-0.65,1.08,0.071,2.0,0.203,1.06,1.0,0
30,1967/09/IMG_0147_2R.tif,4,горизонталь,39.5,-0.51,-0.86,-0.31,0.064,4.0,0.246,1.1,1.0,0
30,1967/09/IMG_0147_2R.tif,5,горизонталь,39.5,0.69,-0.37,3.19,0.118,1.5,0.276,1.71,0.981,1
30,1967/09/IMG_0147_2R.tif,6,горизонталь,39.4,-0.02,-3.44,0.89,0.255,1.5,0.299,1.37,0.976,1
30,1967/09/IMG_0147_2R.tif,7,горизонталь,39.3,0.03,-0.42,0.47,0.076,4.0,0.227,1.34,1.0,0
30,1967/09/IMG_0147_2R.tif,8,горизонталь,39.2,-0.07,-0.29,0.23,0.066,6.0,0.249,0.84,1.0,0
30,1967/09/IMG_0147_2R.tif,9,горизонталь,39.0,-0.17,-0.47,0.07,0.031,4.0,0.219,0.78,1.0,0
30,1967/09/IMG_0147_2R.tif,10,горизонталь,39.5,-0.52,-0.9,-0.09,0.094,6.0,0.156,0.41,1.0,0
30,1967/09/IMG_0147_2R.tif,11,горизонталь,30.0,0.47,0.12,0.81,0.064,6.0,0.216,0.41,1.0,0
30,1967/09/IMG_0147_2R.tif,12,горизонталь,8.5,-0.22,-0.22,-0.22,0.0,6.0,0.075,0.15,1.0,0
30,1967/09/IMG_0147_2R.tif,13,вертикаль,216.9,-0.61,-1.18,0.08,0.334,4.0,0.199,0.75,1.0,0
30,1967/09/IMG_0147_2R.tif,14,вертикаль,217.2,-1.1,-1.24,-0.96,0.077,6.0,0.193,0.69,1.0,0
30,1967/09/IMG_0147_2R.tif,15,вертикаль,215.7,-1.0,-1.43,-0.16,0.291,3.0,0.14,0.56,1.0,0
31,1971/07/IMG_0050_2R.tif,0,горизонталь,64.4,0.41,-2.15,1.7,0.508,3.0,0.186,0.83,1.0,0
31,1971/07/IMG_0050_2R.tif,1,горизонталь,64.0,0.37,-3.5,2.09,0.765,3.0,0.155,0.5,1.0,0
31,1971/07/IMG_0050_2R.tif,2,горизонталь,25.6,1.74,1.69,1.77,0.005,6.0,0.171,0.41,1.0,0
31,1971/07/IMG_0050_2R.tif,3,горизонталь,16.6,1.37,1.35,1.38,0.001,6.0,0.122,0.28,1.0,0
31,1971/07/IMG_0050_2R.tif,4,вертикаль,66.7,1.12,0.83,1.63,0.159,6.0,0.186,0.75,1.0,0
31,1971/07/IMG_0050_2R.tif,5,вертикаль,61.4,1.2,0.83,1.89,0.202,6.0,0.18,1.51,1.0,0
31,1971/07/IMG_0050_2R.tif,6,вертикаль,52.2,1.16,0.61,1.54,0.097,4.0,0.214,0.71,1.0,0
32,1975/07/IMG_0024_1L.tif,0,горизонталь,121.7,0.6,-0.62,9.14,1.075,1.5,0.261,2.29,1.0,0
32,1975/07/IMG_0024_1L.tif,1,горизонталь,121.9,0.39,-0.92,7.07,0.801,1.5,0.202,1.78,1.0,0
32,1975/07/IMG_0024_1L.tif,2,горизонталь,26.7,0.08,-0.11,0.29,0.034,6.0,0.243,0.47,1.0,0
32,1975/07/IMG_0024_1L.tif,3,горизонталь,17.4,3.53,-0.0,8.24,0.469,1.5,0.449,1.67,1.0,0
32,1975/07/IMG_0024_1L.tif,4,вертикаль,60.6,-0.6,-1.52,-0.08,0.094,3.0,0.195,0.99,1.0,0
32,1975/07/IMG_0024_1L.tif,5,вертикаль,83.6,-0.28,-1.42,0.71,0.295,3.0,0.184,1.8,1.0,0
32,1975/07/IMG_0024_1L.tif,6,вертикаль,83.7,-0.37,-0.58,-0.17,0.06,6.0,0.17,1.33,1.0,0
32,1975/07/IMG_0024_1L.tif,7,вертикаль,60.3,-0.61,-0.98,-0.38,0.054,6.0,0.224,1.73,1.0,0
32,1975/07/IMG_0024_1L.tif,8,вертикаль,83.4,-0.29,-0.75,0.1,0.19,6.0,0.198,0.58,1.0,0
32,1975/07/IMG_0024_1L.tif,9,вертикаль,74.7,-0.4,-0.48,-0.18,0.047,6.0,0.135,0.71,1.0,0
32,1975/07/IMG_0024_1L.tif,10,вертикаль,25.9,-0.83,-0.9,-0.75,0.007,6.0,0.535,3.14,0.909,1
33,1974/02/IMG_0101_1L.tif,0,горизонталь,125.3,-0.91,-1.63,0.36,0.65,6.0,0.16,0.6,1.0,0
33,1974/02/IMG_0101_1L.tif,1,горизонталь,126.5,-1.05,-1.86,0.96,0.775,4.0,0.17,0.7,1.0,0
33,1974/02/IMG_0101_1L.tif,2,горизонталь,125.9,-0.8,-3.32,1.06,0.674,1.5,0.287,2.68,1.0,0
33,1974/02/IMG_0101_1L.tif,3,вертикаль,29.0,-0.11,-3.22,2.73,0.209,1.5,0.407,1.47,0.945,2
34,1972/06/IMG_0139_2R.tif,0,горизонталь,118.9,0.02,-2.06,1.76,0.322,1.5,0.152,1.16,1.0,0
34,1972/06/IMG_0139_2R.tif,1,горизонталь,113.1,0.09,-2.66,1.32,0.435,1.5,0.206,1.4,0.963,1
34,1972/06/IMG_0139_2R.tif,2,горизонталь,87.0,-0.03,-2.19,1.86,0.13,1.5,0.313,2.28,1.0,0
34,1972/06/IMG_0139_2R.tif,3,горизонталь,87.0,0.05,-1.45,1.2,0.075,1.5,0.277,1.56,1.0,0
34,1972/06/IMG_0139_2R.tif,4,горизонталь,87.0,-0.06,-2.49,1.82,0.166,1.5,0.362,2.33,1.0,0
34,1972/06/IMG_0139_2R.tif,5,горизонталь,87.2,0.32,0.25,0.42,0.029,6.0,0.122,0.37,1.0,0
34,1972/06/IMG_0139_2R.tif,6,горизонталь,86.8,-0.06,-1.83,1.35,0.196,1.5,0.237,1.22,1.0,0
34,1972/06/IMG_0139_2R.tif,7,горизонталь,86.5,-0.14,-2.19,2.32,0.243,1.5,0.335,1.5,1.0,0
34,1972/06/IMG_0139_2R.tif,8,горизонталь,86.8,-0.14,-1.69,0.76,0.207,2.0,0.21,1.16,1.0,0
34,1972/06/IMG_0139_2R.tif,9,горизонталь,86.8,-0.22,-1.37,0.33,0.227,3.0,0.259,1.87,1.0,0
34,1972/06/IMG_0139_2R.tif,10,горизонталь,86.4,-0.09,-2.76,1.26,0.27,1.5,0.247,2.19,1.0,0
34,1972/06/IMG_0139_2R.tif,11,горизонталь,86.4,-0.04,-2.29,1.9,0.315,1.5,0.305,2.14,1.0,0
34,1972/06/IMG_0139_2R.tif,12,горизонталь,86.4,-0.05,-1.43,0.85,0.214,2.0,0.277,2.08,1.0,0
34,1972/06/IMG_0139_2R.tif,13,горизонталь,77.3,0.21,0.15,0.32,0.023,6.0,0.136,1.43,1.0,0
34,1972/06/IMG_0139_2R.tif,14,горизонталь,36.0,-0.11,-1.96,0.98,0.115,1.5,0.292,1.5,1.0,0
34,1972/06/IMG_0139_2R.tif,15,горизонталь,36.1,0.14,-0.13,0.56,0.041,3.0,0.301,0.92,1.0,0
34,1972/06/IMG_0139_2R.tif,16,горизонталь,36.0,-0.22,-1.27,0.55,0.097,2.0,0.281,1.61,1.0,0
34,1972/06/IMG_0139_2R.tif,17,горизонталь,36.0,-0.08,-1.51,1.08,0.135,2.0,0.328,1.18,1.0,0
34,1972/06/IMG_0139_2R.tif,18,горизонталь,35.8,-0.31,-2.75,0.78,0.164,1.5,0.289,1.11,1.0,0
34,1972/06/IMG_0139_2R.tif,19,горизонталь,35.9,-0.44,-2.84,0.27,0.205,1.5,0.251,1.47,0.969,1
34,1972/06/IMG_0139_2R.tif,20,горизонталь,35.7,-0.26,-1.0,0.17,0.126,4.0,0.225,0.73,1.0,0
34,1972/06/IMG_0139_2R.tif,21,горизонталь,35.6,-0.21,-1.0,0.25,0.125,3.0,0.243,0.98,1.0,0
34,1972/06/IMG_0139_2R.tif,22,горизонталь,36.1,-0.29,-1.38,0.37,0.138,2.0,0.217,0.99,1.0,0
34,1972/06/IMG_0139_2R.tif,23,горизонталь,36.1,-0.53,-3.08,0.78,0.218,1.5,0.256,1.12,0.97,1
34,1972/06/IMG_0139_2R.tif,24,горизонталь,29.2,0.69,0.56,0.82,0.025,6.0,0.174,0.45,1.0,0
34,1972/06/IMG_0139_2R.tif,25,горизонталь,17.9,0.39,0.39,0.39,0.0,6.0,0.111,0.32,1.0,0
34,1972/06/IMG_0139_2R.tif,26,горизонталь,17.9,0.52,0.51,0.52,0.001,6.0,0.118,0.25,1.0,0
34,1972/06/IMG_0139_2R.tif,27,горизонталь,17.9,0.55,0.53,0.57,0.002,6.0,0.135,0.39,1.0,0
34,1972/06/IMG_0139_2R.tif,28,горизонталь,17.8,0.52,0.51,0.52,0.001,6.0,0.125,0.34,1.0,0
34,1972/06/IMG_0139_2R.tif,29,вертикаль,221.2,0.08,-0.87,0.72,0.553,6.0,0.155,0.49,1.0,0
34,1972/06/IMG_0139_2R.tif,30,вертикаль,219.6,0.3,-0.52,0.98,0.311,4.0,0.152,0.5,1.0,0
34,1972/06/IMG_0139_2R.tif,31,вертикаль,209.3,0.12,-0.98,0.59,0.427,6.0,0.136,0.42,1.0,0
34,1972/06/IMG_0139_2R.tif,32,вертикаль,209.0,0.19,-0.69,0.7,0.307,6.0,0.154,0.48,1.0,0
34,1972/06/IMG_0139_2R.tif,33,вертикаль,209.1,0.14,-0.9,0.67,0.343,6.0,0.154,0.47,1.0,0
34,1972/06/IMG_0139_2R.tif,34,вертикаль,208.4,0.31,-0.09,0.63,0.133,6.0,0.129,0.44,1.0,0
34,1972/06/IMG_0139_2R.tif,35,вертикаль,208.6,0.31,-0.08,0.67,0.141,6.0,0.126,0.43,1.0,0
34,1972/06/IMG_0139_2R.tif,36,вертикаль,218.6,0.16,-0.83,0.47,0.449,6.0,0.115,0.44,1.0,0
34,1972/06/IMG_0139_2R.tif,37,вертикаль,208.7,0.19,-0.59,0.53,0.306,6.0,0.133,0.48,1.0,0
34,1972/06/IMG_0139_2R.tif,38,вертикаль,218.4,0.25,-0.29,0.71,0.201,6.0,0.157,0.47,1.0,0
34,1972/06/IMG_0139_2R.tif,39,вертикаль,208.5,0.26,-0.34,0.52,0.21,6.0,0.102,0.43,1.0,0
34,1972/06/IMG_0139_2R.tif,40,вертикаль,208.2,0.28,-0.23,0.72,0.177,6.0,0.151,0.47,1.0,0
34,1972/06/IMG_0139_2R.tif,41,вертикаль,88.2,-0.07,-0.21,0.43,0.112,6.0,0.165,0.5,1.0,0
34,1972/06/IMG_0139_2R.tif,42,вертикаль,88.1,-0.03,-0.38,0.35,0.11,6.0,0.131,0.46,1.0,0
34,1972/06/IMG_0139_2R.tif,43,вертикаль,86.5,-0.08,-0.28,0.34,0.108,6.0,0.158,1.07,1.0,0
34,1972/06/IMG_0139_2R.tif,44,вертикаль,86.5,-0.09,-0.41,0.3,0.115,6.0,0.126,0.67,1.0,0
34,1972/06/IMG_0139_2R.tif,45,вертикаль,86.7,-0.09,-0.41,0.26,0.115,6.0,0.171,1.15,1.0,0
34,1972/06/IMG_0139_2R.tif,46,вертикаль,7.5,0.59,0.59,0.59,0.0,6.0,0.063,0.3,1.0,0
34,1972/06/IMG_0139_2R.tif,47,вертикаль,7.5,-0.13,-0.13,-0.13,0.0,6.0,0.083,0.26,1.0,0
34,1972/06/IMG_0139_2R.tif,48,вертикаль,7.5,0.35,0.35,0.35,0.0,6.0,0.143,0.32,1.0,0
34,1972/06/IMG_0139_2R.tif,49,вертикаль,7.7,0.4,0.4,0.4,0.0,6.0,0.063,0.17,1.0,0
34,1972/06/IMG_0139_2R.tif,50,вертикаль,7.5,0.46,0.46,0.46,0.0,6.0,0.028,0.08,1.0,0
34,1972/06/IMG_0139_2R.tif,51,вертикаль,7.5,0.63,0.63,0.63,0.0,6.0,0.06,0.27,1.0,0
34,1972/06/IMG_0139_2R.tif,52,вертикаль,7.5,0.57,0.57,0.57,0.0,6.0,0.057,0.19,1.0,0
34,1972/06/IMG_0139_2R.tif,53,вертикаль,7.5,0.74,0.74,0.74,0.0,6.0,0.157,0.43,1.0,0
34,1972/06/IMG_0139_2R.tif,54,вертикаль,7.5,0.41,0.41,0.41,0.0,6.0,0.042,0.09,1.0,0
34,1972/06/IMG_0139_2R.tif,55,вертикаль,7.5,0.41,0.41,0.42,0.0,6.0,0.116,0.46,1.0,0
34,1972/06/IMG_0139_2R.tif,56,вертикаль,7.5,0.63,0.63,0.64,0.0,6.0,0.05,0.14,1.0,0
34,1972/06/IMG_0139_2R.tif,57,вертикаль,7.5,0.1,0.1,0.1,0.0,6.0,0.035,0.11,1.0,0
34,1972/06/IMG_0139_2R.tif,58,вертикаль,7.6,0.12,0.11,0.12,0.0,6.0,0.053,0.15,1.0,0
34,1972/06/IMG_0139_2R.tif,59,вертикаль,7.5,0.07,0.07,0.07,0.0,6.0,0.088,0.23,1.0,0
34,1972/06/IMG_0139_2R.tif,60,вертикаль,7.3,-0.03,-0.04,-0.03,0.0,6.0,0.134,0.35,1.0,0
34,1972/06/IMG_0139_2R.tif,61,вертикаль,7.5,0.12,0.12,0.12,0.0,6.0,0.093,0.32,1.0,0
34,1972/06/IMG_0139_2R.tif,62,вертикаль,7.5,0.36,0.36,0.36,0.0,6.0,0.088,0.33,1.0,0
34,1972/06/IMG_0139_2R.tif,63,вертикаль,7.5,0.43,0.43,0.43,0.0,6.0,0.072,0.27,1.0,0
34,1972/06/IMG_0139_2R.tif,64,вертикаль,7.5,0.42,0.42,0.42,0.0,6.0,0.042,0.11,1.0,0
34,1972/06/IMG_0139_2R.tif,65,вертикаль,7.3,0.02,0.02,0.02,0.0,6.0,0.083,0.27,1.0,0
34,1972/06/IMG_0139_2R.tif,66,вертикаль,7.5,0.28,0.28,0.28,0.0,6.0,0.182,0.45,1.0,0
34,1972/06/IMG_0139_2R.tif,67,вертикаль,7.5,0.37,0.37,0.37,0.0,6.0,0.038,0.09,1.0,0
34,1972/06/IMG_0139_2R.tif,68,вертикаль,7.5,0.33,0.33,0.33,0.0,6.0,0.043,0.11,1.0,0
34,1972/06/IMG_0139_2R.tif,69,вертикаль,7.5,0.56,0.56,0.56,0.0,6.0,0.048,0.13,1.0,0
34,1972/06/IMG_0139_2R.tif,70,вертикаль,7.5,0.5,0.5,0.5,0.0,6.0,0.05,0.21,1.0,0
34,1972/06/IMG_0139_2R.tif,71,вертикаль,7.6,0.52,0.52,0.52,0.0,6.0,0.057,0.16,1.0,0
34,1972/06/IMG_0139_2R.tif,72,вертикаль,7.5,0.44,0.44,0.44,0.0,6.0,0.071,0.19,1.0,0
34,1972/06/IMG_0139_2R.tif,73,вертикаль,9.0,-0.21,-0.21,-0.21,0.0,6.0,0.1,0.22,1.0,0
34,1972/06/IMG_0139_2R.tif,74,вертикаль,8.9,0.09,0.09,0.09,0.0,6.0,0.095,0.25,1.0,0
34,1972/06/IMG_0139_2R.tif,75,вертикаль,8.9,0.05,0.05,0.05,0.0,6.0,0.115,0.24,1.0,0
35,1971/03/IMG_0150_1L.tif,0,горизонталь,129.1,-0.81,-1.8,1.87,0.552,3.0,0.149,0.58,1.0,0
35,1971/03/IMG_0150_1L.tif,1,горизонталь,129.1,-0.77,-1.25,1.33,0.565,4.0,0.145,0.49,1.0,0
35,1971/03/IMG_0150_1L.tif,2,вертикаль,28.8,-0.27,-0.29,-0.25,0.003,6.0,0.222,0.62,1.0,0
35,1971/03/IMG_0150_1L.tif,3,вертикаль,28.6,0.08,-0.01,0.16,0.015,6.0,0.229,1.74,1.0,0
35,1971/03/IMG_0150_1L.tif,4,вертикаль,28.0,0.16,-0.41,0.63,0.079,4.0,0.226,0.84,1.0,0
36,1969/01/IMG_0011_2R.tif,0,горизонталь,115.6,-0.01,-0.28,0.29,0.043,6.0,0.256,0.72,1.0,0
36,1969/01/IMG_0011_2R.tif,1,горизонталь,113.9,0.3,-0.06,0.61,0.16,6.0,0.151,0.58,1.0,0
36,1969/01/IMG_0011_2R.tif,2,горизонталь,71.4,-0.09,-0.23,0.18,0.061,6.0,0.184,0.58,0.777,2
36,1969/01/IMG_0011_2R.tif,3,горизонталь,22.8,0.29,0.16,0.4,0.016,6.0,0.188,0.81,1.0,0
36,1969/01/IMG_0011_2R.tif,4,горизонталь,22.9,0.71,0.29,1.18,0.065,4.0,0.189,0.45,1.0,0
36,1969/01/IMG_0011_2R.tif,5,горизонталь,15.9,1.03,1.01,1.05,0.002,6.0,0.161,0.47,0.868,1
36,1969/01/IMG_0011_2R.tif,6,горизонталь,12.4,0.56,0.56,0.56,0.0,6.0,0.141,0.5,1.0,0
36,1969/01/IMG_0011_2R.tif,7,горизонталь,3.9,0.54,0.54,0.54,0.0,6.0,0.097,0.22,1.0,0
36,1969/01/IMG_0011_2R.tif,8,горизонталь,3.9,0.46,0.46,0.46,0.0,6.0,0.033,0.09,1.0,0
36,1969/01/IMG_0011_2R.tif,9,горизонталь,3.9,0.45,0.45,0.45,0.0,6.0,0.052,0.16,1.0,0
36,1969/01/IMG_0011_2R.tif,10,вертикаль,233.3,0.41,-0.23,1.89,0.346,4.0,0.192,1.0,1.0,0
36,1969/01/IMG_0011_2R.tif,11,вертикаль,232.7,0.03,-1.44,1.35,0.698,4.0,0.159,0.8,0.993,2
36,1969/01/IMG_0011_2R.tif,12,вертикаль,212.0,0.39,-0.22,1.6,0.375,4.0,0.161,0.64,1.0,0
36,1969/01/IMG_0011_2R.tif,13,вертикаль,212.3,0.53,0.02,1.55,0.559,6.0,0.207,0.86,0.998,0
36,1969/01/IMG_0011_2R.tif,14,вертикаль,230.7,0.45,-0.82,1.55,0.72,3.0,0.134,0.52,1.0,0
36,1969/01/IMG_0011_2R.tif,15,вертикаль,136.4,0.28,-0.09,0.71,0.145,6.0,0.204,1.26,1.0,0
36,1969/01/IMG_0011_2R.tif,16,вертикаль,135.8,0.28,-0.12,1.09,0.163,4.0,0.182,0.82,1.0,0
37,1973/08/IMG_0062_1L.tif,0,горизонталь,127.9,0.55,0.21,0.88,0.058,6.0,0.223,0.6,1.0,0
37,1973/08/IMG_0062_1L.tif,1,горизонталь,118.5,-0.13,-0.5,0.11,0.162,6.0,0.132,0.61,1.0,0
37,1973/08/IMG_0062_1L.tif,2,горизонталь,118.8,-0.09,-0.42,0.28,0.158,6.0,0.156,1.26,1.0,0
37,1973/08/IMG_0062_1L.tif,3,горизонталь,118.2,-0.1,-0.75,2.85,0.228,1.5,0.144,0.99,0.993,1
37,1973/08/IMG_0062_1L.tif,4,горизонталь,118.0,-0.08,-0.73,3.08,0.202,1.5,0.161,1.32,0.99,1
37,1973/08/IMG_0062_1L.tif,5,горизонталь,118.2,-0.07,-0.76,3.05,0.194,1.5,0.137,1.15,0.986,1
37,1973/08/IMG_0062_1L.tif,6,горизонталь,118.4,-0.04,-0.66,3.28,0.227,1.5,0.162,1.29,1.0,0
37,1973/08/IMG_0062_1L.tif,7,горизонталь,118.0,0.11,-0.49,4.05,0.194,1.5,0.24,2.19,0.991,1
37,1973/08/IMG_0062_1L.tif,8,горизонталь,117.8,0.04,-0.72,4.45,0.257,1.5,0.259,1.84,0.991,1
37,1973/08/IMG_0062_1L.tif,9,горизонталь,117.8,-0.02,-0.79,3.8,0.221,1.5,0.206,1.53,0.986,1
37,1973/08/IMG_0062_1L.tif,10,горизонталь,118.6,0.14,-0.66,3.22,0.183,1.5,0.157,1.57,0.983,1
37,1973/08/IMG_0062_1L.tif,11,горизонталь,117.9,0.12,-0.57,3.83,0.152,1.5,0.219,1.83,0.991,1
37,1973/08/IMG_0062_1L.tif,12,горизонталь,117.6,0.18,-0.75,3.89,0.222,1.5,0.214,1.65,0.991,1
37,1973/08/IMG_0062_1L.tif,13,горизонталь,118.3,0.25,-0.61,2.94,0.204,1.5,0.155,1.52,0.988,1
37,1973/08/IMG_0062_1L.tif,14,горизонталь,118.3,0.38,-0.56,3.48,0.197,1.5,0.18,1.52,0.984,1
37,1973/08/IMG_0062_1L.tif,15,горизонталь,117.9,0.39,-0.82,3.1,0.265,1.5,0.164,1.27,0.989,1
37,1973/08/IMG_0062_1L.tif,16,горизонталь,118.2,0.41,-0.83,1.47,0.294,2.0,0.158,1.14,1.0,0
37,1973/08/IMG_0062_1L.tif,17,вертикаль,220.2,0.8,-0.06,1.7,0.403,6.0,0.191,0.65,1.0,0
37,1973/08/IMG_0062_1L.tif,18,вертикаль,129.8,0.58,-1.27,2.24,0.511,2.0,0.215,0.84,0.638,12
37,1973/08/IMG_0062_1L.tif,19,вертикаль,220.3,0.84,-0.65,3.12,0.579,4.0,0.147,0.63,1.0,0
37,1973/08/IMG_0062_1L.tif,20,вертикаль,47.1,0.69,-1.07,2.05,0.203,2.0,0.215,1.14,0.67,4
37,1973/08/IMG_0062_1L.tif,21,вертикаль,37.0,0.26,-2.53,1.57,0.174,1.5,0.187,0.6,0.689,3
37,1973/08/IMG_0062_1L.tif,22,вертикаль,36.9,0.75,-2.01,3.2,0.318,2.0,0.277,1.0,0.689,3
37,1973/08/IMG_0062_1L.tif,23,вертикаль,16.3,0.2,0.18,0.24,0.003,6.0,0.356,0.8,0.763,1
37,1973/08/IMG_0062_1L.tif,24,вертикаль,16.1,0.46,0.45,0.49,0.002,6.0,0.227,0.48,0.764,1
37,1973/08/IMG_0062_1L.tif,25,вертикаль,16.3,0.37,0.36,0.4,0.002,6.0,0.211,0.65,0.767,1
37,1973/08/IMG_0062_1L.tif,26,вертикаль,16.5,-0.17,-0.19,-0.13,0.002,6.0,0.358,0.75,0.77,1
37,1973/08/IMG_0062_1L.tif,27,вертикаль,26.8,0.89,-2.27,2.97,0.192,1.5,0.296,0.92,0.7,2
37,1973/08/IMG_0062_1L.tif,28,вертикаль,6.1,1.92,1.92,1.92,0.0,6.0,0.097,0.21,1.0,0
37,1973/08/IMG_0062_1L.tif,29,вертикаль,6.3,1.0,1.0,1.0,0.0,6.0,0.134,0.28,1.0,0
37,1973/08/IMG_0062_1L.tif,30,вертикаль,6.3,1.29,1.29,1.29,0.0,6.0,0.108,0.36,1.0,0
37,1973/08/IMG_0062_1L.tif,31,вертикаль,26.6,0.06,-1.77,0.97,0.115,2.0,0.356,0.98,0.698,2
37,1973/08/IMG_0062_1L.tif,32,вертикаль,26.8,1.11,1.07,1.17,0.009,6.0,0.24,1.43,0.698,2
37,1973/08/IMG_0062_1L.tif,33,вертикаль,26.7,1.11,1.05,1.15,0.007,6.0,0.213,0.77,0.696,2
37,1973/08/IMG_0062_1L.tif,34,вертикаль,26.7,1.4,1.11,1.73,0.05,4.0,0.307,1.09,0.715,2
37,1973/08/IMG_0062_1L.tif,35,вертикаль,37.0,0.31,-0.29,1.12,0.159,4.0,0.253,0.67,0.674,3
37,1973/08/IMG_0062_1L.tif,36,вертикаль,16.3,0.79,0.79,0.8,0.001,6.0,0.07,0.2,0.747,1
37,1973/08/IMG_0062_1L.tif,37,вертикаль,6.3,1.18,1.18,1.18,0.0,6.0,0.111,0.25,1.0,0
37,1973/08/IMG_0062_1L.tif,38,вертикаль,16.7,0.89,0.89,0.89,0.0,6.0,0.131,0.76,0.758,1
37,1973/08/IMG_0062_1L.tif,39,вертикаль,16.6,0.06,0.05,0.07,0.001,6.0,0.18,0.37,0.756,1
37,1973/08/IMG_0062_1L.tif,40,вертикаль,6.3,0.43,0.43,0.43,0.0,6.0,0.088,0.2,1.0,0
37,1973/08/IMG_0062_1L.tif,41,вертикаль,6.3,1.04,1.04,1.04,0.0,6.0,0.109,0.37,1.0,0
37,1973/08/IMG_0062_1L.tif,42,вертикаль,6.2,0.98,0.98,0.98,0.0,6.0,0.108,0.28,1.0,0
37,1973/08/IMG_0062_1L.tif,43,вертикаль,6.3,1.1,1.1,1.1,0.0,6.0,0.083,0.19,1.0,0
37,1973/08/IMG_0062_1L.tif,44,вертикаль,16.7,0.15,0.14,0.16,0.001,6.0,0.161,0.29,0.768,1
37,1973/08/IMG_0062_1L.tif,45,вертикаль,16.5,0.32,0.3,0.35,0.003,6.0,0.21,0.47,0.76,1
37,1973/08/IMG_0062_1L.tif,46,вертикаль,23.7,1.39,1.26,1.52,0.02,6.0,0.314,1.83,1.0,0
37,1973/08/IMG_0062_1L.tif,47,вертикаль,23.9,0.49,0.43,0.57,0.011,6.0,0.191,1.56,1.0,0
37,1973/08/IMG_0062_1L.tif,48,вертикаль,23.8,0.44,0.4,0.5,0.007,6.0,0.203,0.75,1.0,0
37,1973/08/IMG_0062_1L.tif,49,вертикаль,23.8,1.88,1.76,2.05,0.013,4.0,0.32,1.12,1.0,0
37,1973/08/IMG_0062_1L.tif,50,вертикаль,23.8,0.68,0.59,0.77,0.014,6.0,0.262,1.32,1.0,0
37,1973/08/IMG_0062_1L.tif,51,вертикаль,6.1,1.11,1.11,1.11,0.0,6.0,0.091,0.2,1.0,0
37,1973/08/IMG_0062_1L.tif,52,вертикаль,6.2,0.83,0.83,0.83,0.0,6.0,0.057,0.12,1.0,0
38,1967/05/IMG_0093_1L.tif,0,горизонталь,61.9,1.16,0.29,2.15,0.34,4.0,0.186,0.49,1.0,0
38,1967/05/IMG_0093_1L.tif,1,горизонталь,61.7,0.19,-0.18,0.56,0.155,6.0,0.229,0.66,1.0,0
38,1967/05/IMG_0093_1L.tif,2,горизонталь,60.3,0.84,-0.03,1.88,0.338,4.0,0.204,0.52,1.0,0
38,1967/05/IMG_0093_1L.tif,3,вертикаль,50.3,-0.06,-2.96,0.97,0.316,2.0,0.15,0.45,1.0,0
38,1967/05/IMG_0093_1L.tif,4,вертикаль,49.5,0.29,0.08,0.41,0.045,6.0,0.108,0.63,1.0,0
38,1967/05/IMG_0093_1L.tif,5,вертикаль,49.8,0.32,0.21,0.39,0.023,6.0,0.113,0.33,1.0,0
39,1966/03/IMG_0114_2R.tif,0,горизонталь,86.5,1.03,-1.56,3.84,0.713,2.0,0.169,0.71,1.0,0
39,1966/03/IMG_0114_2R.tif,1,горизонталь,86.7,1.28,-0.65,6.04,1.09,1.5,0.204,1.54,1.0,0
39,1966/03/IMG_0114_2R.tif,2,горизонталь,38.4,-0.14,-0.39,0.19,0.069,6.0,0.215,1.01,1.0,0
39,1966/03/IMG_0114_2R.tif,3,вертикаль,63.9,-0.04,-1.22,0.63,0.292,3.0,0.198,1.0,1.0,0
39,1966/03/IMG_0114_2R.tif,4,вертикаль,63.5,0.17,-0.46,0.52,0.17,6.0,0.183,1.48,1.0,0
39,1966/03/IMG_0114_2R.tif,5,вертикаль,59.4,0.25,-0.21,0.63,0.114,6.0,0.201,1.31,1.0,0
39,1966/03/IMG_0114_2R.tif,6,вертикаль,59.2,0.14,-0.48,0.54,0.177,6.0,0.18,1.33,1.0,0
40,1968/05/IMG_0089_1L.tif,0,горизонталь,127.2,-0.14,-1.84,4.0,0.777,2.0,0.115,0.42,1.0,0
40,1968/05/IMG_0089_1L.tif,1,горизонталь,126.7,0.27,-1.97,1.79,0.565,3.0,0.164,0.62,1.0,0
40,1968/05/IMG_0089_1L.tif,2,горизонталь,125.4,-0.04,-0.91,2.04,0.368,3.0,0.168,0.75,1.0,0
40,1968/05/IMG_0089_1L.tif,3,горизонталь,121.9,-0.12,-1.96,3.3,0.724,2.0,0.142,2.06,1.0,0
40,1968/05/IMG_0089_1L.tif,4,горизонталь,114.3,-0.01,-0.66,0.74,0.09,3.0,0.164,0.75,1.0,0
40,1968/05/IMG_0089_1L.tif,5,вертикаль,52.7,-0.21,-1.45,0.75,0.368,6.0,0.268,0.77,1.0,0
40,1968/05/IMG_0089_1L.tif,6,вертикаль,53.0,0.03,-1.3,0.9,0.172,2.0,0.184,0.63,1.0,0
40,1968/05/IMG_0089_1L.tif,7,вертикаль,27.9,-0.23,-0.29,-0.18,0.006,6.0,0.238,0.59,1.0,0
40,1968/05/IMG_0089_1L.tif,8,вертикаль,27.9,0.42,-0.22,0.81,0.077,4.0,0.25,0.56,1.0,0
40,1968/05/IMG_0089_1L.tif,9,вертикаль,51.7,-0.82,-0.9,-0.68,0.028,6.0,0.212,0.6,1.0,0
40,1968/05/IMG_0089_1L.tif,10,вертикаль,39.1,-0.21,-1.11,0.69,0.181,4.0,0.279,1.09,1.0,0
40,1968/05/IMG_0089_1L.tif,11,вертикаль,38.2,-0.94,-3.65,-0.03,0.122,1.5,0.344,1.58,0.978,1
40,1968/05/IMG_0089_1L.tif,12,вертикаль,26.2,-0.44,-0.5,-0.39,0.007,6.0,0.22,0.47,1.0,0
40,1968/05/IMG_0089_1L.tif,13,вертикаль,14.1,-0.29,-0.32,-0.27,0.002,6.0,0.202,0.4,1.0,0
40,1968/05/IMG_0089_1L.tif,14,вертикаль,13.7,0.19,0.15,0.22,0.003,6.0,0.237,0.49,1.0,0
40,1968/05/IMG_0089_1L.tif,15,вертикаль,23.9,0.3,-0.22,1.34,0.075,2.0,0.202,0.84,1.0,0
40,1968/05/IMG_0089_1L.tif,16,вертикаль,24.2,-0.19,-0.77,0.67,0.053,2.0,0.233,0.78,1.0,0
40,1968/05/IMG_0089_1L.tif,17,вертикаль,24.5,-0.57,-0.59,-0.54,0.003,6.0,0.168,0.46,1.0,0
40,1968/05/IMG_0089_1L.tif,18,вертикаль,23.4,-0.07,-0.49,0.98,0.055,2.0,0.29,1.39,1.0,0
40,1968/05/IMG_0089_1L.tif,19,вертикаль,24.2,0.18,-0.65,2.56,0.111,1.5,0.236,0.9,0.948,1
