rank,rel_path,x0,y0,skew_deg,angle_spread,axis_rows,axis_cols,axis_cells,curved_rows,curved_cols,curved_cells,curved_merged,curved_irregular,curved_header_rows,doubles,traces,max_chord_deviation_mm,max_abs_local_angle_deg,max_angle_range_deg,seconds,overlay
0,1976/08/IMG_0067_1L.tif,660,368,-1.07,4.18,17,6,30,14,6,67,14,0,1,0,20,2.857,10.97,18.4,5.2,00_1976_08_IMG_0067_1L_660_368.jpg
1,1971/06/IMG_0146_2R.tif,2004,460,1.28,4.02,20,4,43,23,4,52,20,0,1,0,26,0.194,4.55,4.01,1.86,01_1971_06_IMG_0146_2R_2004_460.jpg
2,1971/10/IMG_0004_2R.tif,196,396,-0.03,3.89,4,4,5,2,2,3,1,0,1,0,7,1.28,1.59,2.71,1.56,02_1971_10_IMG_0004_2R_196_396.jpg
3,1974/11/IMG_0053_2R.tif,240,368,0.02,3.43,5,5,4,2,2,3,1,0,1,0,7,0.599,1.13,1.8,1.42,03_1974_11_IMG_0053_2R_240_368.jpg
4,1970/05/IMG_0054_2R.tif,172,492,1.93,2.53,6,7,4,1,2,2,0,0,0,0,2,0.799,3.77,7.0,1.45,04_1970_05_IMG_0054_2R_172_492.jpg
5,1968/03/IMG_0107_1L.tif,480,508,-2.52,2.52,6,3,10,4,3,10,2,0,1,0,10,0.826,5.03,6.53,1.12,05_1968_03_IMG_0107_1L_480_508.jpg
6,1968/05/IMG_0089_1L.tif,1822,4628,0.42,2.36,3,5,15,3,5,15,0,0,1,0,10,0.965,7.09,11.73,0.72,06_1968_05_IMG_0089_1L_1822_4628.jpg
7,1969/08/IMG_0066_1L.tif,1756,460,-0.35,2.36,32,6,103,32,5,115,13,0,1,0,39,0.809,5.43,7.99,4.27,07_1969_08_IMG_0066_1L_1756_460.jpg
8,1971/08/IMG_0067_1L.tif,380,364,-0.03,2.34,21,31,11,13,26,32,28,3,1,0,61,0.733,5.9,5.77,5.79,08_1971_08_IMG_0067_1L_380_364.jpg
9,1971/11/IMG_0082_2R.tif,436,368,0.42,2.31,25,4,50,25,4,56,7,0,1,0,30,0.374,3.07,4.35,2.43,09_1971_11_IMG_0082_2R_436_368.jpg
10,1972/07/IMG_0051_1L.tif,312,652,-2.08,0.19,2,3,5,2,3,6,0,0,1,0,4,0.622,2.43,1.89,0.95,10_1972_07_IMG_0051_1L_312_652.jpg
11,1975/10/IMG_0004_2R.tif,172,492,0.0,1.84,4,2,5,2,2,3,1,0,1,0,7,0.413,1.76,3.08,1.41,11_1975_10_IMG_0004_2R_172_492.jpg
12,1973/03/IMG_0128_1L.tif,252,364,-0.02,1.81,19,39,19,19,34,52,28,3,1,0,79,1.061,3.32,3.99,7.78,12_1973_03_IMG_0128_1L_252_364.jpg
13,1967/10/IMG_0033_1L.tif,1380,1424,-1.79,0.97,3,5,9,3,5,12,1,0,1,0,10,1.338,7.52,10.11,0.62,13_1967_10_IMG_0033_1L_1380_1424.jpg
14,1971/06/IMG_0104_2R.tif,260,320,0.1,1.75,4,4,4,2,2,3,1,0,1,0,7,0.535,4.31,8.39,1.44,14_1971_06_IMG_0104_2R_260_320.jpg
15,1970/11/IMG_0054_2R.tif,124,364,0.52,1.7,8,11,7,1,2,2,0,0,0,0,6,0.67,1.93,3.36,2.21,15_1970_11_IMG_0054_2R_124_364.jpg
16,1976/02/IMG_0054_2R.tif,208,380,0.0,1.66,6,4,6,2,2,3,1,0,1,0,7,0.42,1.54,1.22,1.48,16_1976_02_IMG_0054_2R_208_380.jpg
17,1974/10/IMG_0017_2R.tif,296,576,-0.21,1.65,10,16,94,10,10,82,10,0,1,0,35,1.748,2.56,4.5,3.38,17_1974_10_IMG_0017_2R_296_576.jpg
18,1973/08/IMG_0062_2R.tif,360,516,-0.62,1.55,16,3,42,17,5,80,5,0,1,0,29,0.38,5.54,7.66,3.35,18_1973_08_IMG_0062_2R_360_516.jpg
19,1969/06/IMG_0138_1L.tif,476,456,-0.64,1.46,31,10,101,31,7,199,7,0,1,0,53,0.78,6.43,6.98,5.94,19_1969_06_IMG_0138_1L_476_456.jpg
20,1969/06/IMG_0137_1L.tif,756,444,-0.41,1.45,27,19,130,27,10,250,6,0,1,0,44,0.594,4.44,6.7,6.52,20_1969_06_IMG_0137_1L_756_444.jpg
21,1970/06/IMG_0104_2R.tif,228,516,0.28,1.43,9,12,6,2,2,3,1,0,1,0,7,1.352,3.23,4.44,2.15,21_1970_06_IMG_0104_2R_228_516.jpg
22,1970/10/IMG_0004_2R.tif,140,360,0.21,1.39,10,9,4,2,2,3,1,0,1,0,7,0.623,1.69,2.21,2.23,22_1970_10_IMG_0004_2R_140_360.jpg
23,1968/04/IMG_0022_2R.tif,340,480,-0.06,1.37,10,7,57,10,7,63,7,0,1,0,19,0.784,2.77,4.25,3.1,23_1968_04_IMG_0022_2R_340_480.jpg
24,1967/05/IMG_0092_1L.tif,168,504,-0.99,1.31,4,4,13,4,4,13,3,0,1,0,10,0.811,3.47,4.95,1.29,24_1967_05_IMG_0092_1L_168_504.jpg
25,1967/02/IMG_0081_1L.tif,204,532,-1.25,0.9,3,3,9,3,3,9,0,0,1,0,8,0.173,2.13,3.38,0.63,25_1967_02_IMG_0081_1L_204_532.jpg
26,1970/12/IMG_0104_2R.tif,260,356,0.06,1.24,8,14,4,2,2,3,1,0,1,0,7,0.352,1.41,2.59,2.19,26_1970_12_IMG_0104_2R_260_356.jpg
27,1968/05/IMG_0089_1L.tif,1802,2486,-0.67,1.21,4,5,18,4,5,18,2,0,1,0,12,0.289,4.4,5.12,0.81,27_1968_05_IMG_0089_1L_1802_2486.jpg
28,1970/06/IMG_0115_1L.tif,316,3936,0.03,1.19,4,6,19,4,6,19,4,0,4,1,13,0.538,1.8,2.73,1.24,28_1970_06_IMG_0115_1L_316_3936.jpg
29,1974/12/IMG_0125_1L.tif,956,364,-0.1,1.16,9,3,14,8,3,17,5,0,1,0,11,0.402,4.83,4.77,1.63,29_1974_12_IMG_0125_1L_956_364.jpg
30,1967/09/IMG_0147_2R.tif,320,484,0.41,1.14,7,3,13,11,2,22,0,0,1,0,16,0.334,3.44,4.33,1.54,30_1967_09_IMG_0147_2R_320_484.jpg
31,1971/07/IMG_0050_2R.tif,156,936,0.7,1.11,4,4,11,4,4,11,4,0,1,0,7,0.765,3.5,5.59,0.49,31_1971_07_IMG_0050_2R_156_936.jpg
32,1975/07/IMG_0024_1L.tif,260,756,0.08,1.07,4,8,16,4,8,17,9,0,1,0,11,1.075,9.14,9.76,1.11,32_1975_07_IMG_0024_1L_260_756.jpg
33,1974/02/IMG_0101_1L.tif,272,2288,-1.03,0.3,1,2,2,2,2,4,0,0,1,0,4,0.775,3.32,5.95,0.52,33_1974_02_IMG_0101_1L_272_2288.jpg
34,1972/06/IMG_0139_2R.tif,304,364,-0.03,1.03,27,19,107,27,19,250,152,1,1,0,76,0.553,3.08,4.51,6.38,34_1972_06_IMG_0139_2R_304_364.jpg
35,1971/03/IMG_0150_1L.tif,224,1556,-1.01,0.06,2,4,8,2,4,8,0,0,1,0,5,0.565,1.87,3.67,0.44,35_1971_03_IMG_0150_1L_224_1556.jpg
36,1969/01/IMG_0011_2R.tif,484,408,-0.11,1.0,14,6,28,8,6,20,12,0,1,0,17,0.72,1.89,2.8,2.79,36_1969_01_IMG_0011_2R_484_408.jpg
37,1973/08/IMG_0062_1L.tif,348,508,0.16,0.94,17,4,47,17,13,139,34,0,1,0,53,0.579,4.45,5.24,5.52,37_1973_08_IMG_0062_1L_348_508.jpg
38,1967/05/IMG_0093_1L.tif,168,476,0.91,0.79,2,2,4,2,2,4,0,0,1,0,6,0.34,2.96,3.93,0.39,38_1967_05_IMG_0093_1L_168_476.jpg
39,1966/03/IMG_0114_2R.tif,696,852,0.28,0.9,3,5,13,3,5,13,2,0,1,0,7,1.09,6.04,6.69,0.77,39_1966_03_IMG_0114_2R_696_852.jpg
40,1968/05/IMG_0089_1L.tif,248,528,-0.01,0.06,4,9,32,4,9,32,4,0,1,0,20,0.777,4.0,5.84,1.35,40_1968_05_IMG_0089_1L_248_528.jpg
