id,key,pdf,page,block,side,row,x,y,resid_mm,label
e0001,1966_01_IMG_0005_1L,full_1966_01.pdf,3,0,right,0,909.5,133.8,-1.863,S
e0003,1966_01_IMG_0006_2R,full_1966_01.pdf,6,0,right,7,924.0,334.7,-1.414,S
e0004,1966_01_IMG_0007_2R,full_1966_01.pdf,8,3,left,3,110.0,420.8,-1.133,S
e0013,1966_01_IMG_0023_1L,full_1966_01.pdf,39,0,left,56,142.0,1481.8,-0.807,L
e0015,1966_01_IMG_0034_1L,full_1966_01.pdf,61,0,left,57,141.0,1515.3,-1.006,L
e0016,1966_01_IMG_0034_2R,full_1966_01.pdf,62,0,left,42,112.5,1120.5,-0.916,L
e0017,1966_01_IMG_0039_1L,full_1966_01.pdf,69,4,left,26,124.0,1162.3,-2.838,S
e0018,1966_01_IMG_0040_2R,full_1966_01.pdf,72,0,left,25,111.0,729.0,-1.863,M
e0019,1966_01_IMG_0045_1L,full_1966_01.pdf,81,0,left,11,131.0,396.2,-0.931,M
e0021,1966_01_IMG_0051_1L,full_1966_01.pdf,93,3,left,25,126.5,903.0,-1.054,S
e0023,1966_02_IMG_0058_1L,full_1966_02.pdf,7,3,left,45,139.5,1510.0,-0.958,S
e0024,1966_02_IMG_0059_2R,full_1966_02.pdf,10,1,right,4,928.0,788.7,-2.117,S
e0057,1966_03_IMG_0149_2R,full_1966_03.pdf,90,0,right,12,495.5,386.4,-0.879,M
e0106,1966_05_0290_1L,full_1966_05.pdf,55,0,left,25,120.0,722.2,-4.107,M
e0109,1966_05_0300_1L,full_1966_05.pdf,57,0,right,31,879.0,843.5,-0.83,L
e0115,1966_05_0360_1L,full_1966_05.pdf,69,0,left,56,110.0,1159.6,-0.837,S
e0121,1966_05_0420_2R,full_1966_05.pdf,82,4,right,0,880.5,156.5,-0.977,L
e0124,1966_06_IMG_0109_1L,full_1966_06.pdf,11,0,left,55,133.5,1392.0,-0.813,L
e0125,1966_06_IMG_0116_2R,full_1966_06.pdf,26,0,right,18,884.0,566.5,-1.228,S
e0135,1967_01_IMG_0028_1L,full_1967_01.pdf,49,0,left,43,137.0,1137.5,-0.811,S
e0141,1967_02_IMG_0085_1L,full_1967_02.pdf,63,0,left,44,125.5,1106.8,-1.847,M
e0150,1967_03_IMG_0151_2R,full_1967_03.pdf,94,0,left,56,117.5,1181.3,-1.32,S
e0168,1967_05_IMG_0061_2R,full_1967_05.pdf,17,0,right,28,874.0,772.4,-2.995,S
e0169,1967_05_IMG_0061_2R,full_1967_05.pdf,17,0,right,29,875.0,794.5,-3.175,S
e0176,1967_06_IMG_0115_1L,full_1967_06.pdf,23,1,left,1,141.5,187.2,-1.313,S
e0177,1967_06_IMG_0115_1L,full_1967_06.pdf,23,1,left,2,138.0,208.9,-1.896,S
e0190,1967_07_IMG_0042_2R,full_1967_07.pdf,78,0,right,21,885.5,629.3,-1.651,S
e0191,1967_07_IMG_0042_2R,full_1967_07.pdf,78,0,right,22,883.5,651.6,-1.349,L
e0195,1967_07_IMG_0051_1L,full_1967_07.pdf,95,3,right,10,905.5,346.7,-1.285,S
e0224,1967_10_IMG_0039_2R,full_1967_10.pdf,71,0,left,21,115.5,667.2,-2.622,M
e0250,1968_01_IMG_0005_1L,full_1968_01.pdf,3,0,left,31,131.0,887.6,-2.26,M
e0251,1968_01_IMG_0005_1L,full_1968_01.pdf,3,0,left,43,130.5,1169.5,-2.522,M
e0252,1968_01_IMG_0005_1L,full_1968_01.pdf,3,0,left,44,133.0,1192.7,-2.113,M
e0282,1968_03_IMG_0120_2R,full_1968_03.pdf,33,0,right,52,906.5,1365.0,-1.895,S
e0291,1968_04_IMG_0007_1L,full_1968_04.pdf,7,1,left,10,143.0,770.3,-1.905,M
e0292,1968_04_IMG_0007_1L,full_1968_04.pdf,7,1,left,11,143.0,793.9,-1.905,M
e0293,1968_04_IMG_0007_1L,full_1968_04.pdf,7,1,left,12,143.0,817.9,-1.905,L
e0329,1968_07_IMG_0013_2R,full_1968_07.pdf,21,2,right,30,901.0,1040.2,-1.165,M
e0332,1968_07_IMG_0050_1L,full_1968_07.pdf,94,2,right,1,500.5,485.3,-1.1,M
e0400,1969_01_IMG_0005_2R,full_1969_01.pdf,4,0,right,0,904.0,131.7,-0.813,L
e0402,1969_01_IMG_0016_2R,full_1969_01.pdf,26,0,right,1,909.5,171.1,-0.822,L
e0406,1969_02_IMG_0058_2R,full_1969_02.pdf,10,0,left,30,115.5,841.0,-2.572,L
e0455,1969_07_IMG_0004_2R,full_1969_07.pdf,2,5,left,19,119.0,1232.0,-0.934,S
e0493,1969_10_IMG_0037_1L,full_1969_10.pdf,67,0,left,33,133.0,949.1,-1.116,S
e0498,1969_11_IMG_0065_1L,full_1969_11.pdf,28,0,right,31,892.0,838.6,-1.707,L
e0517,1970_01_IMG_0005_1L,full_1970_01.pdf,3,0,left,28,152.0,816.4,-0.864,S
e0526,1970_02_IMG_0057_2R,full_1970_02.pdf,8,0,right,40,903.0,1059.8,-0.964,S
e0544,1970_03_IMG_0130_2R,full_1970_03.pdf,54,4,left,17,521.0,1189.1,-1.003,L
e0547,1970_03_IMG_0138_1L,full_1970_03.pdf,69,0,left,1,129.5,170.4,-0.805,L
e0551,1970_04_IMG_0005_1L,full_1970_04.pdf,4,4,left,4,143.0,862.9,-1.298,X
e0583,1970_05_IMG_0100_2R,full_1970_05.pdf,95,4,right,9,920.0,1293.5,-0.881,S
e0614,1970_12_IMG_0111_1L,full_1970_12.pdf,16,0,left,0,121.0,134.3,-0.835,L
e0615,1970_12_IMG_0111_1L,full_1970_12.pdf,16,0,left,1,120.5,156.4,-0.901,L
e0630,1970_12_IMG_0148_1L,full_1970_12.pdf,90,2,left,8,102.0,440.4,-3.904,M
e0641,1971_01_IMG_0020_1L,full_1971_01.pdf,36,0,right,50,907.0,1330.3,-0.931,S
e0652,1971_01_IMG_0048_1L,full_1971_01.pdf,92,1,left,1,132.0,338.5,-0.872,L
e0655,1971_02_IMG_0057_2R,full_1971_02.pdf,11,0,left,0,115.5,135.7,-0.832,L
e0670,1971_02_IMG_0093_2R,full_1971_02.pdf,83,0,right,0,880.5,136.0,-1.863,S
e0671,1971_02_IMG_0094_1L,full_1971_02.pdf,84,0,right,16,889.5,496.4,-0.847,L
e0691,1971_04_IMG_0047_2R,full_1971_04.pdf,89,0,right,56,501.0,1409.1,-0.871,L
e0727,1971_08_IMG_0085_1L,full_1971_08.pdf,66,2,left,25,174.5,1127.3,-0.816,S
e0730,1971_08_IMG_0092_2R,full_1971_08.pdf,81,0,left,49,168.0,1234.0,-0.805,S
e0731,1971_08_IMG_0092_2R,full_1971_08.pdf,81,0,left,55,168.0,1371.1,-0.811,S
e0737,1971_09_IMG_0110_2R,full_1971_09.pdf,17,2,left,13,123.0,617.1,-0.81,S
e0738,1971_09_IMG_0110_2R,full_1971_09.pdf,17,2,left,15,123.0,661.1,-0.854,S
e0739,1971_09_IMG_0110_2R,full_1971_09.pdf,17,2,left,16,123.0,683.5,-0.876,S
e0744,1971_09_IMG_0118_1L,full_1971_09.pdf,32,5,left,18,115.0,1363.0,-0.929,S
e0750,1971_10_IMG_0018_1L,full_1971_10.pdf,30,0,right,26,900.5,731.1,-0.892,L
e0751,1971_10_IMG_0018_1L,full_1971_10.pdf,30,0,right,57,893.5,1458.0,-0.823,S
e0754,1971_10_IMG_0038_1L,full_1971_10.pdf,70,0,left,0,135.5,137.8,-1.08,L
e0786,1971_12_IMG_0113_2R,full_1971_12.pdf,21,0,left,4,128.5,225.2,-1.064,S
e0789,1971_12_IMG_0115_2R,full_1971_12.pdf,25,0,left,30,119.5,808.9,-0.866,S
e0800,1971_12_IMG_0141_2R,full_1971_12.pdf,77,0,left,31,124.0,829.7,-1.131,S
e0808,1972_01_IMG_0045_1L,full_1972_01.pdf,84,0,left,57,137.0,1456.0,-0.847,L
e0827,1972_03_IMG_0119_1L,full_1972_03.pdf,32,2,left,1,139.0,629.1,-0.974,S
e0829,1972_03_IMG_0142_2R,full_1972_03.pdf,79,0,left,30,130.0,823.5,-2.205,M
e0843,1972_04_IMG_0038_1L,full_1972_04.pdf,70,0,right,48,895.0,1264.3,-0.844,S
e0847,1972_05_IMG_0073_1L,full_1972_05.pdf,40,0,left,17,118.0,513.8,-2.686,S
e0851,1972_06_IMG_0106_2R,full_1972_06.pdf,7,0,right,0,908.5,130.9,-1.779,S
e0854,1972_06_IMG_0132_1L,full_1972_06.pdf,58,0,right,16,902.5,501.7,-0.919,S
e0867,1972_07_IMG_0013_1L,full_1972_07.pdf,20,0,left,38,153.0,1015.0,-0.966,L
e0868,1972_07_IMG_0013_1L,full_1972_07.pdf,20,0,left,41,154.0,1082.9,-0.811,L
e0894,1972_10_IMG_0051_2R,full_1972_10.pdf,95,1,right,22,915.5,636.9,-1.569,M
e0898,1972_10_IMG_0052_2R,full_1972_10.pdf,97,0,left,8,107.0,317.0,-1.075,L
e0899,1972_10_IMG_0052_2R,full_1972_10.pdf,97,1,left,27,520.0,746.0,-0.95,L
e0909,1972_11_IMG_0100_2R,full_1972_11.pdf,93,2,left,16,124.0,857.4,-0.932,S
e0910,1972_11_IMG_0102_1L,full_1972_11.pdf,96,1,left,1,121.0,371.9,-1.119,L
e0973,1973_04_IMG_0045_2R,full_1973_04.pdf,85,2,right,28,916.5,833.9,-0.827,S
e0987,1973_06_IMG_0121_2R,full_1973_06.pdf,37,1,right,16,911.5,543.9,-1.165,M
e0989,1973_06_IMG_0122_2R,full_1973_06.pdf,39,1,left,0,158.5,179.7,-0.82,L
e0990,1973_06_IMG_0122_2R,full_1973_06.pdf,39,1,right,10,907.0,411.8,-1.852,S
e0991,1973_06_IMG_0122_2R,full_1973_06.pdf,39,1,right,11,906.5,435.9,-1.783,S
e0992,1973_06_IMG_0122_2R,full_1973_06.pdf,39,1,right,18,907.0,598.0,-1.978,S
e0993,1973_06_IMG_0122_2R,full_1973_06.pdf,39,1,right,19,905.0,621.0,-1.654,S
e1002,1973_06_IMG_0145_1L,full_1973_06.pdf,84,2,left,1,122.0,463.5,-0.883,L
e1004,1973_07_IMG_0009_1L,full_1973_07.pdf,12,1,left,12,118.0,454.9,-0.889,S
e1013,1973_07_IMG_0044_2R,full_1973_07.pdf,83,1,right,52,505.0,1397.2,-1.078,S
e1036,1973_09_IMG_0143_1L,full_1973_09.pdf,80,1,left,0,115.0,176.4,-0.813,L
e1048,1973_11_IMG_0212_1L,full_1973_11.pdf,8,1,left,40,126.0,1089.1,-0.959,S
e1088,1974_02_IMG_0088_2R,full_1974_02.pdf,71,1,right,3,898.5,244.4,-0.931,S
e1114,1974_05_IMG_0061_2R,full_1974_05.pdf,17,1,left,21,135.5,646.5,-0.828,S
e1125,1974_05_IMG_0093_1L,full_1974_05.pdf,80,1,right,35,898.0,963.7,-1.055,S
e1131,1974_06_IMG_0133_2R,full_1974_06.pdf,61,1,right,51,888.5,1328.3,-0.847,S
e1134,1974_06_IMG_0143_2R,full_1974_06.pdf,81,1,left,13,122.0,466.7,-0.836,S
e1151,1974_08_IMG_0059_1L,full_1974_08.pdf,12,1,left,27,127.0,783.0,-0.802,L
e1169,1974_09_IMG_0146_1L,full_1974_09.pdf,86,1,left,30,103.0,847.9,-1.072,S
e1176,1974_11_IMG_0058_1L,full_1974_11.pdf,12,1,right,3,864.0,239.5,-0.804,S
e1191,1975_01_IMG_0026_1L,full_1975_01.pdf,46,1,left,55,176.5,1434.6,-0.82,L
e1204,1975_03_IMG_0114_1L,full_1975_03.pdf,24,1,left,21,117.5,664.5,-1.388,S
e1207,1975_03_IMG_0119_1L,full_1975_03.pdf,34,1,left,0,124.0,215.0,-0.972,L
e1223,1975_05_IMG_0099_2R,full_1975_05.pdf,93,2,left,27,109.0,1175.1,-1.27,M
e1225,1975_06_IMG_0110_2R,full_1975_06.pdf,15,1,right,33,871.0,933.1,-2.417,S
e1227,1975_06_IMG_0114_2R,full_1975_06.pdf,23,1,right,51,868.5,1346.7,-0.877,L
e1266,1975_09_IMG_0152_1L,full_1975_09.pdf,96,2,left,9,525.0,380.9,-0.807,S
e1283,1976_01_IMG_0009_2R,full_1976_01.pdf,13,1,left,3,116.0,250.0,-0.851,S
e1299,1976_02_IMG_0085_2R,full_1976_02.pdf,65,1,right,7,856.5,356.0,-1.467,S
e1320,1976_05_IMG_0074_2R,full_1976_05.pdf,43,1,right,23,869.5,706.1,-0.864,M
e1332,1976_06_IMG_0120_2R,full_1976_06.pdf,35,1,right,50,868.5,1316.1,-0.805,L
e0055,1966_03_IMG_0149_2R,full_1966_03.pdf,90,0,right,5,495.5,267.6,-0.817,M
e0056,1966_03_IMG_0149_2R,full_1966_03.pdf,90,0,right,11,495.5,368.2,-0.87,M
e0105,1966_05_0290_1L,full_1966_05.pdf,55,0,left,24,120.0,699.0,-4.014,M
e0108,1966_05_0300_1L,full_1966_05.pdf,57,0,left,10,128.5,371.5,-0.802,L
e0134,1967_01_IMG_0028_1L,full_1967_01.pdf,49,0,left,38,136.5,1023.4,-0.864,S
e0140,1967_02_IMG_0085_1L,full_1967_02.pdf,63,0,left,35,124.5,930.3,-1.624,M
e0151,1967_03_IMG_0151_2R,full_1967_03.pdf,94,0,left,58,116.0,1218.5,-1.582,S
e0194,1967_07_IMG_0051_1L,full_1967_07.pdf,95,0,left,35,115.0,802.0,-0.833,M
e0327,1968_07_IMG_0013_2R,full_1968_07.pdf,21,2,right,17,906.5,746.9,-1.82,S
e0328,1968_07_IMG_0013_2R,full_1968_07.pdf,21,2,right,28,905.0,994.8,-1.799,M
e0401,1969_01_IMG_0016_2R,full_1969_01.pdf,26,0,right,0,909.5,146.6,-0.83,S
e0494,1969_10_IMG_0037_1L,full_1969_10.pdf,67,0,left,41,135.0,1132.9,-0.962,S
e0546,1970_03_IMG_0138_1L,full_1970_03.pdf,69,0,left,0,129.0,147.3,-0.909,L
e0629,1970_12_IMG_0148_1L,full_1970_12.pdf,90,2,left,2,96.5,327.3,-4.698,M
e0656,1971_02_IMG_0057_2R,full_1971_02.pdf,11,0,right,0,882.5,128.2,-1.022,L
e0657,1971_02_IMG_0057_2R,full_1971_02.pdf,11,0,right,3,881.5,199.0,-0.835,L
e0726,1971_08_IMG_0085_1L,full_1971_08.pdf,66,2,left,20,175.0,1014.4,-0.82,L
e0745,1971_09_IMG_0118_1L,full_1971_09.pdf,32,7,left,6,483.0,1098.5,-5.984,L
e0755,1971_10_IMG_0038_1L,full_1971_10.pdf,70,0,left,1,137.0,161.1,-0.805,L
e0790,1971_12_IMG_0115_2R,full_1971_12.pdf,25,0,left,44,121.5,1116.4,-0.832,S
e1037,1973_09_IMG_0143_1L,full_1973_09.pdf,80,1,left,39,111.0,1112.4,-0.928,L
e1135,1974_06_IMG_0143_2R,full_1974_06.pdf,81,1,left,28,122.0,808.0,-0.814,S
e1136,1974_06_IMG_0143_2R,full_1974_06.pdf,81,2,left,45,517.0,1209.5,-0.982,S
e1152,1974_08_IMG_0059_1L,full_1974_08.pdf,12,1,left,37,125.5,1017.0,-1.029,S
e1205,1975_03_IMG_0114_1L,full_1975_03.pdf,24,1,left,22,117.5,687.3,-1.371,S
e1226,1975_06_IMG_0110_2R,full_1975_06.pdf,15,1,right,53,860.0,1397.0,-0.806,L
e1267,1975_09_IMG_0152_1L,full_1975_09.pdf,96,2,left,30,525.0,854.0,-0.915,S
e1331,1976_06_IMG_0120_2R,full_1976_06.pdf,35,1,left,55,101.0,1431.6,-4.927,M
n001,1966_05_0420_2R,full_1966_05.pdf,82,4,right,66,882.0,1316.5,-0.408,L
n002,1970_03_IMG_0130_2R,full_1970_03.pdf,54,4,right,15,901.0,1155.2,-0.5,L
n003,1972_07_IMG_0013_1L,full_1972_07.pdf,20,0,left,45,155.5,1175.0,-0.576,L
n004,1974_06_IMG_0133_2R,full_1974_06.pdf,61,1,right,54,887.0,1395.4,-0.593,L
n005,1966_05_0420_2R,full_1966_05.pdf,82,4,left,33,508.5,732.5,-0.434,L
n006,1966_05_0360_1L,full_1966_05.pdf,69,1,right,40,891.0,858.3,-0.419,L
n007,1968_07_IMG_0013_2R,full_1968_07.pdf,21,2,right,48,895.0,1449.6,-0.533,M
n008,1973_06_IMG_0121_2R,full_1973_06.pdf,37,1,right,50,911.5,1344.6,-0.443,L
n009,1973_06_IMG_0145_1L,full_1973_06.pdf,84,2,left,27,122.0,1076.5,-0.401,X
n010,1971_12_IMG_0115_2R,full_1971_12.pdf,25,0,left,22,120.5,630.1,-0.519,S
n011,1972_01_IMG_0045_1L,full_1972_01.pdf,84,0,left,9,139.5,341.8,-0.423,L
n012,1967_03_IMG_0151_2R,full_1967_03.pdf,94,1,right,35,883.0,781.4,-0.665,M
n013,1969_02_IMG_0058_2R,full_1969_02.pdf,10,0,right,4,900.5,236.9,-0.678,L
n014,1966_05_0360_1L,full_1966_05.pdf,69,0,right,25,493.5,602.9,-0.414,L
n015,1973_04_IMG_0045_2R,full_1973_04.pdf,85,2,right,55,915.0,1454.1,-0.595,L
n016,1966_01_IMG_0040_2R,full_1966_01.pdf,72,0,right,5,916.0,253.0,-0.526,L
n017,1970_03_IMG_0138_1L,full_1970_03.pdf,69,0,left,8,130.0,337.1,-0.581,L
n018,1971_10_IMG_0018_1L,full_1971_10.pdf,30,0,right,15,900.0,477.1,-0.417,L
n019,1971_02_IMG_0093_2R,full_1971_02.pdf,83,0,right,54,872.0,1351.3,-0.423,L
n020,1972_05_IMG_0073_1L,full_1972_05.pdf,40,0,left,52,128.5,1312.0,-0.432,L
n021,1974_11_IMG_0058_1L,full_1974_11.pdf,12,1,right,0,861.5,174.1,-0.406,L
n022,1970_12_IMG_0111_1L,full_1970_12.pdf,16,0,left,44,118.0,1143.2,-0.502,L
n023,1973_07_IMG_0044_2R,full_1973_07.pdf,83,2,right,4,911.5,278.3,-0.502,L
n024,1970_03_IMG_0138_1L,full_1970_03.pdf,69,0,left,6,131.0,290.5,-0.45,L
n025,1974_08_IMG_0059_1L,full_1974_08.pdf,12,1,left,54,128.5,1409.6,-0.477,S
n026,1972_07_IMG_0013_1L,full_1972_07.pdf,20,0,left,37,155.5,991.1,-0.537,S
n027,1966_01_IMG_0051_1L,full_1966_01.pdf,93,3,left,5,130.5,507.9,-0.448,L
n028,1968_07_IMG_0013_2R,full_1968_07.pdf,21,2,right,46,894.5,1402.9,-0.405,L
n029,1966_05_0360_1L,full_1966_05.pdf,69,0,right,27,494.0,638.2,-0.465,L
n030,1976_06_IMG_0120_2R,full_1976_06.pdf,35,1,right,54,867.5,1404.9,-0.657,L
n031,1973_09_IMG_0143_1L,full_1973_09.pdf,80,1,left,34,113.0,992.9,-0.661,L
n032,1973_07_IMG_0044_2R,full_1973_07.pdf,83,2,right,54,913.0,1443.0,-0.506,L
n033,1972_07_IMG_0013_1L,full_1972_07.pdf,20,0,left,16,155.5,504.7,-0.435,L
n034,1966_05_0420_2R,full_1966_05.pdf,82,4,right,2,879.5,191.5,-0.783,L
n035,1966_06_IMG_0109_1L,full_1966_06.pdf,11,0,right,29,510.5,809.4,-0.55,L
n036,1969_01_IMG_0016_2R,full_1969_01.pdf,26,0,right,4,908.5,243.2,-0.628,L
n037,1974_08_IMG_0059_1L,full_1974_08.pdf,12,1,right,48,854.0,1272.8,-0.485,L
n038,1966_05_0290_1L,full_1966_05.pdf,55,0,left,40,146.0,1055.4,-0.569,L
n039,1971_12_IMG_0113_2R,full_1971_12.pdf,21,0,right,10,878.0,354.8,-0.78,L
n040,1966_01_IMG_0040_2R,full_1966_01.pdf,72,0,right,54,922.5,1421.0,-0.792,L
n041,1970_01_IMG_0005_1L,full_1970_01.pdf,3,0,left,36,154.5,1006.5,-0.477,S
n042,1966_01_IMG_0040_2R,full_1966_01.pdf,72,0,right,1,916.0,156.9,-0.595,L
n043,1973_04_IMG_0045_2R,full_1973_04.pdf,85,2,right,26,914.5,788.4,-0.487,L
n044,1972_07_IMG_0013_1L,full_1972_07.pdf,20,0,left,44,156.0,1152.5,-0.487,L
