id,label
e0029,S
e0037,L
e0048,S
e0049,S
e0057,M
e0062,S
e0075,L
e0094,M
e0101,L
e0106,M
e0109,L
e0112,L
e0115,S
e0116,L
e0121,L
e0123,L
e0124,L
e0135,S
e0141,M
e0147,M
e0149,M
e0150,S
e0166,S
e0168,S
e0169,S
e0195,S
e0201,L
e0204,L
e0209,L
e0211,S
e0213,S
e0214,M
e0215,M
e0224,M
e0238,S
e0249,P
e0258,L
e0260,L
e0263,P
e0276,M
e0278,S
e0298,L
e0306,L
e0308,L
e0323,L
e0324,M
e0329,M
e0331,S
e0332,M
e0336,X
e0337,L
e0338,M
e0341,L
e0343,L
e0358,L
e0370,L
e0378,M
e0385,L
e0402,L
e0416,L
e0418,L
e0420,L
e0422,L
e0425,L
e0437,S
e0454,L
e0455,S
e0460,L
e0465,L
e0470,L
e0475,L
e0476,L
e0493,S
e0496,L
e0497,L
e0501,L
e0504,S
e0506,L
e0517,S
e0518,L
e0526,S
e0528,M
e0536,L
e0538,L
e0541,L
e0542,L
e0544,L
e0547,L
e0548,S
e0551,X
e0564,L
e0569,L
e0583,S
e0586,L
e0592,S
e0608,L
e0614,L
e0615,L
e0616,M
e0617,S
e0619,S
e0621,L
e0622,L
e0626,M
e0628,M
e0630,M
e0652,L
e0655,L
e0664,S
e0668,S
e0670,S
e0671,L
e0684,L
e0686,L
e0693,L
e0695,L
e0697,M
e0701,S
e0705,L
e0707,M
e0709,L
e0723,L
e0727,S
e0744,S
e0750,L
e0751,S
e0754,L
e0763,S
e0773,L
e0778,S
e0784,S
e0785,S
e0787,S
e0789,S
e0797,L
e0804,S
e0808,L
e0810,L
e0811,L
e0827,S
e0828,M
e0832,S
e0838,L
e0841,L
e0843,S
e0845,S
e0846,L
e0847,S
e0854,S
e0860,S
e0867,L
e0868,L
e0871,L
e0881,L
e0886,L
e0894,M
e0903,L
e0905,L
e0909,S
e0910,L
e0911,L
e0915,L
e0926,L
e0930,L
e0941,L
e0944,L
e0948,L
e0951,M
e0954,L
e0959,L
e0969,L
e0971,L
e0983,L
e0987,M
e0995,L
e1004,S
e1005,L
e1007,S
e1009,L
e1017,L
e1031,L
e1032,L
e1034,L
e1036,L
e1043,L
e1045,L
e1048,S
e1054,L
e1055,L
e1058,L
e1062,L
e1064,L
e1077,L
e1081,L
e1083,S
e1086,L
e1088,S
e1106,L
e1112,L
e1114,S
e1118,L
e1120,L
e1129,L
e1134,S
e1149,L
e1151,L
e1163,L
e1171,S
e1178,S
e1190,S
e1191,L
e1195,S
e1204,S
e1207,L
e1225,S
e1227,L
e1231,M
e1244,L
e1247,L
e1249,L
e1254,L
e1263,S
e1266,S
e1279,L
e1282,S
e1283,S
e1288,L
e1299,S
e1305,M
e1306,L
e1324,L
e1332,L
e1341,L
e1343,S
e1353,L
e1354,L
e1355,L
e1356,L
e1369,M
e1376,L
e0024,S
