issue,page_number,scan_rel_path,docx_tables,old_findings,new_findings,category
1966_01,28,1966/01/IMG_0017_2R.jpg,2,2,2,согласие
1966_01,49,1966/01/IMG_0028_1L.jpg,1,2,2,согласие
1966_01,50,1966/01/IMG_0028_2R.jpg,1,1,1,согласие
1966_01,51,1966/01/IMG_0029_1L.jpg,1,1,1,согласие
1966_01,52,1966/01/IMG_0029_2R.jpg,1,1,1,согласие
1966_01,76,1966/01/IMG_0042_2R.jpg,1,2,2,согласие
1966_01,77,1966/01/IMG_0043_1L.jpg,0,1,1,пропуск FineReader
1966_01,78,1966/01/IMG_0043_2R.jpg,1,1,1,согласие
1966_01,79,1966/01/IMG_0044_1L.jpg,0,1,1,пропуск FineReader
1966_01,80,1966/01/IMG_0044_2R.jpg,1,1,1,согласие
1966_01,86,1966/01/IMG_0047_2R.jpg,1,1,1,согласие
1966_01,88,1966/01/IMG_0048_2R.jpg,0,1,0,убранный шум
1966_01,96,1966/01/IMG_0052_2R.jpg,0,2,0,убранный шум
1966_01,97,1966/01/IMG_0053_1L.jpg,0,1,0,убранный шум
1966_02,14,1966/02/IMG_0061_2R.jpg,1,1,1,согласие
1966_02,16,1966/02/IMG_0062_2R.jpg,1,1,1,согласие
1966_02,46,1966/02/IMG_0077_2R.jpg,1,1,1,согласие
1966_02,47,1966/02/IMG_0078_1L.jpg,1,1,1,согласие
1966_02,50,1966/02/IMG_0079_2R.jpg,1,1,1,согласие
1966_02,54,1966/02/IMG_0081_2R.jpg,1,1,1,согласие
1966_02,56,1966/02/IMG_0082_2R.jpg,4,0,0,оба не увидели
1966_02,57,1966/02/IMG_0083_1L.jpg,1,1,1,согласие
1966_02,58,1966/02/IMG_0083_2R.jpg,1,1,1,согласие
1966_02,62,1966/02/IMG_0085_2R.jpg,1,1,1,согласие
1966_02,68,1966/02/IMG_0088_2R.jpg,0,1,1,пропуск FineReader
1966_02,79,1966/02/IMG_0094_1L.jpg,1,1,1,согласие
1966_02,80,1966/02/IMG_0094_2R.jpg,0,1,1,пропуск FineReader
1966_02,81,1966/02/IMG_0095_1L.jpg,0,1,0,убранный шум
1966_02,95,1966/02/IMG_0102_1L.jpg,0,1,1,пропуск FineReader
1966_03,16,1966/03/IMG_0112_2R.jpg,1,1,1,согласие
1966_03,19,1966/03/IMG_0114_1L.jpg,0,1,1,пропуск FineReader
1966_03,20,1966/03/IMG_0114_2R.jpg,1,0,0,оба не увидели
1966_03,33,1966/03/IMG_0121_1L.jpg,0,1,1,пропуск FineReader
1966_03,34,1966/03/IMG_0121_2R.jpg,1,1,1,согласие
1966_03,35,1966/03/IMG_0122_1L.jpg,0,1,0,убранный шум
1966_03,36,1966/03/IMG_0122_2R.jpg,1,1,1,согласие
1966_03,37,1966/03/IMG_0123_1L.jpg,0,1,0,убранный шум
1966_03,59,1966/03/IMG_0134_1L.jpg,1,1,1,согласие
1966_03,79,1966/03/IMG_0144_1L.jpg,1,1,1,согласие
1966_03,80,1966/03/IMG_0144_2R.jpg,0,1,1,пропуск FineReader
1966_03,81,1966/03/IMG_0145_1L.jpg,0,1,1,пропуск FineReader
1966_03,96,1966/03/IMG_0152_2R.jpg,0,1,0,убранный шум
1966_04,29,1966/04/IMG_0018_1L.jpg,1,1,1,согласие
1966_04,45,1966/04/IMG_0026_1L.jpg,1,1,1,согласие
1966_04,56,1966/04/IMG_0031_2R.jpg,2,2,2,согласие
1966_04,69,1966/04/IMG_0038_1L.jpg,1,1,1,согласие
1966_05,13,1966/05/0080_1L.jpg,1,1,1,согласие
1966_05,15,1966/05/0090_1L.jpg,2,2,2,согласие
1966_05,20,1966/05/0110_2R.jpg,1,1,1,согласие
1966_05,26,1966/05/0140_2R.jpg,1,1,1,согласие
1966_05,27,1966/05/0150_1L.jpg,2,2,2,согласие
1966_05,28,1966/05/0150_2R.jpg,2,2,2,согласие
1966_05,29,1966/05/0160_1L.jpg,2,1,1,согласие
1966_05,30,1966/05/0160_2R.jpg,0,1,0,убранный шум
1966_05,53,1966/05/0280_1L.jpg,2,1,1,согласие
1966_05,68,1966/05/0350_2R.jpg,0,1,1,пропуск FineReader
1966_05,97,1966/05/0500_1L.jpg,0,1,0,убранный шум
1966_06,23,1966/06/IMG_0115_1L.jpg,0,1,0,убранный шум
1966_06,25,1966/06/IMG_0116_1L.jpg,0,1,1,пропуск FineReader
1966_06,46,1966/06/IMG_0126_2R.jpg,1,1,1,согласие
1966_06,53,1966/06/IMG_0130_1L.jpg,0,2,2,пропуск FineReader
1966_06,54,1966/06/IMG_0130_2R.jpg,1,1,1,согласие
1966_06,55,1966/06/IMG_0131_1L.jpg,0,1,1,пропуск FineReader
1966_06,56,1966/06/IMG_0131_2R.jpg,1,1,1,согласие
1966_06,62,1966/06/IMG_0134_2R.jpg,0,1,1,пропуск FineReader
1966_06,63,1966/06/IMG_0135_1L.jpg,1,2,2,согласие
1966_06,64,1966/06/IMG_0135_2R.jpg,2,2,2,согласие
1966_06,65,1966/06/IMG_0136_1L.jpg,1,1,1,согласие
1966_06,67,1966/06/IMG_0137_1L.jpg,2,2,2,согласие
1966_06,68,1966/06/IMG_0137_2R.jpg,1,1,1,согласие
1966_06,81,1966/06/IMG_0144_1L.jpg,1,1,1,согласие
1966_06,83,1966/06/IMG_0145_1L.jpg,1,1,1,согласие
1966_06,85,1966/06/IMG_0146_1L.jpg,1,1,1,согласие
1966_06,86,1966/06/IMG_0146_2R.jpg,1,1,0,новый потерял
1966_06,90,1966/06/IMG_0148_2R.jpg,1,1,1,согласие
1966_06,97,1966/06/IMG_0152_1L.jpg,0,1,0,убранный шум
1967_01,18,1967/01/IMG_0012_2R.jpg,1,1,1,согласие
1967_01,28,1967/01/IMG_0017_2R.jpg,1,1,1,согласие
1967_01,32,1967/01/IMG_0019_2R.jpg,1,1,1,согласие
1967_01,38,1967/01/IMG_0022_2R.jpg,2,2,2,согласие
1967_01,47,1967/01/IMG_0027_1L.jpg,1,1,1,согласие
1967_01,61,1967/01/IMG_0034_1L.jpg,1,1,1,согласие
1967_01,81,1967/01/IMG_0044_1L.jpg,1,2,2,согласие
1967_01,82,1967/01/IMG_0044_2R.jpg,1,1,1,согласие
1967_01,97,1967/01/IMG_0052_1L.jpg,0,1,0,убранный шум
1967_02,55,1967/02/IMG_0081_1L.jpg,2,2,2,согласие
1967_02,56,1967/02/IMG_0081_2R.jpg,1,1,1,согласие
1967_02,74,1967/02/IMG_0091_2R.jpg,0,1,1,пропуск FineReader
1967_02,75,1967/02/IMG_0092_1L.jpg,0,1,1,пропуск FineReader
1967_02,97,1967/02/IMG_0103_1L.jpg,0,1,0,убранный шум
1967_03,7,1967/03/IMG_0108_1L.jpg,1,1,1,согласие
1967_03,8,1967/03/IMG_0108_2R.jpg,1,1,1,согласие
1967_03,9,1967/03/IMG_0109_1L.jpg,1,1,0,новый потерял
1967_03,11,1967/03/IMG_0110_1L.jpg,1,1,1,согласие
1967_03,12,1967/03/IMG_0110_2R.jpg,1,1,1,согласие
1967_03,13,1967/03/IMG_0111_1L.jpg,1,1,1,согласие
1967_03,70,1967/03/IMG_0139_2R.jpg,2,2,2,согласие
1967_03,71,1967/03/IMG_0140_1L.jpg,1,1,1,согласие
1967_03,72,1967/03/IMG_0140_2R.jpg,1,1,1,согласие
1967_03,74,1967/03/IMG_0141_2R.jpg,1,1,1,согласие
1967_03,77,1967/03/IMG_0143_1L.jpg,1,0,0,оба не увидели
1967_04,20,1967/04/IMG_0013_2R.jpg,1,1,1,согласие
1967_04,24,1967/04/IMG_0015_2R.jpg,1,1,1,согласие
1967_04,25,1967/04/IMG_0016_1L.jpg,1,2,2,согласие
1967_04,65,1967/04/IMG_0036_1L.jpg,1,1,1,согласие
1967_05,18,1967/05/IMG_0062_1L.jpg,1,1,1,согласие
1967_05,57,1967/05/IMG_0081_2R.jpg,1,1,1,согласие
1967_05,58,1967/05/IMG_0082_1L.jpg,1,0,0,оба не увидели
1967_05,70,1967/05/IMG_0088_1L.jpg,1,1,1,согласие
1967_05,71,1967/05/IMG_0088_2R.jpg,2,2,2,согласие
1967_05,76,1967/05/IMG_0091_1L.jpg,0,1,1,пропуск FineReader
1967_05,77,1967/05/IMG_0091_2R.jpg,1,1,1,согласие
1967_05,78,1967/05/IMG_0092_1L.jpg,0,1,1,пропуск FineReader
1967_05,79,1967/05/IMG_0092_2R.jpg,1,1,1,согласие
1967_05,80,1967/05/IMG_0093_1L.jpg,1,1,1,согласие
1967_05,98,1967/05/IMG_0102_1L.jpg,0,1,0,убранный шум
1967_06,4,1967/06/IMG_0105_2R.jpg,1,2,2,согласие
1967_06,22,1967/06/IMG_0114_2R.jpg,1,1,1,согласие
1967_06,32,1967/06/IMG_0119_2R.jpg,2,2,2,согласие
1967_06,33,1967/06/IMG_0120_1L.jpg,1,1,1,согласие
1967_06,34,1967/06/IMG_0120_2R.jpg,1,1,1,согласие
1967_06,36,1967/06/IMG_0121_2R.jpg,1,1,1,согласие
1967_06,38,1967/06/IMG_0122_2R.jpg,1,1,1,согласие
1967_06,49,1967/06/IMG_0128_1L.jpg,3,1,1,согласие
1967_06,51,1967/06/IMG_0129_1L.jpg,1,1,1,согласие
1967_06,69,1967/06/IMG_0138_1L.jpg,1,1,1,согласие
1967_06,70,1967/06/IMG_0138_2R.jpg,1,1,1,согласие
1967_06,71,1967/06/IMG_0139_1L.jpg,2,2,2,согласие
1967_06,75,1967/06/IMG_0141_1L.jpg,1,1,1,согласие
1967_06,76,1967/06/IMG_0141_2R.jpg,1,1,1,согласие
1967_06,77,1967/06/IMG_0142_1L.jpg,1,1,1,согласие
1967_06,85,1967/06/IMG_0146_1L.jpg,1,1,1,согласие
1967_06,87,1967/06/IMG_0147_1L.jpg,1,1,1,согласие
1967_06,97,1967/06/IMG_0152_1L.jpg,0,1,0,убранный шум
1967_07,2,1967/07/IMG_0004_2R.jpg,0,2,0,убранный шум
1967_07,67,1967/07/IMG_0037_1L.jpg,1,0,0,оба не увидели
1967_07,69,1967/07/IMG_0038_1L.jpg,1,1,1,согласие
1967_07,73,1967/07/IMG_0040_1L.jpg,1,1,1,согласие
1967_07,80,1967/07/IMG_0043_2R.jpg,1,0,0,оба не увидели
1967_07,81,1967/07/IMG_0044_1L.jpg,2,0,0,оба не увидели
1967_07,82,1967/07/IMG_0044_2R.jpg,0,1,1,пропуск FineReader
1967_07,89,1967/07/IMG_0048(1)_1L.jpg,1,1,1,согласие
1967_08,3,1967/08/IMG_0055_1L.jpg,1,1,1,согласие
1967_08,10,1967/08/IMG_0058_2R.jpg,2,2,2,согласие
1967_08,11,1967/08/IMG_0059_1L.jpg,1,1,1,согласие
1967_08,13,1967/08/IMG_0060_1L.jpg,1,1,1,согласие
1967_08,97,1967/08/IMG_0102_1L.jpg,0,1,0,убранный шум
1967_09,43,1967/09/IMG_0125_1L.jpg,1,1,1,согласие
1967_09,51,1967/09/IMG_0130_1L.jpg,1,1,1,согласие
1967_09,52,1967/09/IMG_0130_2R.jpg,1,1,1,согласие
1967_09,54,1967/09/IMG_0131_2R.jpg,1,1,1,согласие
1967_09,56,1967/09/IMG_0132_2R.jpg,1,1,1,согласие
1967_09,86,1967/09/IMG_0147_2R.jpg,1,1,1,согласие
1967_09,94,1967/09/IMG_0151_2R.jpg,1,1,1,согласие
1967_10,3,1967/10/IMG_0004_2R.jpg,0,1,0,убранный шум
1967_10,35,1967/10/IMG_0021_2R.jpg,1,1,1,согласие
1967_10,36,1967/10/IMG_0022_1L.jpg,1,1,1,согласие
1967_10,55,1967/10/IMG_0031_2R.jpg,1,1,1,согласие
1967_10,56,1967/10/IMG_0032_1L.jpg,1,1,1,согласие
1967_10,58,1967/10/IMG_0033_1L.jpg,1,1,1,согласие
1967_10,74,1967/10/IMG_0041.jpg,5,0,0,оба не увидели
1967_11,34,1967/11/IMG_0069_1L.jpg,1,1,1,согласие
1967_11,35,1967/11/IMG_0069_2R.jpg,1,1,1,согласие
1967_11,36,1967/11/IMG_0070_1L.jpg,1,1,1,согласие
1967_11,37,1967/11/IMG_0070_2R.jpg,1,1,1,согласие
1967_11,57,1967/11/IMG_0080_2R.jpg,2,2,2,согласие
1967_11,58,1967/11/IMG_0081_1L.jpg,1,1,1,согласие
1967_11,73,1967/11/IMG_0088_2R.jpg,2,2,2,согласие
1967_11,90,1967/11/IMG_0097_1L.jpg,1,1,1,согласие
1967_11,97,1967/11/IMG_0100_2R.jpg,0,1,0,убранный шум
1967_11,98,1967/11/IMG_0101_1L.jpg,0,1,0,убранный шум
1967_12,14,1967/12/IMG_0109_1L.jpg,1,1,1,согласие
1967_12,45,1967/12/IMG_0124_2R.jpg,1,0,0,оба не увидели
1967_12,57,1967/12/IMG_0130_2R.jpg,1,1,1,согласие
1967_12,59,1967/12/IMG_0131_2R.jpg,1,1,1,согласие
1967_12,60,1967/12/IMG_0132_1L.jpg,1,0,0,оба не увидели
1967_12,61,1967/12/IMG_0132_2R.jpg,1,1,1,согласие
1967_12,89,1967/12/IMG_0146_2R.jpg,1,0,0,оба не увидели
1967_12,90,1967/12/IMG_0147_1L.jpg,1,0,0,оба не увидели
1967_12,94,1967/12/IMG_0149_1L.jpg,1,0,0,оба не увидели
1968_01,31,1968/01/IMG_0020_1L.jpg,1,1,1,согласие
1968_01,75,1968/01/IMG_0042_1L.jpg,1,2,2,согласие
1968_02,7,1968/02/IMG_0059_1L.jpg,1,1,1,согласие
1968_02,16,1968/02/IMG_0063_2R.jpg,1,1,1,согласие
1968_02,26,1968/02/IMG_0068_2R.jpg,1,0,0,оба не увидели
1968_02,27,1968/02/IMG_0069_1L.jpg,1,0,0,оба не увидели
1968_02,29,1968/02/IMG_0070_1L.jpg,1,0,0,оба не увидели
1968_02,67,1968/02/IMG_0089_1L.jpg,2,2,2,согласие
1968_02,69,1968/02/IMG_0090_1L.jpg,0,1,1,пропуск FineReader
1968_02,76,1968/02/IMG_0093_2R.jpg,1,2,1,согласие
1968_02,77,1968/02/IMG_0094_1L.jpg,0,2,0,убранный шум
1968_02,79,1968/02/IMG_0095_1L.jpg,0,1,1,пропуск FineReader
1968_02,86,1968/02/IMG_0098_2R.jpg,1,1,1,согласие
1968_02,87,1968/02/IMG_0099_1L.jpg,1,1,1,согласие
1968_02,88,1968/02/IMG_0099_2R.jpg,2,2,2,согласие
1968_03,6,1968/03/IMG_0107_1L.jpg,1,1,1,согласие
1968_03,12,1968/03/IMG_0110_1L.jpg,1,1,1,согласие
1968_03,15,1968/03/IMG_0111_2R.jpg,1,1,1,согласие
1968_03,17,1968/03/IMG_0112_2R.jpg,0,2,0,убранный шум
1968_03,21,1968/03/IMG_0114_2R.jpg,0,1,1,пропуск FineReader
1968_03,22,1968/03/IMG_0115_1L.jpg,1,1,1,согласие
1968_03,31,1968/03/IMG_0119_2R.jpg,1,1,1,согласие
1968_03,37,1968/03/IMG_0122_2R.jpg,0,1,1,пропуск FineReader
1968_03,38,1968/03/IMG_0123_1L.jpg,1,1,1,согласие
1968_03,50,1968/03/IMG_0129_1L.jpg,1,1,1,согласие
1968_03,59,1968/03/IMG_0133_2R.jpg,0,1,0,убранный шум
1968_03,60,1968/03/IMG_0134_1L.jpg,0,1,0,убранный шум
1968_03,61,1968/03/IMG_0134_2R.jpg,0,1,0,убранный шум
1968_03,67,1968/03/IMG_0137_2R.jpg,1,1,1,согласие
1968_03,70,1968/03/IMG_0139_1L.jpg,1,1,1,согласие
1968_03,79,1968/03/IMG_0143_2R.jpg,2,2,2,согласие
1968_03,86,1968/03/IMG_0147_1L.jpg,1,1,1,согласие
1968_03,88,1968/03/IMG_0148_1L.jpg,1,1,1,согласие
1968_03,93,1968/03/IMG_0150_2R.jpg,1,1,1,согласие
1968_04,21,1968/04/IMG_0014_1L.jpg,1,1,1,согласие
1968_04,25,1968/04/IMG_0016_1L.jpg,1,1,1,согласие
1968_04,26,1968/04/IMG_0016_2R.jpg,1,1,1,согласие
1968_04,27,1968/04/IMG_0017_1L.jpg,1,1,1,согласие
1968_04,28,1968/04/IMG_0017_2R.jpg,1,1,1,согласие
1968_04,34,1968/04/IMG_0020_2R.jpg,4,1,1,согласие
1968_04,36,1968/04/IMG_0021_2R.jpg,1,1,1,согласие
1968_04,37,1968/04/IMG_0022_1L.jpg,1,1,1,согласие
1968_04,38,1968/04/IMG_0022_2R.jpg,1,1,1,согласие
1968_04,39,1968/04/IMG_0023_1L.jpg,1,1,0,новый потерял
1968_04,40,1968/04/IMG_0023_2R.jpg,0,1,1,пропуск FineReader
1968_04,71,1968/04/IMG_0039_1L.jpg,1,1,1,согласие
1968_05,55,1968/05/IMG_0080_2R.jpg,0,1,1,пропуск FineReader
1968_05,60,1968/05/IMG_0083_1L.jpg,1,1,1,согласие
1968_05,61,1968/05/IMG_0083_2R.jpg,3,1,1,согласие
1968_05,63,1968/05/IMG_0084_2R.jpg,1,1,1,согласие
1968_05,64,1968/05/IMG_0085_1L.jpg,1,1,1,согласие
1968_05,65,1968/05/IMG_0085_2R.jpg,1,1,1,согласие
1968_05,66,1968/05/IMG_0086_1L.jpg,1,0,0,оба не увидели
1968_05,71,1968/05/IMG_0088_2R.jpg,2,2,2,согласие
1968_05,72,1968/05/IMG_0089_1L.jpg,3,3,3,согласие
1968_05,73,1968/05/IMG_0089_2R.jpg,1,1,1,согласие
1968_05,74,1968/05/IMG_0090_1L.jpg,2,2,2,согласие
1968_05,77,1968/05/IMG_0091_2R.jpg,1,1,1,согласие
1968_05,93,1968/05/IMG_0099_2R.jpg,1,1,1,согласие
1968_06,6,1968/06/IMG_0105_2R.jpg,1,1,1,согласие
1968_06,28,1968/06/IMG_0116_2R.jpg,1,1,1,согласие
1968_06,29,1968/06/IMG_0117_1L.jpg,1,1,1,согласие
1968_06,30,1968/06/IMG_0117_2R.jpg,1,1,1,согласие
1968_06,38,1968/06/IMG_0122_2R.jpg,1,1,1,согласие
1968_06,39,1968/06/IMG_0123_1L.jpg,1,1,1,согласие
1968_06,43,1968/06/IMG_0124_1_1L.jpg,1,1,1,согласие
1968_06,44,1968/06/IMG_0124_1_2R.jpg,1,1,1,согласие
1968_06,47,1968/06/IMG_0126_1L.jpg,0,1,1,пропуск FineReader
1968_06,61,1968/06/IMG_0133_1L.jpg,1,1,1,согласие
1968_06,65,1968/06/IMG_0135_1L.jpg,1,1,1,согласие
1968_06,67,1968/06/IMG_0136_1L.jpg,1,1,1,согласие
1968_06,77,1968/06/IMG_0141_1L.jpg,1,1,1,согласие
1968_06,78,1968/06/IMG_0141_2R.jpg,1,1,1,согласие
1968_06,79,1968/06/IMG_0142_1L.jpg,1,1,1,согласие
1968_06,81,1968/06/IMG_0143_1L.jpg,2,2,2,согласие
1968_06,82,1968/06/IMG_0143_2R.jpg,1,1,1,согласие
1968_06,83,1968/06/IMG_0144_1L.jpg,2,2,2,согласие
1968_06,85,1968/06/IMG_0145_1L.jpg,1,1,1,согласие
1968_07,23,1968/07/IMG_0014_2R.jpg,1,1,1,согласие
1968_07,48,1968/07/IMG_0027_1L.jpg,1,1,1,согласие
1968_07,63,1968/07/IMG_0034_2R.jpg,1,1,1,согласие
1968_07,67,1968/07/IMG_0036_2R.jpg,0,1,0,убранный шум
1968_07,76,1968/07/IMG_0041_1L.jpg,1,1,1,согласие
1968_09,80,1968/09/IMG_0143_2R.jpg,1,1,1,согласие
1968_09,85,1968/09/IMG_0146_1L.jpg,1,1,1,согласие
1968_10,6,1968/10/IMG_0006_2R.jpg,1,1,1,согласие
1968_10,9,1968/10/IMG_0008_1L.jpg,1,1,1,согласие
1968_10,14,1968/10/IMG_0010_2R.jpg,1,1,1,согласие
1968_10,18,1968/10/IMG_0012_2R.jpg,1,1,1,согласие
1968_10,62,1968/10/IMG_0034_2R.jpg,1,1,1,согласие
1968_11,29,1968/11/IMG_0068_1L.jpg,1,0,0,оба не увидели
1968_12,20,1968/12/IMG_0113_2R.jpg,2,2,2,согласие
1968_12,36,1968/12/IMG_0121_2R.jpg,1,1,1,согласие
1968_12,70,1968/12/IMG_0138_2R.jpg,0,1,0,убранный шум
1968_12,75,1968/12/IMG_0141_1L.jpg,1,1,1,согласие
1968_12,76,1968/12/IMG_0141_2R.jpg,1,1,1,согласие
1968_12,92,1968/12/IMG_0149_2R.jpg,1,0,0,оба не увидели
1968_12,93,1968/12/IMG_0150_1L.jpg,1,0,0,оба не увидели
1968_12,94,1968/12/IMG_0150_2R.jpg,1,0,0,оба не увидели
1969_01,15,1969/01/IMG_0011_1L.jpg,1,1,1,согласие
1969_01,16,1969/01/IMG_0011_2R.jpg,1,1,1,согласие
1969_01,17,1969/01/IMG_0012_1L.jpg,1,1,1,согласие
1969_01,22,1969/01/IMG_0014_2R.jpg,1,1,1,согласие
1969_01,23,1969/01/IMG_0015_1L.jpg,1,1,1,согласие
1969_01,31,1969/01/IMG_0019_1L.jpg,2,1,1,согласие
1969_01,41,1969/01/IMG_0024_1L.jpg,1,1,1,согласие
1969_01,44,1969/01/IMG_0025_2R.jpg,2,2,2,согласие
1969_01,45,1969/01/IMG_0026_1L.jpg,1,1,1,согласие
1969_01,46,1969/01/IMG_0026_2R.jpg,1,1,1,согласие
1969_01,77,1969/01/IMG_0042_1L.jpg,1,1,1,согласие
1969_01,78,1969/01/IMG_0042_2R.jpg,1,0,0,оба не увидели
1969_01,82,1969/01/IMG_0044_2R.jpg,1,1,1,согласие
1969_01,83,1969/01/IMG_0045_1L.jpg,1,1,1,согласие
1969_01,85,1969/01/IMG_0046_1L.jpg,1,1,1,согласие
1969_02,14,1969/02/IMG_0060_2R.jpg,1,1,1,согласие
1969_02,18,1969/02/IMG_0062_2R.jpg,1,1,1,согласие
1969_02,19,1969/02/IMG_0063_1L.jpg,1,1,1,согласие
1969_02,26,1969/02/IMG_0066_2R.jpg,1,1,1,согласие
1969_02,27,1969/02/IMG_0067_1L.jpg,1,1,1,согласие
1969_02,35,1969/02/IMG_0071_1L.jpg,1,1,1,согласие
1969_02,39,1969/02/IMG_0073_1L.jpg,0,1,0,убранный шум
1969_02,40,1969/02/IMG_0073_2R.jpg,1,2,1,согласие
1969_02,41,1969/02/IMG_0074_1L.jpg,0,1,0,убранный шум
1969_02,42,1969/02/IMG_0074_2R.jpg,0,1,0,убранный шум
1969_02,43,1969/02/IMG_0075_1L.jpg,2,2,1,согласие
1969_02,44,1969/02/IMG_0075_2R.jpg,1,1,1,согласие
1969_02,55,1969/02/IMG_0081_1L.jpg,1,1,1,согласие
1969_02,70,1969/02/IMG_0088_2R.jpg,1,0,0,оба не увидели
1969_03,10,1969/03/IMG_0108_2R.jpg,1,1,1,согласие
1969_03,12,1969/03/IMG_0109_2R.jpg,1,1,1,согласие
1969_03,71,1969/03/IMG_0139_1L.jpg,0,1,0,убранный шум
1969_03,78,1969/03/IMG_0142_2R.jpg,0,1,0,убранный шум
1969_03,85,1969/03/IMG_0146_1L.jpg,1,1,1,согласие
1969_04,40,1969/04/IMG_0024_2R.jpg,1,1,1,согласие
1969_04,41,1969/04/IMG_0025_1L.jpg,0,1,0,убранный шум
1969_04,80,1969/04/IMG_0044_2R.jpg,1,1,1,согласие
1969_04,81,1969/04/IMG_0045_1L.jpg,0,1,0,убранный шум
1969_05,10,1969/05/IMG_0059_2R.jpg,1,1,1,согласие
1969_05,29,1969/05/IMG_0069_1L.jpg,1,1,1,согласие
1969_05,30,1969/05/IMG_0069_2R.jpg,2,2,2,согласие
1969_05,34,1969/05/IMG_0071_2R.jpg,1,1,1,согласие
1969_05,50,1969/05/IMG_0079_2R.jpg,1,1,1,согласие
1969_05,52,1969/05/IMG_0080_2R.jpg,1,1,1,согласие
1969_05,77,1969/05/IMG_0093_1L.jpg,1,1,1,согласие
1969_05,78,1969/05/IMG_0093_2R.jpg,1,1,1,согласие
1969_05,84,1969/05/IMG_0096_2R.jpg,1,1,1,согласие
1969_06,7,1969/06/IMG_0108_1L.jpg,1,1,1,согласие
1969_06,19,1969/06/IMG_0114_1L.jpg,1,1,1,согласие
1969_06,30,1969/06/IMG_0119_2R.jpg,1,1,1,согласие
1969_06,39,1969/06/IMG_0124_1L.jpg,1,1,1,согласие
1969_06,40,1969/06/IMG_0124_2R.jpg,0,1,1,пропуск FineReader
1969_06,44,1969/06/IMG_0126_2R.jpg,0,1,1,пропуск FineReader
1969_06,58,1969/06/IMG_0133_2R.jpg,1,1,1,согласие
1969_06,60,1969/06/IMG_0134_2R.jpg,0,1,1,пропуск FineReader
1969_06,61,1969/06/IMG_0135_1L.jpg,0,1,1,пропуск FineReader
1969_06,62,1969/06/IMG_0135_2R.jpg,3,1,1,согласие
1969_06,65,1969/06/IMG_0137_1L.jpg,1,1,1,согласие
1969_06,67,1969/06/IMG_0138_1L.jpg,1,1,0,новый потерял
1969_06,68,1969/06/IMG_0138_2R.jpg,1,1,1,согласие
1969_07,13,1969/07/IMG_0010_1L.jpg,1,1,1,согласие
1969_07,14,1969/07/IMG_0010_2R.jpg,1,0,0,оба не увидели
1969_07,48,1969/07/IMG_0027_2R.jpg,0,1,0,убранный шум
1969_08,25,1969/08/IMG_0066_1L.jpg,0,1,1,пропуск FineReader
1969_08,26,1969/08/IMG_0066_2R.jpg,2,1,1,согласие
1969_08,28,1969/08/IMG_0067_2R.jpg,1,1,1,согласие
1969_08,40,1969/08/IMG_0073_2R.jpg,1,1,1,согласие
1969_08,41,1969/08/IMG_0074_1L.jpg,1,1,1,согласие
1969_08,53,1969/08/IMG_0080_1L.jpg,0,1,1,пропуск FineReader
1969_08,54,1969/08/IMG_0080_2R.jpg,2,2,2,согласие
1969_08,55,1969/08/IMG_0081_1L.jpg,3,0,0,оба не увидели
1969_08,56,1969/08/IMG_0081_2R.jpg,3,3,3,согласие
1969_08,57,1969/08/IMG_0082_1L.jpg,2,2,2,согласие
1969_11,11,1969/11/IMG_0056_2R.jpg,2,2,2,согласие
1969_11,12,1969/11/IMG_0057_1L.jpg,1,1,1,согласие
1969_11,14,1969/11/IMG_0058_1L.jpg,1,1,1,согласие
1969_11,15,1969/11/IMG_0058_2R.jpg,1,1,1,согласие
1969_11,38,1969/11/IMG_0070_1L.jpg,1,0,0,оба не увидели
1969_11,52,1969/11/IMG_0077_1L.jpg,1,1,1,согласие
1969_11,62,1969/11/IMG_0082_1L.jpg,1,1,1,согласие
1969_11,63,1969/11/IMG_0082_2R.jpg,1,1,1,согласие
1969_11,66,1969/11/IMG_0084_1L.jpg,0,2,1,пропуск FineReader
1969_11,69,1969/11/IMG_0085_2R.jpg,1,1,1,согласие
1969_11,70,1969/11/IMG_0086_1L.jpg,1,1,1,согласие
1969_11,92,1969/11/IMG_0097_1L.jpg,1,1,1,согласие
1969_12,51,1969/12/IMG_0126_2R.jpg,1,1,1,согласие
1969_12,54,1969/12/IMG_0128_1L.jpg,1,1,1,согласие
1969_12,55,1969/12/IMG_0128_2R.jpg,2,1,1,согласие
1969_12,93,1969/12/IMG_0147_2R.jpg,1,0,0,оба не увидели
1969_12,96,1969/12/IMG_0149_1L.jpg,1,0,0,оба не увидели
1970_01,16,1970/01/IMG_0011_2R.jpg,1,1,1,согласие
1970_01,17,1970/01/IMG_0012_1L.jpg,1,1,1,согласие
1970_01,18,1970/01/IMG_0012_2R.jpg,0,1,0,убранный шум
1970_01,19,1970/01/IMG_0013_1L.jpg,1,1,1,согласие
1970_01,79,1970/01/IMG_0043_1L.jpg,0,1,0,убранный шум
1970_01,82,1970/01/IMG_0044_2R.jpg,0,2,0,убранный шум
1970_01,83,1970/01/IMG_0045_1L.jpg,0,2,0,убранный шум
1970_01,84,1970/01/IMG_0045_2R.jpg,0,1,0,убранный шум
1970_02,11,1970/02/IMG_0059_1L.jpg,1,1,1,согласие
1970_02,16,1970/02/IMG_0061_2R.jpg,2,1,1,согласие
1970_02,63,1970/02/IMG_0085_1L.jpg,0,2,2,пропуск FineReader
1970_02,69,1970/02/IMG_0088_1L.jpg,1,1,1,согласие
1970_02,71,1970/02/IMG_0089_1L.jpg,1,1,1,согласие
1970_02,72,1970/02/IMG_0089_2R.jpg,1,1,1,согласие
1970_02,73,1970/02/IMG_0090_1L.jpg,1,1,1,согласие
1970_02,74,1970/02/IMG_0090_2R.jpg,0,1,0,убранный шум
1970_02,76,1970/02/IMG_0091_2R.jpg,1,2,2,согласие
1970_02,77,1970/02/IMG_0092_1L.jpg,4,1,1,согласие
1970_02,78,1970/02/IMG_0092_2R.jpg,0,1,1,пропуск FineReader
1970_02,95,1970/02/IMG_0101_1L.jpg,1,1,1,согласие
1970_03,20,1970/03/IMG_0113_2R.jpg,1,1,1,согласие
1970_03,79,1970/03/IMG_0143_1L.jpg,1,1,1,согласие
1970_03,80,1970/03/IMG_0143_2R.jpg,0,1,0,убранный шум
1970_03,85,1970/03/IMG_0146_1L.jpg,1,1,1,согласие
1970_04,3,1970/04/IMG_0004_2R.jpg,0,1,0,убранный шум
1970_04,4,1970/04/IMG_0005_1L.jpg,1,1,0,новый потерял
1970_04,41,1970/04/IMG_0023_2R.jpg,1,1,1,согласие
1970_05,36,1970/05/IMG_0071_1L.jpg,1,1,1,согласие
1970_05,37,1970/05/IMG_0071_2R.jpg,0,1,1,пропуск FineReader
1970_05,53,1970/05/IMG_0079_2R.jpg,2,2,2,согласие
1970_05,54,1970/05/IMG_0080_1L.jpg,1,1,1,согласие
1970_05,70,1970/05/IMG_0088_1L.jpg,1,1,1,согласие
1970_05,73,1970/05/IMG_0089_2R.jpg,0,1,1,пропуск FineReader
1970_05,78,1970/05/IMG_0092_1L.jpg,1,1,1,согласие
1970_06,3,1970/06/IMG_0104_2R.jpg,1,1,0,новый потерял
1970_06,4,1970/06/IMG_0105_1L.jpg,1,1,0,новый потерял
1970_06,24,1970/06/IMG_0115_1L.jpg,1,1,1,согласие
1970_06,26,1970/06/IMG_0116_1L.jpg,1,1,1,согласие
1970_06,36,1970/06/IMG_0121_1L.jpg,1,1,1,согласие
1970_06,37,1970/06/IMG_0121_2R.jpg,1,1,1,согласие
1970_06,62,1970/06/IMG_0134_1L.jpg,5,1,1,согласие
1970_06,64,1970/06/IMG_0135_1L.jpg,1,1,1,согласие
1970_06,79,1970/06/IMG_0142_2R.jpg,1,1,1,согласие
1970_06,80,1970/06/IMG_0143_1L.jpg,1,1,1,согласие
1970_06,81,1970/06/IMG_0143_2R.jpg,2,2,2,согласие
1970_06,82,1970/06/IMG_0144_1L.jpg,2,2,2,согласие
1970_06,83,1970/06/IMG_0144_2R.jpg,1,1,1,согласие
1970_06,86,1970/06/IMG_0146_1L.jpg,1,1,1,согласие
1970_06,87,1970/06/IMG_0146_2R.jpg,1,1,1,согласие
1970_10,2,1970/10/IMG_0004_2R.jpg,1,1,0,новый потерял
1970_10,3,1970/10/IMG_0005_1L.jpg,1,1,1,согласие
1970_10,11,1970/10/IMG_0009_1L.jpg,1,1,1,согласие
1970_10,33,1970/10/IMG_0020_1L.jpg,0,1,1,пропуск FineReader
1970_10,34,1970/10/IMG_0020_2R.jpg,1,1,1,согласие
1970_10,35,1970/10/IMG_0021_1L.jpg,1,1,1,согласие
1970_10,46,1970/10/IMG_0026_2R.jpg,1,1,1,согласие
1970_10,47,1970/10/IMG_0027_1L.jpg,1,1,1,согласие
1970_10,48,1970/10/IMG_0027_2R.jpg,1,1,1,согласие
1970_10,59,1970/10/IMG_0033_1L.jpg,1,1,1,согласие
1970_10,81,1970/10/IMG_0044_1L.jpg,1,1,1,согласие
1970_10,82,1970/10/IMG_0044_2R.jpg,1,0,0,оба не увидели
1970_10,85,1970/10/IMG_0046_1L.jpg,2,2,2,согласие
1970_10,86,1970/10/IMG_0046_2R.jpg,0,1,1,пропуск FineReader
1970_11,3,1970/11/IMG_0054_2R.jpg,1,1,0,новый потерял
1970_11,4,1970/11/IMG_0055_1L.jpg,0,1,0,убранный шум
1970_11,26,1970/11/IMG_0066_1L.jpg,1,1,1,согласие
1970_11,65,1970/11/IMG_0085_2R.jpg,1,1,1,согласие
1970_11,67,1970/11/IMG_0086_2R.jpg,1,1,1,согласие
1970_11,68,1970/11/IMG_0087_1L.jpg,2,1,1,согласие
1970_11,69,1970/11/IMG_0087_2R.jpg,1,1,1,согласие
1970_11,72,1970/11/IMG_0089_1L.jpg,1,1,1,согласие
1970_11,83,1970/11/IMG_0094_2R.jpg,0,1,0,убранный шум
1970_11,86,1970/11/IMG_0096_1L.jpg,1,1,1,согласие
1970_11,88,1970/11/IMG_0097_1L.jpg,0,1,1,пропуск FineReader
1970_11,92,1970/11/IMG_0099_1L.jpg,1,1,1,согласие
1970_12,3,1970/12/IMG_0104_2R.jpg,1,1,1,согласие
1970_12,4,1970/12/IMG_0105_1L.jpg,1,1,0,новый потерял
1970_12,66,1970/12/IMG_0136_1L.jpg,1,1,1,согласие
1970_12,89,1970/12/IMG_0147_2R.jpg,3,0,0,оба не увидели
1970_12,90,1970/12/IMG_0148_1L.jpg,1,0,0,оба не увидели
1970_12,91,1970/12/IMG_0148_2R.jpg,1,0,0,оба не увидели
1970_12,92,1970/12/IMG_0149_1L.jpg,2,0,0,оба не увидели
1970_12,93,1970/12/IMG_0149_2R.jpg,1,0,0,оба не увидели
1970_12,94,1970/12/IMG_0150_1L.jpg,1,0,0,оба не увидели
1970_12,96,1970/12/IMG_0151_1L.jpg,1,0,0,оба не увидели
1971_01,3,1971/01/IMG_0004_2R.jpg,1,1,0,новый потерял
1971_01,4,1971/01/IMG_0005_0_1L.jpg,0,1,0,убранный шум
1971_01,6,1971/01/IMG_0005_1_1L.jpg,1,1,1,согласие
1971_01,22,1971/01/IMG_0013_1L.jpg,1,1,1,согласие
1971_01,26,1971/01/IMG_0015_1L.jpg,1,1,1,согласие
1971_01,27,1971/01/IMG_0015_2R.jpg,1,1,1,согласие
1971_01,28,1971/01/IMG_0016_1L.jpg,0,1,1,пропуск FineReader
1971_01,63,1971/01/IMG_0033_2R.jpg,1,1,1,согласие
1971_01,91,1971/01/IMG_0047_2R.jpg,1,1,1,согласие
1971_02,3,1971/02/IMG_0053_2R.jpg,0,1,0,убранный шум
1971_02,4,1971/02/IMG_0054_1L.jpg,0,1,0,убранный шум
1971_03,3,1971/03/IMG_0103_2R.jpg,0,1,0,убранный шум
1971_03,4,1971/03/IMG_0104_1L.jpg,1,1,0,новый потерял
1971_03,27,1971/03/IMG_0115_2R.jpg,1,1,1,согласие
1971_03,38,1971/03/IMG_0121_1L.jpg,1,1,1,согласие
1971_03,42,1971/03/IMG_0123_1L.jpg,0,1,1,пропуск FineReader
1971_03,96,1971/03/IMG_0150_1L.jpg,1,1,1,согласие
1971_04,3,1971/04/IMG_0004_2R.jpg,0,1,0,убранный шум
1971_04,4,1971/04/IMG_0005_1L.jpg,1,1,0,новый потерял
1971_04,7,1971/04/IMG_0006_2R.jpg,1,1,1,согласие
1971_04,15,1971/04/IMG_0010_2R.jpg,1,1,1,согласие
1971_04,31,1971/04/IMG_0018_2R.jpg,1,1,1,согласие
1971_04,33,1971/04/IMG_0019_2R.jpg,1,1,1,согласие
1971_04,69,1971/04/IMG_0037_2R.jpg,1,1,1,согласие
1971_04,76,1971/04/IMG_0041_1L.jpg,3,1,1,согласие
1971_04,77,1971/04/IMG_0041_2R.jpg,0,1,1,пропуск FineReader
1971_05,3,1971/05/IMG_0054_2R.jpg,1,0,0,оба не увидели
1971_05,4,1971/05/IMG_0055_1L.jpg,0,1,0,убранный шум
1971_05,28,1971/05/IMG_0067_1L.jpg,1,1,1,согласие
1971_05,31,1971/05/IMG_0068_2R.jpg,1,1,1,согласие
1971_05,37,1971/05/IMG_0071_2R.jpg,1,1,1,согласие
1971_05,43,1971/05/IMG_0074_2R.jpg,1,1,1,согласие
1971_05,44,1971/05/IMG_0075_1L.jpg,1,1,1,согласие
1971_05,45,1971/05/IMG_0075_2R.jpg,1,1,1,согласие
1971_05,46,1971/05/IMG_0076_1L.jpg,1,1,1,согласие
1971_05,47,1971/05/IMG_0076_2R.jpg,1,1,1,согласие
1971_05,52,1971/05/IMG_0079_1L.jpg,1,0,0,оба не увидели
1971_05,55,1971/05/IMG_0080_2R.jpg,1,1,1,согласие
1971_05,65,1971/05/IMG_0085_2R.jpg,0,1,1,пропуск FineReader
1971_05,77,1971/05/IMG_0091_2R.jpg,1,2,2,согласие
1971_06,3,1971/06/IMG_0104_2R.jpg,0,1,0,убранный шум
1971_06,4,1971/06/IMG_0105_1L.jpg,1,1,0,новый потерял
1971_06,13,1971/06/IMG_0109_2R.jpg,1,1,1,согласие
1971_06,31,1971/06/IMG_0118_2R.jpg,1,1,1,согласие
1971_06,45,1971/06/IMG_0125_2R.jpg,1,0,0,оба не увидели
1971_06,46,1971/06/IMG_0126_1L.jpg,1,0,0,оба не увидели
1971_06,75,1971/06/IMG_0140_2R.jpg,1,1,1,согласие
1971_06,84,1971/06/IMG_0145_1L.jpg,1,1,1,согласие
1971_06,87,1971/06/IMG_0146_2R.jpg,1,0,0,оба не увидели
1971_07,3,1971/07/IMG_0004_2R.jpg,0,1,1,пропуск FineReader
1971_07,4,1971/07/IMG_0005_1L.jpg,1,1,1,согласие
1971_07,86,1971/07/IMG_0046_1L.jpg,1,1,1,согласие
1971_07,88,1971/07/IMG_0047_1L.jpg,0,2,0,убранный шум
1971_07,95,1971/07/IMG_0050_2R.jpg,1,1,1,согласие
1971_08,3,1971/08/IMG_0054_2R.jpg,0,1,0,убранный шум
1971_08,4,1971/08/IMG_0055_1L.jpg,1,1,0,новый потерял
1971_08,20,1971/08/IMG_0062_1L.jpg,1,1,1,согласие
1971_08,22,1971/08/IMG_0063_1L.jpg,1,1,1,согласие
1971_08,28,1971/08/IMG_0066_1L.jpg,0,1,1,пропуск FineReader
1971_08,29,1971/08/IMG_0066_2R.jpg,0,1,1,пропуск FineReader
1971_08,30,1971/08/IMG_0067_1L.jpg,6,0,0,оба не увидели
1971_08,33,1971/08/IMG_0068_2R.jpg,3,2,2,согласие
1971_08,34,1971/08/IMG_0069_1L.jpg,2,1,1,согласие
1971_08,63,1971/08/IMG_0083_2R.jpg,1,1,1,согласие
1971_08,68,1971/08/IMG_0086_1L.jpg,1,1,1,согласие
1971_08,70,1971/08/IMG_0087_1L.jpg,1,1,1,согласие
1971_08,71,1971/08/IMG_0087_2R.jpg,1,1,1,согласие
1971_08,79,1971/08/IMG_0091_2R.jpg,0,1,1,пропуск FineReader
1971_09,3,1971/09/IMG_0103_2R.jpg,1,1,0,новый потерял
1971_09,4,1971/09/IMG_0104_1L.jpg,1,1,1,согласие
1971_09,14,1971/09/IMG_0109_1L.jpg,0,1,1,пропуск FineReader
1971_09,50,1971/09/IMG_0127_1L.jpg,1,1,1,согласие
1971_09,78,1971/09/IMG_0141_1L.jpg,1,1,1,согласие
1971_09,79,1971/09/IMG_0141_2R.jpg,1,1,1,согласие
1971_09,81,1971/09/IMG_0142_2R.jpg,0,1,1,пропуск FineReader
1971_09,95,1971/09/IMG_0149_2R.jpg,1,1,1,согласие
1971_09,96,1971/09/IMG_0150_1L.jpg,1,1,1,согласие
1971_09,97,1971/09/IMG_0150_2R.jpg,1,0,0,оба не увидели
1971_09,98,1971/09/IMG_0151_1L.jpg,1,1,1,согласие
1971_10,3,1971/10/IMG_0004_2R.jpg,1,1,1,согласие
1971_10,4,1971/10/IMG_0005_1L.jpg,0,1,0,убранный шум
1971_10,57,1971/10/IMG_0031_2R.jpg,1,1,1,согласие
1971_10,58,1971/10/IMG_0032_1L.jpg,1,1,1,согласие
1971_10,67,1971/10/IMG_0036_2R.jpg,1,1,1,согласие
1971_10,94,1971/10/IMG_0050_1L.jpg,1,1,1,согласие
1971_10,97,1971/10/IMG_0051_2R.jpg,1,1,1,согласие
1971_11,3,1971/11/IMG_0054_2R.jpg,1,1,0,новый потерял
1971_11,4,1971/11/IMG_0055_1L.jpg,0,1,0,убранный шум
1971_11,9,1971/11/IMG_0057_2R.jpg,1,1,1,согласие
1971_11,14,1971/11/IMG_0060_1L.jpg,0,1,1,пропуск FineReader
1971_11,20,1971/11/IMG_0063_1L.jpg,1,1,1,согласие
1971_11,21,1971/11/IMG_0063_2R.jpg,1,1,1,согласие
1971_11,23,1971/11/IMG_0064_2R.jpg,0,1,1,пропуск FineReader
1971_11,46,1971/11/IMG_0076_1L.jpg,1,0,0,оба не увидели
1971_11,47,1971/11/IMG_0076_2R.jpg,0,1,1,пропуск FineReader
1971_11,51,1971/11/IMG_0078_2R.jpg,1,1,1,согласие
1971_11,59,1971/11/IMG_0082_2R.jpg,1,1,1,согласие
1971_11,60,1971/11/IMG_0083_1L.jpg,1,1,1,согласие
1971_11,69,1971/11/IMG_0087_2R.jpg,0,1,0,убранный шум
1971_11,71,1971/11/IMG_0088_2R.jpg,1,1,1,согласие
1971_11,73,1971/11/IMG_0089_2R.jpg,1,1,1,согласие
1971_11,77,1971/11/IMG_0091_2R.jpg,1,1,1,согласие
1971_12,3,1971/12/IMG_0104_2R.jpg,0,1,0,убранный шум
1971_12,4,1971/12/IMG_0105_1L.jpg,0,1,0,убранный шум
1971_12,28,1971/12/IMG_0117_1L.jpg,0,1,1,пропуск FineReader
1971_12,30,1971/12/IMG_0118_1L.jpg,0,1,1,пропуск FineReader
1971_12,32,1971/12/IMG_0119_1L.jpg,1,2,2,согласие
1971_12,64,1971/12/IMG_0135_1L.jpg,1,1,1,согласие
1971_12,93,1971/12/IMG_0149_2R.jpg,1,0,0,оба не увидели
1971_12,94,1971/12/IMG_0150_1L.jpg,1,0,0,оба не увидели
1971_12,97,1971/12/IMG_0151_2R.jpg,1,0,0,оба не увидели
1971_12,98,1971/12/IMG_0152_1L.jpg,1,0,0,оба не увидели
1972_01,3,1972/01/IMG_0004_2R.jpg,0,1,1,пропуск FineReader
1972_01,4,1972/01/IMG_0005_1L.jpg,0,1,0,убранный шум
1972_01,38,1972/01/IMG_0022_1L.jpg,1,1,1,согласие
1972_01,59,1972/01/IMG_0032_2R.jpg,1,1,1,согласие
1972_01,63,1972/01/IMG_0034_2R.jpg,0,1,1,пропуск FineReader
1972_01,64,1972/01/IMG_0035_1L.jpg,1,1,1,согласие
1972_01,66,1972/01/IMG_0036_1L.jpg,1,1,1,согласие
1972_01,67,1972/01/IMG_0036_2R.jpg,1,1,1,согласие
1972_01,69,1972/01/IMG_0037_2R.jpg,2,2,2,согласие
1972_01,71,1972/01/IMG_0038_2R.jpg,0,1,0,убранный шум
1972_01,75,1972/01/IMG_0040_2R.jpg,1,1,1,согласие
1972_02,3,1972/02/IMG_0054_2R.jpg,1,1,0,новый потерял
1972_02,4,1972/02/IMG_0055_1L.jpg,0,1,0,убранный шум
1972_02,63,1972/02/IMG_0084_2R.jpg,1,1,1,согласие
1972_02,66,1972/02/IMG_0086_1L.jpg,1,1,1,согласие
1972_02,77,1972/02/IMG_0091_2R.jpg,1,1,1,согласие
1972_03,3,1972/03/IMG_0104_2R.jpg,1,1,0,новый потерял
1972_03,4,1972/03/IMG_0105_1L.jpg,1,1,0,новый потерял
1972_03,20,1972/03/IMG_0113_1L.jpg,1,1,1,согласие
1972_03,56,1972/03/IMG_0131_1L.jpg,1,1,1,согласие
1972_03,57,1972/03/IMG_0131_2R.jpg,1,1,1,согласие
1972_04,3,1972/04/IMG_0004_2R.jpg,1,1,0,новый потерял
1972_04,4,1972/04/IMG_0005_1L.jpg,0,1,0,убранный шум
1972_04,29,1972/04/IMG_0017_2R.jpg,1,1,1,согласие
1972_04,98,1972/04/IMG_0052_1L.jpg,1,1,1,согласие
1972_05,3,1972/05/IMG_0054_2R.jpg,0,1,0,убранный шум
1972_05,4,1972/05/IMG_0055_1L.jpg,0,1,0,убранный шум
1972_05,7,1972/05/IMG_0056_2R.jpg,1,1,1,согласие
1972_05,11,1972/05/IMG_0058_2R.jpg,1,1,1,согласие
1972_05,12,1972/05/IMG_0059_1L.jpg,1,1,1,согласие
1972_05,33,1972/05/IMG_0069_2R.jpg,1,1,1,согласие
1972_05,44,1972/05/IMG_0075_1L.jpg,0,1,0,убранный шум
1972_05,58,1972/05/IMG_0082_1L.jpg,1,1,1,согласие
1972_05,66,1972/05/IMG_0086_1L.jpg,1,0,0,оба не увидели
1972_05,67,1972/05/IMG_0086_2R.jpg,0,1,1,пропуск FineReader
1972_05,74,1972/05/IMG_0090_1L.jpg,2,2,2,согласие
1972_06,3,1972/06/IMG_0104_2R.jpg,0,1,0,убранный шум
1972_06,4,1972/06/IMG_0105_1L.jpg,0,1,0,убранный шум
1972_06,31,1972/06/IMG_0118_2R.jpg,1,1,1,согласие
1972_06,35,1972/06/IMG_0120_2R.jpg,1,1,1,согласие
1972_06,37,1972/06/IMG_0121_2R.jpg,1,1,1,согласие
1972_06,42,1972/06/IMG_0124_1L.jpg,1,1,1,согласие
1972_06,71,1972/06/IMG_0138_2R.jpg,0,1,1,пропуск FineReader
1972_06,73,1972/06/IMG_0139_2R.jpg,1,1,0,новый потерял
1972_06,74,1972/06/IMG_0140_1L.jpg,1,0,0,оба не увидели
1972_06,75,1972/06/IMG_0140_2R.jpg,1,1,1,согласие
1972_06,77,1972/06/IMG_0141_2R.jpg,1,1,1,согласие
1972_06,83,1972/06/IMG_0144_2R.jpg,1,1,1,согласие
1972_06,85,1972/06/IMG_0145_2R.jpg,0,1,1,пропуск FineReader
1972_07,3,1972/07/IMG_0004_2R.jpg,1,1,0,новый потерял
1972_07,4,1972/07/IMG_0005_1L.jpg,0,1,0,убранный шум
1972_07,28,1972/07/IMG_0017_1L.jpg,1,1,1,согласие
1972_07,51,1972/07/IMG_0028_2R.jpg,1,1,1,согласие
1972_07,60,1972/07/IMG_0033_1L.jpg,1,1,1,согласие
1972_07,61,1972/07/IMG_0033_2R.jpg,1,1,1,согласие
1972_07,71,1972/07/IMG_0038_2R.jpg,1,1,1,согласие
1972_07,74,1972/07/IMG_0040_1L.jpg,1,1,1,согласие
1972_07,75,1972/07/IMG_0040_2R.jpg,6,2,2,согласие
1972_07,96,1972/07/IMG_0051_1L.jpg,1,1,1,согласие
1972_07,97,1972/07/IMG_0051_2R.jpg,1,1,1,согласие
1972_07,98,1972/07/IMG_0052_1L.jpg,1,1,1,согласие
1972_08,3,1972/08/IMG_0054_2R.jpg,1,1,0,новый потерял
1972_08,4,1972/08/IMG_0055_1L.jpg,0,1,0,убранный шум
1972_08,53,1972/08/IMG_0079_2R.jpg,1,1,1,согласие
1972_08,54,1972/08/IMG_0080_1L.jpg,0,1,1,пропуск FineReader
1972_08,58,1972/08/IMG_0082_1L.jpg,1,1,1,согласие
1972_08,69,1972/08/IMG_0087_2R.jpg,0,1,1,пропуск FineReader
1972_08,70,1972/08/IMG_0088_1L.jpg,0,2,2,пропуск FineReader
1972_08,71,1972/08/IMG_0088_2R.jpg,0,1,1,пропуск FineReader
1972_08,72,1972/08/IMG_0089_1L.jpg,0,1,1,пропуск FineReader
1972_09,3,1972/09/IMG_0104_2R.jpg,0,1,0,убранный шум
1972_09,4,1972/09/IMG_0105_1L.jpg,1,1,0,новый потерял
1972_09,12,1972/09/IMG_0109_1L.jpg,1,1,1,согласие
1972_09,13,1972/09/IMG_0109_2R.jpg,1,3,1,согласие
1972_09,14,1972/09/IMG_0110_1L.jpg,0,1,0,убранный шум
1972_09,30,1972/09/IMG_0118_1L.jpg,1,1,1,согласие
1972_09,53,1972/09/IMG_0129_2R.jpg,1,1,1,согласие
1972_09,74,1972/09/IMG_0140_1L.jpg,0,1,1,пропуск FineReader
1972_09,76,1972/09/IMG_0141_1L.jpg,2,2,2,согласие
1972_09,78,1972/09/IMG_0142_1L.jpg,1,1,1,согласие
1972_10,3,1972/10/IMG_0004_2R.jpg,0,1,0,убранный шум
1972_10,4,1972/10/IMG_0005_1L.jpg,1,1,0,новый потерял
1972_10,5,1972/10/IMG_0005_2R.jpg,1,1,1,согласие
1972_10,28,1972/10/IMG_0017_1L.jpg,1,1,1,согласие
1972_10,33,1972/10/IMG_0019_2R.jpg,2,2,2,согласие
1972_10,36,1972/10/IMG_0021_1L.jpg,3,2,2,согласие
1972_10,38,1972/10/IMG_0022_1L.jpg,1,1,1,согласие
1972_10,44,1972/10/IMG_0025_1L.jpg,1,1,1,согласие
1972_10,48,1972/10/IMG_0027_1L.jpg,1,1,1,согласие
1972_11,3,1972/11/IMG_0055_2R.jpg,1,1,0,новый потерял
1972_11,4,1972/11/IMG_0056_1L.jpg,1,1,0,новый потерял
1972_11,5,1972/11/IMG_0056_2R.jpg,1,1,1,согласие
1972_11,8,1972/11/IMG_0058_1L.jpg,1,1,1,согласие
1972_11,32,1972/11/IMG_0070_1L.jpg,1,1,1,согласие
1972_11,34,1972/11/IMG_0071_1L.jpg,1,1,1,согласие
1972_11,35,1972/11/IMG_0071_2R.jpg,0,1,0,убранный шум
1972_11,38,1972/11/IMG_0073_1L.jpg,1,2,2,согласие
1972_11,64,1972/11/IMG_0086_1L.jpg,1,1,1,согласие
1972_12,3,1972/12/IMG_0105_2R.jpg,1,1,0,новый потерял
1972_12,4,1972/12/IMG_0106_1L.jpg,0,1,0,убранный шум
1972_12,19,1972/12/IMG_0113_2R.jpg,1,1,1,согласие
1972_12,22,1972/12/IMG_0115_1L.jpg,1,1,1,согласие
1972_12,33,1972/12/IMG_0120_2R.jpg,1,1,1,согласие
1972_12,60,1972/12/IMG_0134_1L.jpg,1,1,1,согласие
1972_12,93,1972/12/IMG_0150_2R.jpg,2,0,0,оба не увидели
1972_12,94,1972/12/IMG_0151_1L.jpg,1,0,0,оба не увидели
1972_12,96,1972/12/IMG_0152_1L.jpg,1,0,0,оба не увидели
1972_12,97,1972/12/IMG_0152_2R.jpg,1,0,0,оба не увидели
1973_01,3,1973/01/IMG_0004_2R.jpg,0,1,0,убранный шум
1973_01,4,1973/01/IMG_0005_1L.jpg,1,1,0,новый потерял
1973_01,8,1973/01/IMG_0007_1L.jpg,1,1,1,согласие
1973_01,22,1973/01/IMG_0014_1L.jpg,1,1,1,согласие
1973_01,58,1973/01/IMG_0032_1L.jpg,1,1,1,согласие
1973_01,69,1973/01/IMG_0037_2R.jpg,0,1,0,убранный шум
1973_01,78,1973/01/IMG_0042_1L.jpg,0,1,1,пропуск FineReader
1973_01,83,1973/01/IMG_0044_2R.jpg,1,1,1,согласие
1973_02,3,1973/02/IMG_0054_2R.jpg,0,1,0,убранный шум
1973_02,4,1973/02/IMG_0055_1L.jpg,0,1,0,убранный шум
1973_02,12,1973/02/IMG_0059_1L.jpg,1,1,1,согласие
1973_02,46,1973/02/IMG_0076_1L.jpg,1,1,1,согласие
1973_02,47,1973/02/IMG_0076_2R.jpg,1,1,1,согласие
1973_02,70,1973/02/IMG_0088_1L.jpg,1,1,1,согласие
1973_02,73,1973/02/IMG_0089_2R.jpg,1,1,1,согласие
1973_02,74,1973/02/IMG_0090_1L.jpg,1,1,1,согласие
1973_03,2,1973/03/IMG_0104_1L.jpg,0,1,0,убранный шум
1973_03,35,1973/03/IMG_0120_2R.jpg,1,1,1,согласие
1973_03,59,1973/03/IMG_0132_2R.jpg,0,1,0,убранный шум
1973_03,75,1973/03/IMG_0140_2R.jpg,1,0,0,оба не увидели
1973_03,76,1973/03/IMG_0141_1L.jpg,0,1,1,пропуск FineReader
1973_04,3,1973/04/IMG_0004_2R.jpg,1,1,0,новый потерял
1973_04,4,1973/04/IMG_0005_1L.jpg,0,1,0,убранный шум
1973_04,51,1973/04/IMG_0028_2R.jpg,1,1,1,согласие
1973_04,55,1973/04/IMG_0030_2R.jpg,0,1,1,пропуск FineReader
1973_04,56,1973/04/IMG_0031_1L.jpg,0,2,0,убранный шум
1973_04,57,1973/04/IMG_0031_2R.jpg,0,1,1,пропуск FineReader
1973_04,58,1973/04/IMG_0032_1L.jpg,0,1,1,пропуск FineReader
1973_04,59,1973/04/IMG_0032_2R.jpg,1,1,1,согласие
1973_05,3,1973/05/IMG_0054_2R.jpg,1,1,1,согласие
1973_05,4,1973/05/IMG_0055_1L.jpg,0,1,0,убранный шум
1973_05,54,1973/05/IMG_0080_1L.jpg,1,1,1,согласие
1973_05,55,1973/05/IMG_0080_2R.jpg,1,1,1,согласие
1973_05,67,1973/05/IMG_0086_2R.jpg,1,1,1,согласие
1973_05,85,1973/05/IMG_0095_2R.jpg,1,0,0,оба не увидели
1973_05,89,1973/05/IMG_0097_2R.jpg,2,2,2,согласие
1973_05,90,1973/05/IMG_0098_1L.jpg,1,1,1,согласие
1973_06,3,1973/06/IMG_0104_2R.jpg,0,1,0,убранный шум
1973_06,4,1973/06/IMG_0105_1L.jpg,1,1,0,новый потерял
1973_06,18,1973/06/IMG_0112_1L.jpg,1,2,2,согласие
1973_06,29,1973/06/IMG_0117_2R.jpg,1,1,1,согласие
1973_06,71,1973/06/IMG_0138_2R.jpg,0,1,1,пропуск FineReader
1973_06,81,1973/06/IMG_0143_2R.jpg,2,2,2,согласие
1973_07,3,1973/07/IMG_0004_2R.jpg,0,1,0,убранный шум
1973_07,4,1973/07/IMG_0005_1L.jpg,0,1,0,убранный шум
1973_07,30,1973/07/IMG_0018_1L.jpg,2,2,2,согласие
1973_07,31,1973/07/IMG_0018_2R.jpg,1,1,1,согласие
1973_07,32,1973/07/IMG_0019_1L.jpg,1,1,1,согласие
1973_07,63,1973/07/IMG_0034_2R.jpg,1,1,1,согласие
1973_07,64,1973/07/IMG_0035_1L.jpg,1,0,0,оба не увидели
1973_07,65,1973/07/IMG_0035_2R.jpg,0,1,1,пропуск FineReader
1973_07,66,1973/07/IMG_0036_1L.jpg,0,2,0,убранный шум
1973_08,3,1973/08/IMG_0054_2R.jpg,1,1,0,новый потерял
1973_08,4,1973/08/IMG_0055_1L.jpg,0,1,0,убранный шум
1973_08,6,1973/08/IMG_0056_1L.jpg,1,1,1,согласие
1973_08,9,1973/08/IMG_0057_2R.jpg,1,1,1,согласие
1973_08,14,1973/08/IMG_0060_1L.jpg,1,1,1,согласие
1973_08,18,1973/08/IMG_0062_1L.jpg,1,0,0,оба не увидели
1973_08,19,1973/08/IMG_0062_2R.jpg,1,0,0,оба не увидели
1973_08,22,1973/08/IMG_0064_1L.jpg,1,0,0,оба не увидели
1973_08,23,1973/08/IMG_0064_2R.jpg,1,1,1,согласие
1973_08,24,1973/08/IMG_0065_1L.jpg,1,0,0,оба не увидели
1973_08,25,1973/08/IMG_0065_2R.jpg,1,1,1,согласие
1973_08,27,1973/08/IMG_0066_2R.jpg,1,1,1,согласие
1973_08,31,1973/08/IMG_0068_2R.jpg,2,2,2,согласие
1973_08,32,1973/08/IMG_0069_1L.jpg,1,1,1,согласие
1973_08,41,1973/08/IMG_0073_2R.jpg,1,1,1,согласие
1973_08,58,1973/08/IMG_0082_1L.jpg,1,1,1,согласие
1973_09,3,1973/09/IMG_0104_2R.jpg,1,1,0,новый потерял
1973_09,4,1973/09/IMG_0105_1L.jpg,1,1,0,новый потерял
1973_09,10,1973/09/IMG_0108_1L.jpg,1,1,1,согласие
1973_09,37,1973/09/IMG_0121_2R.jpg,1,1,1,согласие
1973_09,39,1973/09/IMG_0122_2R.jpg,0,1,1,пропуск FineReader
1973_09,46,1973/09/IMG_0126_1L.jpg,1,1,1,согласие
1973_09,48,1973/09/IMG_0127_1L.jpg,1,1,1,согласие
1973_09,51,1973/09/IMG_0128_2R.jpg,2,3,3,согласие
1973_09,65,1973/09/IMG_0135_2R.jpg,1,1,1,согласие
1973_10,3,1973/10/IMG_0159_2R.jpg,1,1,1,согласие
1973_10,4,1973/10/IMG_0160_1L.jpg,0,1,0,убранный шум
1973_10,6,1973/10/IMG_0161_1L.jpg,1,1,1,согласие
1973_10,11,1973/10/IMG_0163_2R.jpg,0,1,1,пропуск FineReader
1973_10,12,1973/10/IMG_0164_1L.jpg,1,1,1,согласие
1973_10,27,1973/10/IMG_0171_2R.jpg,0,1,1,пропуск FineReader
1973_10,45,1973/10/IMG_0180_2R.jpg,1,1,1,согласие
1973_10,48,1973/10/IMG_0182_1L.jpg,1,1,1,согласие
1973_10,50,1973/10/IMG_0183_1L.jpg,0,1,1,пропуск FineReader
1973_10,51,1973/10/IMG_0183_2R.jpg,1,0,0,оба не увидели
1973_10,62,1973/10/IMG_0189_1L.jpg,1,1,1,согласие
1973_10,71,1973/10/IMG_0193_2R.jpg,1,1,1,согласие
1973_11,3,1973/11/IMG_0209_2R.jpg,0,1,1,пропуск FineReader
1973_11,4,1973/11/IMG_0210_1L.jpg,0,1,0,убранный шум
1973_11,41,1973/11/IMG_0228_2R.jpg,1,1,1,согласие
1973_11,47,1973/11/IMG_0231_2R.jpg,1,0,0,оба не увидели
1973_11,52,1973/11/IMG_0234_1L.jpg,1,1,1,согласие
1973_11,53,1973/11/IMG_0234_2R.jpg,1,1,1,согласие
1973_11,67,1973/11/IMG_0241_2R.jpg,1,1,1,согласие
1973_11,73,1973/11/IMG_0244_2R.jpg,1,0,0,оба не увидели
1973_11,80,1973/11/IMG_0248_1L.jpg,0,1,1,пропуск FineReader
1973_11,82,1973/11/IMG_0249_1L.jpg,0,1,1,пропуск FineReader
1973_11,83,1973/11/IMG_0249_2R.jpg,1,1,1,согласие
1973_11,84,1973/11/IMG_0250_1L.jpg,1,1,1,согласие
1973_12,3,1973/12/IMG_0259_2R.jpg,1,1,0,новый потерял
1973_12,4,1973/12/IMG_0260_1L.jpg,0,1,0,убранный шум
1973_12,82,1973/12/IMG_0299_1L.jpg,1,1,1,согласие
1973_12,83,1973/12/IMG_0299_2R.jpg,1,1,1,согласие
1973_12,84,1973/12/IMG_0300_1L.jpg,1,1,1,согласие
1973_12,85,1973/12/IMG_0300_2R.jpg,1,1,1,согласие
1973_12,86,1973/12/IMG_0301_1L.jpg,2,1,1,согласие
1973_12,87,1973/12/IMG_0301_2R.jpg,1,1,1,согласие
1973_12,88,1973/12/IMG_0302_1L.jpg,1,1,1,согласие
1973_12,89,1973/12/IMG_0302_2R.jpg,1,1,1,согласие
1973_12,90,1973/12/IMG_0303_1L.jpg,1,1,1,согласие
1973_12,91,1973/12/IMG_0303_2R.jpg,1,1,1,согласие
1973_12,92,1973/12/IMG_0304_1L.jpg,1,0,0,оба не увидели
1973_12,94,1973/12/IMG_0305_1L.jpg,3,0,0,оба не увидели
1973_12,96,1973/12/IMG_0306_1L.jpg,1,0,0,оба не увидели
1973_12,97,1973/12/IMG_0306_2R.jpg,1,0,0,оба не увидели
1974_01,3,1974/01/IMG_0004_2R.jpg,1,1,0,новый потерял
1974_01,4,1974/01/IMG_0005_1_1L.jpg,0,1,0,убранный шум
1974_01,36,1974/01/IMG_0021_1L.jpg,0,1,1,пропуск FineReader
1974_01,37,1974/01/IMG_0021_2R.jpg,1,1,0,новый потерял
1974_01,65,1974/01/IMG_0035_2R.jpg,0,1,1,пропуск FineReader
1974_01,68,1974/01/IMG_0037_1L.jpg,1,1,1,согласие
1974_01,89,1974/01/IMG_0047_2R.jpg,1,1,1,согласие
1974_02,3,1974/02/IMG_0054_2R.jpg,0,1,1,пропуск FineReader
1974_02,4,1974/02/IMG_0055_1L.jpg,0,1,0,убранный шум
1974_02,28,1974/02/IMG_0067_1L.jpg,1,1,1,согласие
1974_02,38,1974/02/IMG_0072_1L.jpg,1,1,1,согласие
1974_02,65,1974/02/IMG_0085_2R.jpg,1,1,1,согласие
1974_02,92,1974/02/IMG_0099_1L.jpg,1,1,1,согласие
1974_02,96,1974/02/IMG_0101_1L.jpg,0,1,1,пропуск FineReader
1974_03,3,1974/03/IMG_0104_2R.jpg,1,1,1,согласие
1974_03,4,1974/03/IMG_0105_1L.jpg,0,1,0,убранный шум
1974_03,55,1974/03/IMG_0130_2R.jpg,2,2,2,согласие
1974_03,57,1974/03/IMG_0131_2R.jpg,1,1,1,согласие
1974_03,60,1974/03/IMG_0133_1L.jpg,1,1,1,согласие
1974_03,61,1974/03/IMG_0133_2R.jpg,1,1,1,согласие
1974_03,79,1974/03/IMG_0142_2R.jpg,0,1,1,пропуск FineReader
1974_03,80,1974/03/IMG_0143_1L.jpg,0,1,0,убранный шум
1974_03,89,1974/03/IMG_0147_2R.jpg,0,1,1,пропуск FineReader
1974_04,3,1974/04/IMG_0004_2R.jpg,0,1,0,убранный шум
1974_04,4,1974/04/IMG_0005_1L.jpg,0,1,0,убранный шум
1974_04,62,1974/04/IMG_0034_1L.jpg,2,0,0,оба не увидели
1974_04,63,1974/04/IMG_0034_2R.jpg,0,1,1,пропуск FineReader
1974_04,69,1974/04/IMG_0037_2R.jpg,1,1,1,согласие
1974_04,70,1974/04/IMG_0038_1L.jpg,1,1,1,согласие
1974_04,72,1974/04/IMG_0039_1L.jpg,0,1,1,пропуск FineReader
1974_04,73,1974/04/IMG_0039_2R.jpg,0,1,1,пропуск FineReader
1974_04,74,1974/04/IMG_0040_1L.jpg,1,1,1,согласие
1974_04,75,1974/04/IMG_0040_2R.jpg,1,1,1,согласие
1974_04,97,1974/04/IMG_0051_2R.jpg,0,1,0,убранный шум
1974_05,3,1974/05/IMG_0054_2R.jpg,0,1,1,пропуск FineReader
1974_05,4,1974/05/IMG_0055_1L.jpg,0,1,0,убранный шум
1974_05,39,1974/05/IMG_0072_2R.jpg,1,1,1,согласие
1974_05,49,1974/05/IMG_0077_2R.jpg,2,1,1,согласие
1974_05,50,1974/05/IMG_0078_1L.jpg,1,1,1,согласие
1974_05,51,1974/05/IMG_0078_2R.jpg,2,1,1,согласие
1974_05,52,1974/05/IMG_0079_1L.jpg,1,1,1,согласие
1974_05,55,1974/05/IMG_0080_2R.jpg,1,1,1,согласие
1974_05,68,1974/05/IMG_0087_1L.jpg,0,1,0,убранный шум
1974_05,69,1974/05/IMG_0087_2R.jpg,1,1,1,согласие
1974_05,74,1974/05/IMG_0090_1L.jpg,1,1,1,согласие
1974_06,3,1974/06/IMG_0104_2R.jpg,1,1,1,согласие
1974_06,4,1974/06/IMG_0105_1L.jpg,0,1,0,убранный шум
1974_06,24,1974/06/IMG_0115_1L.jpg,0,1,1,пропуск FineReader
1974_06,25,1974/06/IMG_0115_2R.jpg,1,0,0,оба не увидели
1974_06,29,1974/06/IMG_0117_2R.jpg,1,0,0,оба не увидели
1974_06,73,1974/06/IMG_0139_2R.jpg,1,1,1,согласие
1974_06,97,1974/06/IMG_0151_2R.jpg,1,1,1,согласие
1974_07,3,1974/07/IMG_0004_2R.jpg,1,1,0,новый потерял
1974_07,4,1974/07/IMG_0005_1L.jpg,0,1,0,убранный шум
1974_07,12,1974/07/IMG_0009_1L.jpg,1,0,0,оба не увидели
1974_07,13,1974/07/IMG_0009_2R.jpg,1,0,0,оба не увидели
1974_07,14,1974/07/IMG_0010_1L.jpg,1,0,0,оба не увидели
1974_07,16,1974/07/IMG_0011_1L.jpg,1,0,0,оба не увидели
1974_07,26,1974/07/IMG_0016_1L.jpg,1,1,1,согласие
1974_07,29,1974/07/IMG_0017_2R.jpg,1,1,1,согласие
1974_07,67,1974/07/IMG_0036_2R.jpg,0,1,1,пропуск FineReader
1974_07,96,1974/07/IMG_0051_1L.jpg,1,1,1,согласие
1974_08,3,1974/08/IMG_0054_2R.jpg,0,1,0,убранный шум
1974_08,4,1974/08/IMG_0055_1L.jpg,0,1,0,убранный шум
1974_08,27,1974/08/IMG_0066_2R.jpg,1,1,1,согласие
1974_08,58,1974/08/IMG_0082_1L.jpg,1,1,1,согласие
1974_08,96,1974/08/IMG_0101_1L.jpg,1,1,1,согласие
1974_09,3,1974/09/IMG_0104_2R.jpg,0,1,0,убранный шум
1974_09,4,1974/09/IMG_0105_1L.jpg,0,1,0,убранный шум
1974_09,21,1974/09/IMG_0113_2R.jpg,1,1,1,согласие
1974_09,22,1974/09/IMG_0114_1L.jpg,1,1,1,согласие
1974_09,45,1974/09/IMG_0125_2R.jpg,1,1,1,согласие
1974_10,3,1974/10/IMG_0004_2R.jpg,0,1,1,пропуск FineReader
1974_10,4,1974/10/IMG_0005_1L.jpg,0,1,0,убранный шум
1974_10,31,1974/10/IMG_0017_2R.jpg,1,1,1,согласие
1974_10,54,1974/10/IMG_0029_1L.jpg,0,2,0,убранный шум
1974_10,56,1974/10/IMG_0030_1L.jpg,0,1,1,пропуск FineReader
1974_10,67,1974/10/IMG_0035_2R.jpg,1,1,1,согласие
1974_10,92,1974/10/IMG_0048_1L.jpg,2,1,1,согласие
1974_10,96,1974/10/IMG_0050_1L.jpg,1,1,1,согласие
1974_10,97,1974/10/IMG_0050_2R.jpg,0,1,0,убранный шум
1974_11,3,1974/11/IMG_0053_2R.jpg,0,1,0,убранный шум
1974_11,4,1974/11/IMG_0054_1L.jpg,0,1,0,убранный шум
1974_11,17,1974/11/IMG_0060_2R.jpg,2,2,2,согласие
1974_11,18,1974/11/IMG_0061_1L.jpg,1,1,1,согласие
1974_11,48,1974/11/IMG_0076_1L.jpg,0,1,1,пропуск FineReader
1974_11,50,1974/11/IMG_0077_1L.jpg,1,1,1,согласие
1974_11,66,1974/11/IMG_0085_1L.jpg,1,1,1,согласие
1974_12,3,1974/12/IMG_0103_2R.jpg,0,1,0,убранный шум
1974_12,4,1974/12/IMG_0104_1L.jpg,0,1,0,убранный шум
1974_12,30,1974/12/IMG_0117_1L.jpg,1,1,1,согласие
1974_12,31,1974/12/IMG_0117_2R.jpg,1,1,1,согласие
1974_12,34,1974/12/IMG_0119_1L.jpg,0,1,1,пропуск FineReader
1974_12,38,1974/12/IMG_0121_1L.jpg,0,2,1,пропуск FineReader
1974_12,40,1974/12/IMG_0122_1L.jpg,0,2,1,пропуск FineReader
1974_12,41,1974/12/IMG_0122_2R.jpg,1,1,1,согласие
1974_12,42,1974/12/IMG_0123_1L.jpg,0,2,1,пропуск FineReader
1974_12,45,1974/12/IMG_0124_2R.jpg,1,1,1,согласие
1974_12,46,1974/12/IMG_0125_1L.jpg,1,1,1,согласие
1974_12,49,1974/12/IMG_0126_2R.jpg,1,1,1,согласие
1974_12,50,1974/12/IMG_0127_1L.jpg,1,1,1,согласие
1974_12,58,1974/12/IMG_0131_1L.jpg,0,1,0,убранный шум
1974_12,69,1974/12/IMG_0136_2R.jpg,0,1,0,убранный шум
1975_01,3,1975/01/IMG_0004_2R.jpg,1,1,0,новый потерял
1975_01,4,1975/01/IMG_0005_1L.jpg,0,1,0,убранный шум
1975_01,15,1975/01/IMG_0010_2R.jpg,1,1,1,согласие
1975_01,42,1975/01/IMG_0024_1L.jpg,1,0,0,оба не увидели
1975_01,43,1975/01/IMG_0024_2R.jpg,1,1,1,согласие
1975_01,45,1975/01/IMG_0025_2R.jpg,1,1,1,согласие
1975_01,47,1975/01/IMG_0026_2R.jpg,1,1,1,согласие
1975_01,72,1975/01/IMG_0039_1L.jpg,1,1,1,согласие
1975_01,75,1975/01/IMG_0040_2R.jpg,1,1,1,согласие
1975_01,80,1975/01/IMG_0043_1L.jpg,0,1,0,убранный шум
1975_02,3,1975/02/IMG_0053_2R.jpg,0,1,0,убранный шум
1975_02,4,1975/02/IMG_0054_1L.jpg,1,1,0,новый потерял
1975_02,32,1975/02/IMG_0068_1L.jpg,1,1,1,согласие
1975_02,33,1975/02/IMG_0068_2R.jpg,1,1,1,согласие
1975_02,35,1975/02/IMG_0069_2R.jpg,1,1,1,согласие
1975_02,37,1975/02/IMG_0070_2R.jpg,1,1,1,согласие
1975_02,42,1975/02/IMG_0073_1L.jpg,0,2,0,убранный шум
1975_02,46,1975/02/IMG_0075_1L.jpg,1,0,0,оба не увидели
1975_02,53,1975/02/IMG_0078_2R.jpg,0,1,0,убранный шум
1975_02,65,1975/02/IMG_0084_2R.jpg,1,0,0,оба не увидели
1975_02,66,1975/02/IMG_0085_1L.jpg,2,1,1,согласие
1975_02,67,1975/02/IMG_0085_2R.jpg,3,2,2,согласие
1975_02,93,1975/02/IMG_0098_2R.jpg,1,1,1,согласие
1975_03,3,1975/03/IMG_0103_2R.jpg,1,1,1,согласие
1975_03,4,1975/03/IMG_0104_1L.jpg,0,1,0,убранный шум
1975_03,80,1975/03/IMG_0142_1L.jpg,1,1,1,согласие
1975_03,81,1975/03/IMG_0142_2R.jpg,1,1,1,согласие
1975_04,3,1975/04/IMG_0004_2R.jpg,1,1,0,новый потерял
1975_04,4,1975/04/IMG_0005_1L.jpg,0,1,1,пропуск FineReader
1975_04,85,1975/04/IMG_0045_2R.jpg,1,1,1,согласие
1975_04,98,1975/04/IMG_0052_1L.jpg,0,1,0,убранный шум
1975_05,3,1975/05/IMG_0054_2R.jpg,1,1,0,новый потерял
1975_05,4,1975/05/IMG_0055_1L.jpg,0,1,0,убранный шум
1975_05,21,1975/05/IMG_0063_2R.jpg,1,1,1,согласие
1975_05,85,1975/05/IMG_0095_2R.jpg,3,2,2,согласие
1975_05,86,1975/05/IMG_0096_1L.jpg,2,2,2,согласие
1975_05,87,1975/05/IMG_0096_2R.jpg,1,1,1,согласие
1975_05,88,1975/05/IMG_0097_1L.jpg,1,2,0,новый потерял
1975_06,3,1975/06/IMG_0104_2R.jpg,0,1,1,пропуск FineReader
1975_06,4,1975/06/IMG_0105_1L.jpg,0,1,0,убранный шум
1975_06,17,1975/06/IMG_0111_2R.jpg,0,1,1,пропуск FineReader
1975_06,18,1975/06/IMG_0112_1L.jpg,1,1,1,согласие
1975_06,20,1975/06/IMG_0113_1L.jpg,1,1,1,согласие
1975_06,51,1975/06/IMG_0128_2R.jpg,1,1,1,согласие
1975_06,67,1975/06/IMG_0136_2R.jpg,1,2,2,согласие
1975_06,71,1975/06/IMG_0138_2R.jpg,2,2,2,согласие
1975_07,3,1975/07/IMG_0004_2R.jpg,0,1,0,убранный шум
1975_07,4,1975/07/IMG_0005_1L.jpg,1,1,0,новый потерял
1975_07,7,1975/07/IMG_0006_2R.jpg,1,1,1,согласие
1975_07,8,1975/07/IMG_0007_1L.jpg,1,1,1,согласие
1975_07,9,1975/07/IMG_0007_2R.jpg,1,1,1,согласие
1975_07,35,1975/07/IMG_0020_2R.jpg,1,1,1,согласие
1975_07,42,1975/07/IMG_0024_1L.jpg,1,1,1,согласие
1975_07,44,1975/07/IMG_0025_1L.jpg,1,1,1,согласие
1975_07,45,1975/07/IMG_0025_2R.jpg,1,0,0,оба не увидели
1975_07,50,1975/07/IMG_0028_1L.jpg,1,1,1,согласие
1975_07,55,1975/07/IMG_0030_2R.jpg,1,1,1,согласие
1975_07,59,1975/07/IMG_0033_2R.jpg,0,1,1,пропуск FineReader
1975_07,64,1975/07/IMG_0036_1L.jpg,0,1,0,убранный шум
1975_07,69,1975/07/IMG_0038_2R.jpg,1,1,1,согласие
1975_07,72,1975/07/IMG_0040_1L.jpg,1,1,1,согласие
1975_07,96,1975/07/IMG_0052_1L.jpg,1,0,0,оба не увидели
1975_08,3,1975/08/IMG_0055_2R.jpg,0,1,1,пропуск FineReader
1975_08,4,1975/08/IMG_0056_1L.jpg,0,1,0,убранный шум
1975_08,39,1975/08/IMG_0073_2R.jpg,1,1,1,согласие
1975_08,41,1975/08/IMG_0074_2R.jpg,2,2,2,согласие
1975_08,42,1975/08/IMG_0075_1L.jpg,1,1,1,согласие
1975_08,45,1975/08/IMG_0076_2R.jpg,0,1,1,пропуск FineReader
1975_08,52,1975/08/IMG_0080_1L.jpg,1,1,1,согласие
1975_09,3,1975/09/IMG_0105_2R.jpg,0,1,0,убранный шум
1975_09,4,1975/09/IMG_0106_1L.jpg,0,1,0,убранный шум
1975_09,11,1975/09/IMG_0109_2R.jpg,1,1,1,согласие
1975_09,51,1975/09/IMG_0129_2R.jpg,1,1,1,согласие
1975_09,62,1975/09/IMG_0135_1L.jpg,1,1,1,согласие
1975_10,3,1975/10/IMG_0004_2R.jpg,1,1,0,новый потерял
1975_10,4,1975/10/IMG_0005_1L.jpg,0,1,1,пропуск FineReader
1975_10,32,1975/10/IMG_0019_1L.jpg,1,1,1,согласие
1975_10,59,1975/10/IMG_0032_2R.jpg,1,0,0,оба не увидели
1975_10,60,1975/10/IMG_0033_1L.jpg,2,1,1,согласие
1975_10,63,1975/10/IMG_0034_2R.jpg,1,1,1,согласие
1975_11,3,1975/11/IMG_0054_2R.jpg,0,1,0,убранный шум
1975_11,4,1975/11/IMG_0055_1L.jpg,0,1,0,убранный шум
1975_11,27,1975/11/IMG_0066_2R.jpg,1,1,1,согласие
1975_11,36,1975/11/IMG_0071_1L.jpg,1,1,1,согласие
1975_11,68,1975/11/IMG_0087_1L.jpg,0,1,1,пропуск FineReader
1975_11,69,1975/11/IMG_0087_2R.jpg,0,1,1,пропуск FineReader
1975_11,70,1975/11/IMG_0088_1L.jpg,1,1,1,согласие
1975_11,72,1975/11/IMG_0089_1L.jpg,0,1,1,пропуск FineReader
1975_11,73,1975/11/IMG_0089_2R.jpg,1,1,1,согласие
1975_11,75,1975/11/IMG_0090_2R.jpg,1,1,1,согласие
1975_11,97,1975/11/IMG_0101_2R.jpg,2,2,2,согласие
1975_11,98,1975/11/IMG_0102_1L.jpg,0,1,0,убранный шум
1975_12,3,1975/12/IMG_0104_2R.jpg,0,1,0,убранный шум
1975_12,4,1975/12/IMG_0105_1L.jpg,1,1,0,новый потерял
1975_12,36,1975/12/IMG_0121_1L.jpg,1,1,1,согласие
1975_12,91,1975/12/IMG_0148_2R.jpg,1,1,1,согласие
1976_01,3,1976/01/IMG_0004_2R.jpg,0,1,1,пропуск FineReader
1976_01,4,1976/01/IMG_0005_1L.jpg,0,1,0,убранный шум
1976_01,24,1976/01/IMG_0015_1L.jpg,1,1,1,согласие
1976_01,73,1976/01/IMG_0039_2R.jpg,1,1,1,согласие
1976_02,2,1976/02/IMG_0054_1L.jpg,1,0,0,оба не увидели
1976_02,3,1976/02/IMG_0054_2R.jpg,0,1,0,убранный шум
1976_02,4,1976/02/IMG_0055_1L.jpg,0,1,1,пропуск FineReader
1976_02,32,1976/02/IMG_0069_1L.jpg,0,1,0,убранный шум
1976_02,33,1976/02/IMG_0069_2R.jpg,1,1,1,согласие
1976_03,3,1976/03/IMG_0104_2R.jpg,0,1,0,убранный шум
1976_03,4,1976/03/IMG_0105_1L.jpg,0,1,0,убранный шум
1976_03,32,1976/03/IMG_0119_1L.jpg,0,1,1,пропуск FineReader
1976_03,33,1976/03/IMG_0119_2R.jpg,1,0,0,оба не увидели
1976_04,3,1976/04/IMG_0004_2R.jpg,0,1,1,пропуск FineReader
1976_04,4,1976/04/IMG_0005_1L.jpg,0,1,0,убранный шум
1976_04,35,1976/04/IMG_0020_2R.jpg,1,1,1,согласие
1976_04,36,1976/04/IMG_0021_1L.jpg,1,1,1,согласие
1976_04,38,1976/04/IMG_0022_1L.jpg,1,1,1,согласие
1976_04,66,1976/04/IMG_0036_1L.jpg,0,1,1,пропуск FineReader
1976_04,67,1976/04/IMG_0036_2R.jpg,2,2,2,согласие
1976_04,68,1976/04/IMG_0037_1L.jpg,1,1,1,согласие
1976_04,69,1976/04/IMG_0037_2R.jpg,2,1,1,согласие
1976_04,70,1976/04/IMG_0038_1L.jpg,1,1,1,согласие
1976_04,71,1976/04/IMG_0038_2R.jpg,1,1,1,согласие
1976_04,72,1976/04/IMG_0039_1L.jpg,1,1,1,согласие
1976_05,3,1976/05/IMG_0054_2R.jpg,0,1,1,пропуск FineReader
1976_05,4,1976/05/IMG_0055_1L.jpg,0,1,0,убранный шум
1976_05,22,1976/05/IMG_0064_1L.jpg,1,1,1,согласие
1976_05,32,1976/05/IMG_0069_1L.jpg,1,1,1,согласие
1976_05,37,1976/05/IMG_0071_2R.jpg,1,1,1,согласие
1976_05,46,1976/05/IMG_0076_1L.jpg,2,2,2,согласие
1976_05,66,1976/05/IMG_0086_1L.jpg,0,1,1,пропуск FineReader
1976_05,74,1976/05/IMG_0090_1L.jpg,1,1,1,согласие
1976_06,3,1976/06/IMG_0104_2R.jpg,0,1,0,убранный шум
1976_06,4,1976/06/IMG_0105_1L.jpg,1,1,0,новый потерял
1976_06,41,1976/06/IMG_0123_2R.jpg,0,1,1,пропуск FineReader
1976_06,42,1976/06/IMG_0124_1L.jpg,1,1,1,согласие
1976_06,85,1976/06/IMG_0145_2R.jpg,1,1,1,согласие
1976_07,3,1976/07/IMG_0004_2R.jpg,0,1,1,пропуск FineReader
1976_07,4,1976/07/IMG_0005_1L.jpg,0,1,0,убранный шум
1976_07,20,1976/07/IMG_0013_1L.jpg,1,0,0,оба не увидели
1976_07,43,1976/07/IMG_0024_2R.jpg,1,0,0,оба не увидели
1976_07,72,1976/07/IMG_0039_1L.jpg,1,1,1,согласие
1976_07,73,1976/07/IMG_0039_2R.jpg,1,1,1,согласие
1976_07,74,1976/07/IMG_0040_1L.jpg,2,2,2,согласие
1976_07,75,1976/07/IMG_0040_2R.jpg,1,1,1,согласие
1976_08,3,1976/08/IMG_0054_2R.jpg,0,1,1,пропуск FineReader
1976_08,4,1976/08/IMG_0055_1L.jpg,0,1,0,убранный шум
1976_08,8,1976/08/IMG_0057_1L.jpg,1,1,1,согласие
1976_08,28,1976/08/IMG_0067_1L.jpg,1,1,1,согласие
1976_08,30,1976/08/IMG_0068_1L.jpg,0,1,1,пропуск FineReader
1976_08,40,1976/08/IMG_0073_1L.jpg,0,1,1,пропуск FineReader
1976_08,41,1976/08/IMG_0073_2R.jpg,1,1,1,согласие
1976_08,67,1976/08/IMG_0086_2R.jpg,2,2,2,согласие
1976_08,68,1976/08/IMG_0087_1L.jpg,0,1,1,пропуск FineReader
1976_08,70,1976/08/IMG_0088_1L.jpg,1,1,1,согласие
1976_08,75,1976/08/IMG_0090_2R.jpg,1,1,1,согласие
1976_08,78,1976/08/IMG_0092_1L.jpg,1,1,1,согласие
1976_09,3,1976/09/IMG_0104_2R.jpg,1,1,0,новый потерял
1976_09,4,1976/09/IMG_0105_1L.jpg,0,1,0,убранный шум
1976_09,8,1976/09/IMG_0107_1L.jpg,1,1,1,согласие
1976_09,12,1976/09/IMG_0109_1L.jpg,0,1,1,пропуск FineReader
1976_09,15,1976/09/IMG_0110_2R.jpg,1,0,0,оба не увидели
1976_10,3,1976/10/0040_2R.jpg,0,1,1,пропуск FineReader
1976_10,4,1976/10/0050_1L.jpg,0,1,0,убранный шум
1976_10,7,1976/10/0070_2R.jpg,1,1,1,согласие
1976_10,13,1976/10/0100_2R.jpg,0,1,0,убранный шум
1976_10,31,1976/10/0190_2R.jpg,1,1,1,согласие
1976_10,62,1976/10/0350_1L.jpg,1,1,1,согласие
1976_10,63,1976/10/0350_2R.jpg,1,1,1,согласие
1976_10,74,1976/10/0410_1L.jpg,1,1,1,согласие
1976_10,77,1976/10/0420_2R.jpg,1,1,1,согласие
1976_10,79,1976/10/0430_2R.jpg,1,1,1,согласие
1976_11,3,1976/11/0020_2R.jpg,0,1,1,пропуск FineReader
1976_11,4,1976/11/0030_1L.jpg,0,1,0,убранный шум
1976_11,38,1976/11/0200_1L.jpg,1,1,1,согласие
1976_11,39,1976/11/0200_2R.jpg,1,1,1,согласие
1976_11,55,1976/11/0280_2R.jpg,0,1,1,пропуск FineReader
1976_11,70,1976/11/0360_1L.jpg,1,1,1,согласие
1976_11,72,1976/11/0370_1L.jpg,1,1,1,согласие
1976_11,74,1976/11/0380_1L.jpg,1,2,0,новый потерял
1976_11,75,1976/11/0380_2R.jpg,0,1,0,убранный шум
1976_11,76,1976/11/0390_1L.jpg,0,1,0,убранный шум
1976_11,77,1976/11/0390_2R.jpg,1,1,1,согласие
1976_12,3,1976/12/0020_2R.jpg,0,1,1,пропуск FineReader
1976_12,4,1976/12/0030_1L.jpg,1,1,0,новый потерял
1976_12,23,1976/12/0120_2R.jpg,1,1,1,согласие
1976_12,24,1976/12/0130_1L.jpg,1,1,1,согласие
1976_12,25,1976/12/0130_2R.jpg,1,2,2,согласие
1976_12,26,1976/12/0140_1L.jpg,1,1,1,согласие
1976_12,27,1976/12/0140_2R.jpg,1,2,2,согласие
1976_12,30,1976/12/0160_1L.jpg,0,1,1,пропуск FineReader
1976_12,31,1976/12/0160_2R.jpg,0,1,1,пропуск FineReader
1976_12,56,1976/12/0290_1L.jpg,1,1,1,согласие
1976_12,58,1976/12/0300_1L.jpg,2,1,1,согласие
1976_12,67,1976/12/0340_2R.jpg,1,1,1,согласие
