page,stratum
1966/02/IMG_0078_1L,inline_frac_only
1966/03/IMG_0144_1L,both
1966/04/IMG_0016_1L,inline_frac_only
1966/05/0360_2R,both
1966/06/IMG_0149_1L,both
1967/01/IMG_0015_2R,deepseek_only
1967/02/IMG_0098_1L,both
1967/04/IMG_0014_2R,deepseek_only
1967/04/IMG_0031_1L,inline_frac_only
1967/05/IMG_0091_2R,inline_frac_only
1967/06/IMG_0121_1L,deepseek_only
1967/07/IMG_0043_1L,both
1967/08/IMG_0065_1L,no_signal
1967/09/IMG_0135_1L,no_signal
1967/10/IMG_0022_1L,surya_only
1967/12/IMG_0113_1L,no_signal
1968/03/IMG_0113_2R,deepseek_only
1968/05/IMG_0059_1L,no_signal
1968/06/IMG_0137_1L,no_signal
1968/07/IMG_0006_2R,no_signal
1968/07/IMG_0018_1L,both
1968/11/IMG_0093_2R,no_signal
1969/01/IMG_0011_2R,deepseek_only
1969/02/IMG_0059_2R,no_signal
1969/02/IMG_0076_1L,inline_frac_only
1969/07/IMG_0026_2R,no_signal
1969/08/IMG_0077_2R,no_signal
1969/11/IMG_0061_1L,both
1970/01/IMG_0014_2R,both
1970/05/IMG_0085_2R,no_signal
1970/05/IMG_0088_2R,both
1970/06/IMG_0119_2R,inline_frac_only
1970/10/IMG_0037_1L,inline_frac_only
1970/11/IMG_0063_2R,no_signal
1970/11/IMG_0085_2R,deepseek_only
1970/11/IMG_0086_2R,inline_frac_only
1970/11/IMG_0087_1L,deepseek_only
1971/01/IMG_0036_1L,surya_only
1971/04/IMG_0012_1L,inline_frac_only
1971/05/IMG_0087_1L,both
1971/05/IMG_0094_1L,surya_only
1971/06/IMG_0144_2R,both
1971/06/IMG_0145_1L,both
1971/08/IMG_0056_1L,inline_frac_only
1971/08/IMG_0066_1L,both
1971/08/IMG_0090_2R,deepseek_only
1971/08/IMG_0097_1L,inline_frac_only
1971/10/IMG_0048_1L,no_signal
1971/11/IMG_0053_2R,deepseek_only
1971/12/IMG_0108_2R,inline_frac_only
1971/12/IMG_0141_2R,deepseek_only
1972/04/IMG_0016_1L,no_signal
1972/07/IMG_0018_1L,both
1972/08/IMG_0064_2R,both
1972/10/IMG_0010_2R,inline_frac_only
1972/10/IMG_0022_1L,deepseek_only
1972/10/IMG_0022_2R,deepseek_only
1972/11/IMG_0068_2R,both
1972/11/IMG_0069_2R,both
1972/11/IMG_0078_1L,no_signal
1973/01/IMG_0031_2R,both
1973/02/IMG_0093_1L,no_signal
1973/04/IMG_0005_2R,inline_frac_only
1973/04/IMG_0006_1L,inline_frac_only
1973/04/IMG_0011_1L,no_signal
1973/04/IMG_0028_2R,both
1973/04/IMG_0029_1L,both
1973/04/IMG_0030_2R,deepseek_only
1973/04/IMG_0031_1L,deepseek_only
1973/05/IMG_0094_1L,no_signal
1973/05/IMG_0096_2R,deepseek_only
1973/05/IMG_0097_1L,surya_only
1973/07/IMG_0041_1L,no_signal
1973/08/IMG_0061_2R,inline_frac_only
1974/02/IMG_0073_1L,surya_only
1974/03/IMG_0127_2R,inline_frac_only
1974/03/IMG_0137_1L,both
1974/03/IMG_0137_2R,both
1974/06/IMG_0114_2R,both
1974/06/IMG_0117_1L,deepseek_only
1974/06/IMG_0149_2R,no_signal
1974/08/IMG_0095_1L,both
1974/10/IMG_0027_2R,both
1975/01/IMG_0021_1L,both
1975/03/IMG_0103_1L,no_signal
1975/07/IMG_0032_2R,both
1975/08/IMG_0076_1L,deepseek_only
1975/09/IMG_0136_1L,inline_frac_only
1975/10/IMG_0043_1L,both
1976/02/IMG_0097_2R,no_signal
1976/04/IMG_0010_2R,both
1976/04/IMG_0039_1L,deepseek_only
1976/07/IMG_0029_2R,deepseek_only
1976/07/IMG_0039_1L,inline_frac_only
1976/07/IMG_0039_2R,deepseek_only
1976/08/IMG_0083_2R,no_signal
1976/09/IMG_0151_2R,no_signal
1976/11/0180_1L,both
1976/12/0130_1L,deepseek_only
1976/12/0340_2R,inline_frac_only
